replication_domains,sequence,direction,complementary,strand,percentage,sd,diff_strands,quants
ERD,AATT,Left Replicating,AATT,-,-0.556754694835681,0.0159795603758369,0,1
ERD,AATT,Left Replicating,AATT,+,-0.556754694835681,0.0159795603758369,0,1
ERD,AATT,Right Replicating,AATT,-,0.554207746478873,0.0151849099165174,0,1
ERD,AATT,Right Replicating,AATT,+,0.554207746478873,0.0151849099165174,0,1
ERD,ACCT,Left Replicating,AGGT,+,-0.430933098591549,0.0158288668252092,0.00659624413145543,58
ERD,ACCT,Right Replicating,AGGT,+,0.441138497652582,0.0128814828964654,0.00500586854460094,58
ERD,ACCT,Right Replicating,AGGT,-,0.436132629107981,0.0132420629530919,0.00500586854460094,58
ERD,ACCT,Left Replicating,AGGT,-,-0.437529342723005,0.0157948730434484,0.00659624413145543,58
ERD,ACGT,Left Replicating,ACGT,-,-0.0745950704225352,0.0059764810984822,0,2
ERD,ACGT,Left Replicating,ACGT,+,-0.0745950704225352,0.0059764810984822,0,2
ERD,ACGT,Right Replicating,ACGT,-,0.0734859154929577,0.0064864459220772,0,2
ERD,ACGT,Right Replicating,ACGT,+,0.0734859154929577,0.0064864459220772,0,2
ERD,ACTC,Left Replicating,GAGT,-,-0.384853286384977,0.0134830770274337,0.0148826291079812,76
ERD,ACTC,Right Replicating,GAGT,-,0.37580985915493,0.0149592611709713,0.0156103286384977,76
ERD,ACTC,Right Replicating,GAGT,+,0.391420187793427,0.0127566829400342,0.0156103286384977,76
ERD,ACTC,Left Replicating,GAGT,+,-0.369970657276995,0.0131930907273356,0.0148826291079812,76
ERD,ACTG,Right Replicating,CAGT,+,0.429201877934272,0.0144201213536346,0.00204812206572769,48
ERD,ACTG,Left Replicating,CAGT,+,-0.427071596244131,0.0138047822918553,0.00531103286384976,48
ERD,ACTG,Left Replicating,CAGT,-,-0.432382629107981,0.0140173862709763,0.00531103286384976,48
ERD,ACTG,Right Replicating,CAGT,-,0.427153755868545,0.013046781939399,0.00204812206572769,48
ERD,ACTT,Left Replicating,AAGT,+,-0.41299882629108,0.0121514987788871,0.000809859154929593,21
ERD,ACTT,Right Replicating,AAGT,+,0.412781690140845,0.0160985418176628,0.00165492957746477,21
ERD,ACTT,Right Replicating,AAGT,-,0.41443661971831,0.014120810565196,0.00165492957746477,21
ERD,ACTT,Left Replicating,AAGT,-,-0.41218896713615,0.0143438891525642,0.000809859154929593,21
ERD,AGCT,Right Replicating,AGCT,+,0.489923708920188,0.0165151588381875,0,3
ERD,AGCT,Left Replicating,AGCT,+,-0.487787558685446,0.0140176885641003,0,3
ERD,AGCT,Left Replicating,AGCT,-,-0.487787558685446,0.0140176885641003,0,3
ERD,AGCT,Right Replicating,AGCT,-,0.489923708920188,0.0165151588381875,0,3
ERD,AGTC,Left Replicating,GACT,+,-0.295281690140845,0.00958287589646057,0.00518779342723008,45
ERD,AGTC,Left Replicating,GACT,-,-0.290093896713615,0.0101807924493679,0.00518779342723008,45
ERD,AGTC,Right Replicating,GACT,+,0.294242957746479,0.0106818025457273,0.00275234741784036,45
ERD,AGTC,Right Replicating,GACT,-,0.291490610328638,0.0113328805466211,0.00275234741784036,45
ERD,AGTG,Right Replicating,CACT,+,0.501584507042254,0.017214530308821,0.0166138497652581,75
ERD,AGTG,Left Replicating,CACT,+,-0.510598591549296,0.0137086138844019,0.0137969483568075,75
ERD,AGTG,Left Replicating,CACT,-,-0.496801643192488,0.0170208489611149,0.0137969483568075,75
ERD,AGTG,Right Replicating,CACT,-,0.518198356807512,0.0173119650806642,0.0166138497652581,75
ERD,AGTT,Left Replicating,AACT,+,-0.36424882629108,0.0132870033944403,0.0223122065727699,95
ERD,AGTT,Left Replicating,AACT,-,-0.38656103286385,0.014975553326935,0.0223122065727699,95
ERD,AGTT,Right Replicating,AACT,+,0.38474765258216,0.0175853560844498,0.0154284037558686,95
ERD,AGTT,Right Replicating,AACT,-,0.369319248826291,0.012445625162185,0.0154284037558686,95
ERD,ATAT,Right Replicating,ATAT,+,0.434970657276995,0.0231612822985591,0,4
ERD,ATAT,Right Replicating,ATAT,-,0.434970657276995,0.0231612822985591,0,4
ERD,ATAT,Left Replicating,ATAT,+,-0.434530516431925,0.0234189520920829,0,4
ERD,ATAT,Left Replicating,ATAT,-,-0.434530516431925,0.0234189520920829,0,4
ERD,ATCC,Right Replicating,GGAT,-,0.336860328638498,0.012924862812464,0.00906103286384979,70
ERD,ATCC,Left Replicating,GGAT,-,-0.346731220657277,0.0135394924376735,0.0108978873239437,70
ERD,ATCC,Left Replicating,GGAT,+,-0.335833333333333,0.0138499465637065,0.0108978873239437,70
ERD,ATCC,Right Replicating,GGAT,+,0.345921361502347,0.0118434813685648,0.00906103286384979,70
ERD,ATCG,Right Replicating,CGAT,+,0.0664847417840376,0.00518641913383327,0.00309859154929577,42
ERD,ATCG,Right Replicating,CGAT,-,0.0633861502347418,0.00534850079713032,0.00309859154929577,42
ERD,ATCG,Left Replicating,CGAT,+,-0.0624647887323944,0.00518502362484909,0.00407863849765257,42
ERD,ATCG,Left Replicating,CGAT,-,-0.0665434272300469,0.00575470193998234,0.00407863849765257,42
ERD,ATCT,Right Replicating,AGAT,+,0.421901408450704,0.0156721156788181,0.00781103286384977,74
ERD,ATCT,Left Replicating,AGAT,+,-0.409794600938967,0.0126459198052076,0.0131572769953052,74
ERD,ATCT,Left Replicating,AGAT,-,-0.422951877934272,0.0117562080570874,0.0131572769953052,74
ERD,ATCT,Right Replicating,AGAT,-,0.414090375586854,0.0150215228998911,0.00781103286384977,74
ERD,ATGC,Left Replicating,GCAT,+,-0.290539906103286,0.0106339894306203,0.00798708920187791,63
ERD,ATGC,Right Replicating,GCAT,+,0.297863849765258,0.0103650147939485,0.00432511737089203,63
ERD,ATGC,Right Replicating,GCAT,-,0.293538732394366,0.0116843752958854,0.00432511737089203,63
ERD,ATGC,Left Replicating,GCAT,-,-0.298526995305164,0.0101654734373393,0.00798708920187791,63
ERD,ATGG,Right Replicating,CCAT,+,0.417406103286385,0.0138259533231682,0.00271126760563384,55
ERD,ATGG,Left Replicating,CCAT,+,-0.412382629107981,0.0140282100251203,0.0062676056338028,55
ERD,ATGG,Left Replicating,CCAT,-,-0.418650234741784,0.0127150594353475,0.0062676056338028,55
ERD,ATGG,Right Replicating,CCAT,-,0.414694835680751,0.0126403269934649,0.00271126760563384,55
ERD,ATGT,Left Replicating,ACAT,+,-0.384553990610329,0.0150360231656931,0.0204460093896713,89
ERD,ATGT,Right Replicating,ACAT,+,0.404642018779343,0.0161416419137272,0.0164260563380282,89
ERD,ATGT,Right Replicating,ACAT,-,0.388215962441315,0.014775279443502,0.0164260563380282,89
ERD,ATGT,Left Replicating,ACAT,-,-0.405,0.0147509944393951,0.0204460093896713,89
ERD,ATTA,Right Replicating,TAAT,+,0.447142018779343,0.0138087733537729,0.00278169014084506,49
ERD,ATTA,Right Replicating,TAAT,-,0.444360328638498,0.0150360962291519,0.00278169014084506,49
ERD,ATTA,Left Replicating,TAAT,+,-0.440645539906103,0.0163203771385303,0.0054342723004695,49
ERD,ATTA,Left Replicating,TAAT,-,-0.446079812206573,0.0167436993990871,0.0054342723004695,49
ERD,ATTC,Left Replicating,GAAT,-,-0.352734741784038,0.0126134525074722,0.0124237089201878,73
ERD,ATTC,Right Replicating,GAAT,-,0.359694835680751,0.0124932842628646,0.00622652582159622,73
ERD,ATTC,Right Replicating,GAAT,+,0.353468309859155,0.0146278954391714,0.00622652582159622,73
ERD,ATTC,Left Replicating,GAAT,+,-0.365158450704225,0.0112159066696196,0.0124237089201878,73
ERD,ATTG,Right Replicating,CAAT,-,0.329301643192488,0.0114760764873258,0.0125234741784038,85
ERD,ATTG,Right Replicating,CAAT,+,0.316778169014085,0.0124690621368904,0.0125234741784038,85
ERD,ATTG,Left Replicating,CAAT,-,-0.310422535211268,0.0120989906024792,0.0183802816901408,85
ERD,ATTG,Left Replicating,CAAT,+,-0.328802816901408,0.0120515548599956,0.0183802816901408,85
ERD,ATTT,Left Replicating,AAAT,+,-0.691120892018779,0.0209891909398516,0.0831690140845071,135
ERD,ATTT,Left Replicating,AAAT,-,-0.774289906103286,0.0259724002269459,0.0831690140845071,135
ERD,ATTT,Right Replicating,AAAT,+,0.766971830985915,0.0280312094478616,0.0711971830985916,135
ERD,ATTT,Right Replicating,AAAT,-,0.695774647887324,0.023570255632599,0.0711971830985916,135
ERD,CATC,Left Replicating,GATG,-,-0.332764084507042,0.0128529297892027,0.00715375586854461,61
ERD,CATC,Right Replicating,GATG,-,0.321789906103286,0.013277045098337,0.00764084507042251,61
ERD,CATC,Right Replicating,GATG,+,0.329430751173709,0.0129351340360374,0.00764084507042251,61
ERD,CATC,Left Replicating,GATG,+,-0.325610328638498,0.0118700262665985,0.00715375586854461,61
ERD,CATG,Left Replicating,CATG,+,-0.455058685446009,0.0150091627844065,0,5
ERD,CATG,Left Replicating,CATG,-,-0.455058685446009,0.0150091627844065,0,5
ERD,CATG,Right Replicating,CATG,+,0.465176056338028,0.0140555108508219,0,5
ERD,CATG,Right Replicating,CATG,-,0.465176056338028,0.0140555108508219,0,5
ERD,CATT,Left Replicating,AATG,-,-0.441338028169014,0.0145037540919282,0.0255399061032864,101
ERD,CATT,Right Replicating,AATG,-,0.41756455399061,0.0150664413778015,0.0178051643192488,101
ERD,CATT,Right Replicating,AATG,+,0.435369718309859,0.0163496132204644,0.0178051643192488,101
ERD,CATT,Left Replicating,AATG,+,-0.415798122065728,0.0139277543268027,0.0255399061032864,101
ERD,CCCC,Right Replicating,GGGG,-,0.413961267605634,0.0220396958673152,0.0215492957746479,68
ERD,CCCC,Left Replicating,GGGG,-,-0.444231220657277,0.02086098868619,0.010093896713615,68
ERD,CCCC,Left Replicating,GGGG,+,-0.434137323943662,0.0225086006180983,0.010093896713615,68
ERD,CCCC,Right Replicating,GGGG,+,0.435510563380282,0.0233376003913213,0.0215492957746479,68
ERD,CCCG,Left Replicating,CGGG,+,-0.198350938967136,0.0126170395403454,0.00129694835680752,26
ERD,CCCG,Right Replicating,CGGG,+,0.194102112676056,0.012407623267415,0.000780516431924894,26
ERD,CCCG,Right Replicating,CGGG,-,0.193321596244131,0.0118989199967964,0.000780516431924894,26
ERD,CCCG,Left Replicating,CGGG,-,-0.197053990610329,0.0117138832814149,0.00129694835680752,26
ERD,CCCT,Right Replicating,AGGG,+,0.44262323943662,0.020702028510912,0.00802816901408449,54
ERD,CCCT,Left Replicating,AGGG,+,-0.45174882629108,0.0181155297454685,0.00621478873239434,54
ERD,CCCT,Left Replicating,AGGG,-,-0.457963615023474,0.0192134910931061,0.00621478873239434,54
ERD,CCCT,Right Replicating,AGGG,-,0.450651408450704,0.0170867647765208,0.00802816901408449,54
ERD,CCGC,Left Replicating,GCGG,+,-0.154841549295775,0.0135650516999176,0.000974178403755882,22
ERD,CCGC,Left Replicating,GCGG,-,-0.153867370892019,0.0136185566941547,0.000974178403755882,22
ERD,CCGC,Right Replicating,GCGG,+,0.149518779342723,0.0128182118116625,0.000287558685445999,22
ERD,CCGC,Right Replicating,GCGG,-,0.149231220657277,0.00982776182726277,0.000287558685445999,22
ERD,CCGG,Right Replicating,CCGG,+,0.165516431924883,0.0106197593473591,0,6
ERD,CCGG,Left Replicating,CCGG,+,-0.169964788732394,0.0117257864398407,0,6
ERD,CCGG,Left Replicating,CCGG,-,-0.169964788732394,0.0117257864398407,0,6
ERD,CCGG,Right Replicating,CCGG,-,0.165516431924883,0.0106197593473591,0,6
ERD,CCGT,Left Replicating,ACGG,+,-0.0933978873239437,0.00707815328088141,0.00104460093896713,24
ERD,CCGT,Left Replicating,ACGG,-,-0.0923532863849765,0.00748501880150289,0.00104460093896713,24
ERD,CCGT,Right Replicating,ACGG,+,0.0899706572769953,0.00762573353607897,0.00134976525821595,24
ERD,CCGT,Right Replicating,ACGG,-,0.0913204225352113,0.0066955705967817,0.00134976525821595,24
ERD,CCTA,Right Replicating,TAGG,+,0.260680751173709,0.0121312550338818,0.0106338028169014,66
ERD,CCTA,Right Replicating,TAGG,-,0.250046948356808,0.0116703636092902,0.0106338028169014,66
ERD,CCTA,Left Replicating,TAGG,+,-0.252816901408451,0.0119585687987376,0.00906103286384979,66
ERD,CCTA,Left Replicating,TAGG,-,-0.2618779342723,0.0122641282442648,0.00906103286384979,66
ERD,CCTC,Right Replicating,GAGG,-,0.659465962441315,0.0254064142205617,0.0215727699530516,117
ERD,CCTC,Right Replicating,GAGG,+,0.637893192488263,0.025769537927172,0.0215727699530516,117
ERD,CCTC,Left Replicating,GAGG,-,-0.629149061032864,0.0260897590671029,0.0325645539906103,117
ERD,CCTC,Left Replicating,GAGG,+,-0.661713615023474,0.0219529556629742,0.0325645539906103,117
ERD,CCTG,Right Replicating,CAGG,+,0.756431924882629,0.0182411438605662,0.0023884976525822,34
ERD,CCTG,Right Replicating,CAGG,-,0.758820422535211,0.0182058987795672,0.0023884976525822,34
ERD,CCTG,Left Replicating,CAGG,+,-0.756367370892019,0.0178693380354425,0.00278169014084506,34
ERD,CCTG,Left Replicating,CAGG,-,-0.759149061032864,0.0157310021111019,0.00278169014084506,34
ERD,CCTT,Right Replicating,AAGG,+,0.441384976525822,0.0175515462427029,0.0244835680751174,111
ERD,CCTT,Right Replicating,AAGG,-,0.416901408450704,0.0143712030481075,0.0244835680751174,111
ERD,CCTT,Left Replicating,AAGG,+,-0.41881455399061,0.0158175433145533,0.0287852112676056,111
ERD,CCTT,Left Replicating,AAGG,-,-0.447599765258216,0.0175164427242326,0.0287852112676056,111
ERD,CGCC,Left Replicating,GGCG,-,-0.208174882629108,0.0137634397662165,0.00163145539906101,30
ERD,CGCC,Left Replicating,GGCG,+,-0.209806338028169,0.0135186738310232,0.00163145539906101,30
ERD,CGCC,Right Replicating,GGCG,+,0.205780516431925,0.0127552871970322,0.000610328638497665,30
ERD,CGCC,Right Replicating,GGCG,-,0.206390845070423,0.0110150510104551,0.000610328638497665,30
ERD,CGCG,Left Replicating,CGCG,-,-0.0708802816901409,0.00883737792609699,0,7
ERD,CGCG,Right Replicating,CGCG,-,0.0677758215962441,0.00864757628766408,0,7
ERD,CGCG,Left Replicating,CGCG,+,-0.0708802816901409,0.00883737792609699,0,7
ERD,CGCG,Right Replicating,CGCG,+,0.0677758215962441,0.00864757628766408,0,7
ERD,CGCT,Left Replicating,AGCG,-,-0.100181924882629,0.00713435689730239,0.000534037558685446,19
ERD,CGCT,Right Replicating,AGCG,-,0.0970657276995305,0.00747804740907767,0.00062793427230047,19
ERD,CGCT,Right Replicating,AGCG,+,0.0964377934272301,0.00745420326998913,0.00062793427230047,19
ERD,CGCT,Left Replicating,AGCG,+,-0.0996478873239437,0.00736450922977715,0.000534037558685446,19
ERD,CGGC,Right Replicating,GCCG,-,0.145,0.0107495918655326,0.00575117370892017,40
ERD,CGGC,Right Replicating,GCCG,+,0.13924882629108,0.0101012810883929,0.00575117370892017,40
ERD,CGGC,Left Replicating,GCCG,-,-0.143521126760563,0.0103049480602397,0.00374413145539904,40
ERD,CGGC,Left Replicating,GCCG,+,-0.147265258215962,0.0119722737768232,0.00374413145539904,40
ERD,CGGT,Right Replicating,ACCG,+,0.0743368544600939,0.0064627315903464,0.00012910798122065,29
ERD,CGGT,Left Replicating,ACCG,+,-0.0767018779342723,0.00626697626318616,0.00151995305164319,29
ERD,CGGT,Right Replicating,ACCG,-,0.0744659624413146,0.00588687634245465,0.00012910798122065,29
ERD,CGGT,Left Replicating,ACCG,-,-0.0782218309859155,0.00604540936942057,0.00151995305164319,29
ERD,CGTA,Right Replicating,TACG,-,0.0401056338028169,0.00464270997630337,0.000305164319248832,17
ERD,CGTA,Right Replicating,TACG,+,0.0404107981220657,0.0046887551995563,0.000305164319248832,17
ERD,CGTA,Left Replicating,TACG,-,-0.0411326291079812,0.00422138423601502,0.000240610328638494,17
ERD,CGTA,Left Replicating,TACG,+,-0.0408920187793427,0.00574201263516363,0.000240610328638494,17
ERD,CGTC,Right Replicating,GACG,+,0.0792136150234742,0.0058376078844531,0.00201291079812208,31
ERD,CGTC,Left Replicating,GACG,+,-0.0783861502347418,0.00620301681962912,0.00176643192488263,31
ERD,CGTC,Left Replicating,GACG,-,-0.0801525821596244,0.00584763613569867,0.00176643192488263,31
ERD,CGTC,Right Replicating,GACG,-,0.0772007042253521,0.00677504332313885,0.00201291079812208,31
ERD,CGTG,Left Replicating,CACG,+,-0.138650234741784,0.00871171535217562,0.00603286384976526,53
ERD,CGTG,Right Replicating,CACG,+,0.142136150234742,0.00959323526197968,0.00473591549295774,53
ERD,CGTG,Right Replicating,CACG,-,0.137400234741784,0.00812343581231918,0.00473591549295774,53
ERD,CGTG,Left Replicating,CACG,-,-0.144683098591549,0.00887386199696774,0.00603286384976526,53
ERD,CGTT,Right Replicating,AACG,-,0.056156103286385,0.00525748035312456,0.00362676056338028,44
ERD,CGTT,Left Replicating,AACG,-,-0.0619659624413146,0.00558430632762029,0.00441314553990611,44
ERD,CGTT,Left Replicating,AACG,+,-0.0575528169014084,0.00593135402482339,0.00441314553990611,44
ERD,CGTT,Right Replicating,AACG,+,0.0597828638497653,0.00550553440229847,0.00362676056338028,44
ERD,CTAC,Left Replicating,GTAG,-,-0.278661971830986,0.0113666876339559,0.0183568075117371,84
ERD,CTAC,Right Replicating,GTAG,-,0.262928403755869,0.0117358872029668,0.0185387323943662,84
ERD,CTAC,Right Replicating,GTAG,+,0.281467136150235,0.0109572700236369,0.0185387323943662,84
ERD,CTAC,Left Replicating,GTAG,+,-0.260305164319249,0.0104878409454205,0.0183568075117371,84
ERD,CTAG,Right Replicating,CTAG,+,0.243620892018779,0.00937069269664313,0,8
ERD,CTAG,Right Replicating,CTAG,-,0.243620892018779,0.00937069269664313,0,8
ERD,CTAG,Left Replicating,CTAG,+,-0.245058685446009,0.0120739616061334,0,8
ERD,CTAG,Left Replicating,CTAG,-,-0.245058685446009,0.0120739616061334,0,8
ERD,CTAT,Left Replicating,ATAG,+,-0.264929577464789,0.0133630729079069,0.0029929577464789,37
ERD,CTAT,Right Replicating,ATAG,+,0.270246478873239,0.0116017333334865,0.00623239436619716,37
ERD,CTAT,Right Replicating,ATAG,-,0.264014084507042,0.0112020686710892,0.00623239436619716,37
ERD,CTAT,Left Replicating,ATAG,-,-0.267922535211268,0.0122526057601375,0.0029929577464789,37
ERD,CTCA,Right Replicating,TGAG,+,0.635052816901408,0.0192979649480417,0.00932511737089203,20
ERD,CTCA,Right Replicating,TGAG,-,0.625727699530516,0.0212083367908641,0.00932511737089203,20
ERD,CTCA,Left Replicating,TGAG,+,-0.621179577464789,0.0179432953147562,0.000751173708920194,20
ERD,CTCA,Left Replicating,TGAG,-,-0.621930751173709,0.0182382059458404,0.000751173708920194,20
ERD,CTCC,Left Replicating,GGAG,+,-0.678896713615023,0.0195273419027244,0.0200645539906104,88
ERD,CTCC,Left Replicating,GGAG,-,-0.658832159624413,0.0230344011756272,0.0200645539906104,88
ERD,CTCC,Right Replicating,GGAG,+,0.662681924882629,0.0214749791962077,0.0164377934272301,88
ERD,CTCC,Right Replicating,GGAG,-,0.679119718309859,0.0226090013099241,0.0164377934272301,88
ERD,CTCG,Right Replicating,CGAG,+,0.141895539906103,0.00946550578018601,0.00697769953051644,60
ERD,CTCG,Right Replicating,CGAG,-,0.134917840375587,0.00848608080969861,0.00697769953051644,60
ERD,CTCG,Left Replicating,CGAG,+,-0.137658450704225,0.0089542763371098,0.00665492957746477,60
ERD,CTCG,Left Replicating,CGAG,-,-0.14431338028169,0.00957897186214825,0.00665492957746477,60
ERD,CTCT,Left Replicating,AGAG,+,-0.557053990610329,0.0224351962105535,0.0242723004694836,97
ERD,CTCT,Left Replicating,AGAG,-,-0.581326291079812,0.0211449081147268,0.0242723004694836,97
ERD,CTCT,Right Replicating,AGAG,+,0.577617370892019,0.0200311901845022,0.0125938967136151,97
ERD,CTCT,Right Replicating,AGAG,-,0.565023474178404,0.0224893552980019,0.0125938967136151,97
ERD,CTGA,Right Replicating,TCAG,+,0.514366197183099,0.0149096837623811,0.00248239436619724,51
ERD,CTGA,Right Replicating,TCAG,-,0.511883802816901,0.0168466115375399,0.00248239436619724,51
ERD,CTGA,Left Replicating,TCAG,+,-0.510539906103286,0.0192243726817741,0.0058392018779343,51
ERD,CTGA,Left Replicating,TCAG,-,-0.516379107981221,0.0137564037438344,0.0058392018779343,51
ERD,CTGC,Right Replicating,GCAG,-,0.532171361502347,0.017526232869321,0.0114201877934272,78
ERD,CTGC,Right Replicating,GCAG,+,0.52075117370892,0.0178313652323754,0.0114201877934272,78
ERD,CTGC,Left Replicating,GCAG,-,-0.523415492957746,0.0180915491589053,0.0161619718309859,78
ERD,CTGC,Left Replicating,GCAG,+,-0.539577464788732,0.0176802010352016,0.0161619718309859,78
ERD,CTGG,Right Replicating,CCAG,+,0.763104460093897,0.0204164984188881,0.0256866197183099,106
ERD,CTGG,Right Replicating,CCAG,-,0.737417840375587,0.0213460225236392,0.0256866197183099,106
ERD,CTGG,Left Replicating,CCAG,+,-0.734577464788732,0.0183870446842963,0.0266960093896713,106
ERD,CTGG,Left Replicating,CCAG,-,-0.761273474178404,0.0183181610444098,0.0266960093896713,106
ERD,CTGT,Right Replicating,ACAG,+,0.541467136150235,0.0165149613890836,0.0118838028169015,105
ERD,CTGT,Right Replicating,ACAG,-,0.529583333333333,0.0150828767358265,0.0118838028169015,105
ERD,CTGT,Left Replicating,ACAG,+,-0.522253521126761,0.0144286708066905,0.026343896713615,105
ERD,CTGT,Left Replicating,ACAG,-,-0.548597417840376,0.0147371603490622,0.026343896713615,105
ERD,CTTA,Left Replicating,TAAG,+,-0.279413145539906,0.0131881530915353,0.00664906103286383,59
ERD,CTTA,Left Replicating,TAAG,-,-0.272764084507042,0.0127786488536603,0.00664906103286383,59
ERD,CTTA,Right Replicating,TAAG,-,0.276238262910798,0.0112342501052976,0.00209507042253521,59
ERD,CTTA,Right Replicating,TAAG,+,0.274143192488263,0.0114568737134736,0.00209507042253521,59
ERD,CTTC,Left Replicating,GAAG,+,-0.435715962441315,0.0158489096858868,0.0209507042253521,90
ERD,CTTC,Right Replicating,GAAG,+,0.411778169014084,0.0170536178501179,0.0170657276995305,90
ERD,CTTC,Left Replicating,GAAG,-,-0.414765258215962,0.0169904648444506,0.0209507042253521,90
ERD,CTTC,Right Replicating,GAAG,-,0.428843896713615,0.0184097528669578,0.0170657276995305,90
ERD,CTTG,Left Replicating,CAAG,+,-0.432605633802817,0.0147056816148867,0.0298004694835681,112
ERD,CTTG,Right Replicating,CAAG,+,0.459741784037559,0.0157602405575653,0.0209272300469484,112
ERD,CTTG,Right Replicating,CAAG,-,0.43881455399061,0.0155435288323399,0.0209272300469484,112
ERD,CTTG,Left Replicating,CAAG,-,-0.462406103286385,0.0149935026332344,0.0298004694835681,112
ERD,CTTT,Right Replicating,AAAG,+,0.612764084507042,0.0234156391077143,0.0549999999999999,130
ERD,CTTT,Right Replicating,AAAG,-,0.557764084507042,0.0182088486105292,0.0549999999999999,130
ERD,CTTT,Left Replicating,AAAG,+,-0.549765258215962,0.0200009737075938,0.0697476525821596,130
ERD,CTTT,Left Replicating,AAAG,-,-0.619512910798122,0.0204824179152136,0.0697476525821596,130
ERD,GATC,Right Replicating,GATC,+,0.294583333333333,0.0115135166377637,0,9
ERD,GATC,Left Replicating,GATC,+,-0.288879107981221,0.0125708706670982,0,9
ERD,GATC,Right Replicating,GATC,-,0.294583333333333,0.0115135166377637,0,9
ERD,GATC,Left Replicating,GATC,-,-0.288879107981221,0.0125708706670982,0,9
ERD,GATT,Right Replicating,AATC,-,0.345768779342723,0.0133433473740822,0.023943661971831,108
ERD,GATT,Right Replicating,AATC,+,0.369712441314554,0.0129546183101984,0.023943661971831,108
ERD,GATT,Left Replicating,AATC,-,-0.365258215962441,0.0142372024361002,0.0273650234741784,108
ERD,GATT,Left Replicating,AATC,+,-0.337893192488263,0.0122137006562357,0.0273650234741784,108
ERD,GCCC,Right Replicating,GGGC,-,0.410534037558685,0.0152580273907095,0.0000469483568075191,56
ERD,GCCC,Left Replicating,GGGC,-,-0.416156103286385,0.0166451948249089,0.00632042253521126,56
ERD,GCCC,Left Replicating,GGGC,+,-0.422476525821596,0.0177633238325691,0.00632042253521126,56
ERD,GCCC,Right Replicating,GGGC,+,0.410580985915493,0.0182181163983756,0.0000469483568075191,56
ERD,GCCT,Left Replicating,AGGC,-,-0.633456572769953,0.0164838415682821,0.0169424882629108,83
ERD,GCCT,Left Replicating,AGGC,+,-0.616514084507042,0.0185518061608942,0.0169424882629108,83
ERD,GCCT,Right Replicating,AGGC,-,0.6193779342723,0.0197109471576677,0.0161737089201878,83
ERD,GCCT,Right Replicating,AGGC,+,0.635551643192488,0.0204645835544451,0.0161737089201878,83
ERD,GCGC,Right Replicating,GCGC,-,0.126238262910798,0.0107352794875216,0,10
ERD,GCGC,Left Replicating,GCGC,-,-0.131619718309859,0.0103089273117171,0,10
ERD,GCGC,Left Replicating,GCGC,+,-0.131619718309859,0.0103089273117171,0,10
ERD,GCGC,Right Replicating,GCGC,+,0.126238262910798,0.0107352794875216,0,10
ERD,GCGT,Left Replicating,ACGC,-,-0.0931220657276995,0.00716736782498806,0.00383802816901409,41
ERD,GCGT,Left Replicating,ACGC,+,-0.0892840375586854,0.00667837255332719,0.00383802816901409,41
ERD,GCGT,Right Replicating,ACGC,-,0.0881514084507042,0.00644600255086849,0.00360915492957746,41
ERD,GCGT,Right Replicating,ACGC,+,0.0917605633802817,0.00700945194541506,0.00360915492957746,41
ERD,GCTA,Right Replicating,TAGC,+,0.268896713615023,0.0106786040289284,0.00143192488262911,27
ERD,GCTA,Right Replicating,TAGC,-,0.267464788732394,0.0119451225479051,0.00143192488262911,27
ERD,GCTA,Left Replicating,TAGC,+,-0.263339201877934,0.0112180209243423,0.00133215962441319,27
ERD,GCTA,Left Replicating,TAGC,-,-0.264671361502347,0.0126793574803894,0.00133215962441319,27
ERD,GCTC,Left Replicating,GAGC,-,-0.384794600938967,0.014288550674123,0.00598591549295774,52
ERD,GCTC,Left Replicating,GAGC,+,-0.378808685446009,0.012613887982043,0.00598591549295774,52
ERD,GCTC,Right Replicating,GAGC,-,0.376484741784038,0.0132002262124047,0.00170774647887323,52
ERD,GCTC,Right Replicating,GAGC,+,0.378192488262911,0.0143826334945398,0.00170774647887323,52
ERD,GCTG,Right Replicating,CAGC,-,0.593503521126761,0.0183682714280889,0.0239788732394367,103
ERD,GCTG,Right Replicating,CAGC,+,0.617482394366197,0.0176989454848071,0.0239788732394367,103
ERD,GCTG,Left Replicating,CAGC,-,-0.617142018779343,0.0183677473805282,0.0259037558685445,103
ERD,GCTG,Left Replicating,CAGC,+,-0.591238262910798,0.0170062291962965,0.0259037558685445,103
ERD,GCTT,Left Replicating,AAGC,-,-0.34924882629108,0.0128166064404185,0.0243075117370892,98
ERD,GCTT,Left Replicating,AAGC,+,-0.324941314553991,0.0111879314481684,0.0243075117370892,98
ERD,GCTT,Right Replicating,AAGC,-,0.327183098591549,0.0123947443715031,0.0146830985915493,98
ERD,GCTT,Right Replicating,AAGC,+,0.341866197183099,0.0120642060541163,0.0146830985915493,98
ERD,GGCC,Left Replicating,GGCC,-,-0.446572769953052,0.0168771905756276,0,11
ERD,GGCC,Right Replicating,GGCC,-,0.439395539906103,0.0159414867319232,0,11
ERD,GGCC,Right Replicating,GGCC,+,0.439395539906103,0.0159414867319232,0,11
ERD,GGCC,Left Replicating,GGCC,+,-0.446572769953052,0.0168771905756276,0,11
ERD,GGCT,Left Replicating,AGCC,+,-0.541255868544601,0.0145438027593201,0.0198004694835681,87
ERD,GGCT,Left Replicating,AGCC,-,-0.561056338028169,0.0158314940439748,0.0198004694835681,87
ERD,GGCT,Right Replicating,AGCC,+,0.560933098591549,0.0153655079591472,0.0151408450704225,87
ERD,GGCT,Right Replicating,AGCC,-,0.545792253521127,0.0170769565262513,0.0151408450704225,87
ERD,GGGT,Left Replicating,ACCC,-,-0.375880281690141,0.0161755505319888,0.0219776995305165,92
ERD,GGGT,Right Replicating,ACCC,-,0.346901408450704,0.0132172103239172,0.0256572769953052,92
ERD,GGGT,Right Replicating,ACCC,+,0.372558685446009,0.0154190181835754,0.0256572769953052,92
ERD,GGGT,Left Replicating,ACCC,+,-0.353902582159624,0.0139423690462251,0.0219776995305165,92
ERD,GGTA,Right Replicating,TACC,-,0.202095070422535,0.00964412569019844,0.00644366197183099,65
ERD,GGTA,Right Replicating,TACC,+,0.195651408450704,0.0106430750990287,0.00644366197183099,65
ERD,GGTA,Left Replicating,TACC,-,-0.197177230046948,0.00872378699909827,0.00897300469483567,65
ERD,GGTA,Left Replicating,TACC,+,-0.206150234741784,0.0104557887801296,0.00897300469483567,65
ERD,GGTC,Left Replicating,GACC,+,-0.27275234741784,0.0136156267092886,0.0106924882629108,69
ERD,GGTC,Right Replicating,GACC,+,0.282611502347418,0.0127980552577673,0.0116666666666667,69
ERD,GGTC,Right Replicating,GACC,-,0.270944835680751,0.00952332340554836,0.0116666666666667,69
ERD,GGTC,Left Replicating,GACC,-,-0.283444835680751,0.0113447822813857,0.0106924882629108,69
ERD,GGTG,Right Replicating,CACC,-,0.502130281690141,0.0172005161791732,0.00582159624413148,57
ERD,GGTG,Right Replicating,CACC,+,0.507951877934272,0.0149522408960565,0.00582159624413148,57
ERD,GGTG,Left Replicating,CACC,-,-0.506607981220657,0.0158513740710387,0.00651995305164321,57
ERD,GGTG,Left Replicating,CACC,+,-0.500088028169014,0.0155319142185662,0.00651995305164321,57
ERD,GGTT,Left Replicating,AACC,-,-0.34400234741784,0.0119162588978812,0.0313556338028169,114
ERD,GGTT,Left Replicating,AACC,+,-0.312646713615023,0.0125603793160233,0.0313556338028169,114
ERD,GGTT,Right Replicating,AACC,-,0.316566901408451,0.0128497818034609,0.0283509389671361,114
ERD,GGTT,Right Replicating,AACC,+,0.344917840375587,0.0130827301391129,0.0283509389671361,114
ERD,GTAC,Right Replicating,GTAC,-,0.147265258215962,0.00837301605270751,0,12
ERD,GTAC,Right Replicating,GTAC,+,0.147265258215962,0.00837301605270751,0,12
ERD,GTAC,Left Replicating,GTAC,-,-0.148057511737089,0.00847814320406824,0,12
ERD,GTAC,Left Replicating,GTAC,+,-0.148057511737089,0.00847814320406824,0,12
ERD,GTAT,Left Replicating,ATAC,+,-0.237746478873239,0.0114626742819533,0.0221009389671361,94
ERD,GTAT,Left Replicating,ATAC,-,-0.259847417840376,0.0114841649665829,0.0221009389671361,94
ERD,GTAT,Right Replicating,ATAC,+,0.256467136150235,0.0120076906173556,0.0156044600938967,94
ERD,GTAT,Right Replicating,ATAC,-,0.240862676056338,0.0102745912320529,0.0156044600938967,94
ERD,GTCA,Right Replicating,TGAC,+,0.298861502347418,0.0119412387613475,0.00213028169014085,18
ERD,GTCA,Right Replicating,TGAC,-,0.296731220657277,0.0121330818752517,0.00213028169014085,18
ERD,GTCA,Left Replicating,TGAC,+,-0.295269953051643,0.0111505615926421,0.000528169014084479,18
ERD,GTCA,Left Replicating,TGAC,-,-0.295798122065728,0.0100365235567556,0.000528169014084479,18
ERD,GTCC,Right Replicating,GGAC,-,0.247306338028169,0.010171921306875,0.00186619718309858,47
ERD,GTCC,Left Replicating,GGAC,-,-0.25294014084507,0.0115390056858974,0.00530516431924885,47
ERD,GTCC,Left Replicating,GGAC,+,-0.247634976525822,0.0103868072907213,0.00530516431924885,47
ERD,GTCC,Right Replicating,GGAC,+,0.24544014084507,0.0110792515896256,0.00186619718309858,47
ERD,GTCG,Right Replicating,CGAC,-,0.0504636150234742,0.00491150004738617,0.00355633802816901,32
ERD,GTCG,Right Replicating,CGAC,+,0.0540199530516432,0.00509187246285977,0.00355633802816901,32
ERD,GTCG,Left Replicating,CGAC,-,-0.054043427230047,0.00548423403359069,0.00199530516431925,32
ERD,GTCG,Left Replicating,CGAC,+,-0.0520481220657277,0.00579239535402917,0.00199530516431925,32
ERD,GTCT,Right Replicating,AGAC,-,0.389008215962441,0.0132934260468329,0.0229284037558685,115
ERD,GTCT,Left Replicating,AGAC,-,-0.415023474178404,0.0142289693260158,0.0320422535211268,115
ERD,GTCT,Left Replicating,AGAC,+,-0.382981220657277,0.013508455166459,0.0320422535211268,115
ERD,GTCT,Right Replicating,AGAC,+,0.41193661971831,0.0154760700048725,0.0229284037558685,115
ERD,GTGA,Left Replicating,TCAC,-,-0.448444835680751,0.0149997014604998,0.00232394366197186,33
ERD,GTGA,Left Replicating,TCAC,+,-0.450768779342723,0.0128070557670854,0.00232394366197186,33
ERD,GTGA,Right Replicating,TCAC,-,0.461643192488263,0.0128955592762689,0.0101291079812206,33
ERD,GTGA,Right Replicating,TCAC,+,0.451514084507042,0.0135818826010777,0.0101291079812206,33
ERD,GTGC,Right Replicating,GCAC,+,0.347846244131455,0.0130116095825494,0.0173474178403756,96
ERD,GTGC,Left Replicating,GCAC,+,-0.32669014084507,0.0133824136408724,0.0233039906103286,96
ERD,GTGC,Left Replicating,GCAC,-,-0.349994131455399,0.0137643114147804,0.0233039906103286,96
ERD,GTGC,Right Replicating,GCAC,-,0.33049882629108,0.0129031390541064,0.0173474178403756,96
ERD,GTGG,Left Replicating,CCAC,-,-0.50849765258216,0.0158968655724246,0.00823943661971827,64
ERD,GTGG,Left Replicating,CCAC,+,-0.500258215962441,0.0172371291194718,0.00823943661971827,64
ERD,GTGG,Right Replicating,CCAC,-,0.501819248826291,0.0169138466741459,0.00051643192488271,64
ERD,GTGG,Right Replicating,CCAC,+,0.502335680751174,0.0166387035375003,0.00051643192488271,64
ERD,GTGT,Right Replicating,ACAC,-,0.343978873239437,0.0220847207759079,0.0331220657276995,118
ERD,GTGT,Right Replicating,ACAC,+,0.377100938967136,0.0245472878195132,0.0331220657276995,118
ERD,GTGT,Left Replicating,ACAC,-,-0.379759389671362,0.0188047302320888,0.03268779342723,118
ERD,GTGT,Left Replicating,ACAC,+,-0.347071596244131,0.0199665923312679,0.03268779342723,118
ERD,GTTA,Left Replicating,TAAC,-,-0.210046948356808,0.011145011647594,0.0114906103286385,71
ERD,GTTA,Left Replicating,TAAC,+,-0.221537558685446,0.0103845053336125,0.0114906103286385,71
ERD,GTTA,Right Replicating,TAAC,-,0.220099765258216,0.0106855500736846,0.012406103286385,71
ERD,GTTA,Right Replicating,TAAC,+,0.207693661971831,0.0102362447598637,0.012406103286385,71
ERD,GTTC,Right Replicating,GAAC,-,0.269102112676056,0.0108667872808488,0.0113732394366197,80
ERD,GTTC,Right Replicating,GAAC,+,0.280475352112676,0.0122550918344544,0.0113732394366197,80
ERD,GTTC,Left Replicating,GAAC,-,-0.283010563380282,0.0114683913294933,0.0162206572769953,80
ERD,GTTC,Left Replicating,GAAC,+,-0.266789906103286,0.0113641944128666,0.0162206572769953,80
ERD,GTTG,Left Replicating,CAAC,+,-0.289037558685446,0.0130580376502577,0.0323474178403756,116
ERD,GTTG,Left Replicating,CAAC,-,-0.321384976525822,0.0153477403477707,0.0323474178403756,116
ERD,GTTG,Right Replicating,CAAC,+,0.319119718309859,0.0126580995743959,0.02625,116
ERD,GTTG,Right Replicating,CAAC,-,0.292869718309859,0.011690546275085,0.02625,116
ERD,GTTT,Left Replicating,AAAC,-,-0.487388497652582,0.0175471970495604,0.0574823943661972,126
ERD,GTTT,Right Replicating,AAAC,-,0.43587441314554,0.0182679361138641,0.0515199530516431,126
ERD,GTTT,Right Replicating,AAAC,+,0.487394366197183,0.0239980877089934,0.0515199530516431,126
ERD,GTTT,Left Replicating,AAAC,+,-0.429906103286385,0.0162725463080656,0.0574823943661972,126
ERD,TACT,Left Replicating,AGTA,+,-0.315792253521127,0.0120154183301016,0.00416079812206577,43
ERD,TACT,Left Replicating,AGTA,-,-0.311631455399061,0.0116374147677609,0.00416079812206577,43
ERD,TACT,Right Replicating,AGTA,+,0.310710093896714,0.0124787583061854,0.00565727699530516,43
ERD,TACT,Right Replicating,AGTA,-,0.316367370892019,0.0123627712446428,0.00565727699530516,43
ERD,TAGT,Left Replicating,ACTA,+,-0.253403755868545,0.0101889832930567,0.024906103286385,100
ERD,TAGT,Right Replicating,ACTA,+,0.275557511737089,0.0116710195455625,0.0157922535211268,100
ERD,TAGT,Right Replicating,ACTA,-,0.259765258215962,0.0111996524646072,0.0157922535211268,100
ERD,TAGT,Left Replicating,ACTA,-,-0.27830985915493,0.0124126943801065,0.024906103286385,100
ERD,TATA,Right Replicating,TATA,+,0.386584507042254,0.0220063808066046,0,13
ERD,TATA,Right Replicating,TATA,-,0.386584507042254,0.0220063808066046,0,13
ERD,TATA,Left Replicating,TATA,+,-0.383914319248826,0.0242923608694832,0,13
ERD,TATA,Left Replicating,TATA,-,-0.383914319248826,0.0242923608694832,0,13
ERD,TATC,Right Replicating,GATA,+,0.218791079812207,0.00848529169892421,0.00416079812206574,62
ERD,TATC,Left Replicating,GATA,+,-0.214589201877934,0.0101542227462425,0.00781103286384977,62
ERD,TATC,Right Replicating,GATA,-,0.214630281690141,0.0104861232604571,0.00416079812206574,62
ERD,TATC,Left Replicating,GATA,-,-0.222400234741784,0.00941050572332128,0.00781103286384977,62
ERD,TATG,Right Replicating,CATA,+,0.287558685446009,0.0122835866113543,0.00978286384976523,67
ERD,TATG,Right Replicating,CATA,-,0.277775821596244,0.0123673291907603,0.00978286384976523,67
ERD,TATG,Left Replicating,CATA,+,-0.277106807511737,0.0117101357479631,0.00963028169014085,67
ERD,TATG,Left Replicating,CATA,-,-0.286737089201878,0.0118657005408088,0.00963028169014085,67
ERD,TATT,Right Replicating,AATA,+,0.54080985915493,0.0217506931271024,0.0453521126760564,125
ERD,TATT,Left Replicating,AATA,+,-0.490211267605634,0.0190227729936761,0.0553697183098592,125
ERD,TATT,Left Replicating,AATA,-,-0.545580985915493,0.0210263779686741,0.0553697183098592,125
ERD,TATT,Right Replicating,AATA,-,0.495457746478873,0.0172452001689813,0.0453521126760564,125
ERD,TCAT,Left Replicating,ATGA,-,-0.397781690140845,0.0150518568807529,0.015099765258216,77
ERD,TCAT,Right Replicating,ATGA,-,0.387805164319249,0.0134050934589365,0.00950704225352111,77
ERD,TCAT,Left Replicating,ATGA,+,-0.382681924882629,0.0141412445977652,0.015099765258216,77
ERD,TCAT,Right Replicating,ATGA,+,0.39731220657277,0.0144856746407011,0.00950704225352111,77
ERD,TCCA,Left Replicating,TGGA,-,-0.479524647887324,0.0157818225324514,0.00126173708920191,25
ERD,TCCA,Left Replicating,TGGA,+,-0.478262910798122,0.0134091358600584,0.00126173708920191,25
ERD,TCCA,Right Replicating,TGGA,+,0.480140845070423,0.0152747600604536,0.00442488262910801,25
ERD,TCCA,Right Replicating,TGGA,-,0.475715962441315,0.0155512812923577,0.00442488262910801,25
ERD,TCCC,Right Replicating,GGGA,+,0.55455985915493,0.0179452699701758,0.000674882629107976,35
ERD,TCCC,Right Replicating,GGGA,-,0.555234741784038,0.0153419583463659,0.000674882629107976,35
ERD,TCCC,Left Replicating,GGGA,+,-0.554031690140845,0.0184167760283701,0.00282276995305164,35
ERD,TCCC,Left Replicating,GGGA,-,-0.556854460093897,0.016667122835401,0.00282276995305164,35
ERD,TCCG,Right Replicating,CGGA,-,0.0945715962441315,0.00721615042871194,0.00124413145539906,28
ERD,TCCG,Right Replicating,CGGA,+,0.0958157276995305,0.00668439364084278,0.00124413145539906,28
ERD,TCCG,Left Replicating,CGGA,-,-0.0983568075117371,0.00660833073531719,0.0014612676056338,28
ERD,TCCG,Left Replicating,CGGA,+,-0.0968955399061033,0.00854933878744418,0.0014612676056338,28
ERD,TCCT,Right Replicating,AGGA,+,0.593444835680751,0.0196199290310405,0.0303403755868544,122
ERD,TCCT,Right Replicating,AGGA,-,0.563104460093897,0.0202830951518935,0.0303403755868544,122
ERD,TCCT,Left Replicating,AGGA,+,-0.560146713615023,0.0202657969890153,0.0387910798122066,122
ERD,TCCT,Left Replicating,AGGA,-,-0.59893779342723,0.0195190307857061,0.0387910798122066,122
ERD,TCGA,Right Replicating,TCGA,+,0.0712030516431925,0.00617845458130643,0,14
ERD,TCGA,Right Replicating,TCGA,-,0.0712030516431925,0.00617845458130643,0,14
ERD,TCGA,Left Replicating,TCGA,+,-0.0722769953051643,0.00584950855666927,0,14
ERD,TCGA,Left Replicating,TCGA,-,-0.0722769953051643,0.00584950855666927,0,14
ERD,TCGC,Left Replicating,GCGA,+,-0.0892136150234742,0.00655575781057945,0.000980046948356808,23
ERD,TCGC,Left Replicating,GCGA,-,-0.0882335680751174,0.00743458317603439,0.000980046948356808,23
ERD,TCGC,Right Replicating,GCGA,+,0.0877934272300469,0.00607097241741543,0.000281690140845073,23
ERD,TCGC,Right Replicating,GCGA,-,0.088075117370892,0.00718466957970795,0.000281690140845073,23
ERD,TCGG,Right Replicating,CCGA,+,0.101754694835681,0.00609424830565106,0.00367957746478874,36
ERD,TCGG,Right Replicating,CCGA,-,0.098075117370892,0.00637039995359986,0.00367957746478874,36
ERD,TCGG,Left Replicating,CCGA,+,-0.0995305164319249,0.00633323907996533,0.00292840375586854,36
ERD,TCGG,Left Replicating,CCGA,-,-0.102458920187793,0.00697047220651771,0.00292840375586854,36
ERD,TCGT,Left Replicating,ACGA,+,-0.0602230046948357,0.00503712968125541,0.00562206572769953,50
ERD,TCGT,Left Replicating,ACGA,-,-0.0658450704225352,0.0062465193015489,0.00562206572769953,50
ERD,TCGT,Right Replicating,ACGA,+,0.0640610328638498,0.00586427609666149,0.00338028169014084,50
ERD,TCGT,Right Replicating,ACGA,-,0.0606807511737089,0.00540403263417712,0.00338028169014084,50
ERD,TCTA,Right Replicating,TAGA,+,0.318802816901408,0.0116383557453756,0.000798122065727713,38
ERD,TCTA,Right Replicating,TAGA,-,0.319600938967136,0.0116787042531413,0.000798122065727713,38
ERD,TCTA,Left Replicating,TAGA,+,-0.317987089201878,0.0116087579237518,0.00344483568075116,38
ERD,TCTA,Left Replicating,TAGA,-,-0.321431924882629,0.0135034146054392,0.00344483568075116,38
ERD,TCTC,Right Replicating,GAGA,+,0.610663145539906,0.020937151396281,0.0192840375586855,102
ERD,TCTC,Left Replicating,GAGA,+,-0.582552816901408,0.0205046909662075,0.0258978873239436,102
ERD,TCTC,Left Replicating,GAGA,-,-0.608450704225352,0.0185107372635764,0.0258978873239436,102
ERD,TCTC,Right Replicating,GAGA,-,0.591379107981221,0.0230732074851499,0.0192840375586855,102
ERD,TCTG,Right Replicating,CAGA,+,0.548356807511737,0.0194586531193074,0.0279577464788733,121
ERD,TCTG,Right Replicating,CAGA,-,0.520399061032864,0.0184256676220653,0.0279577464788733,121
ERD,TCTG,Left Replicating,CAGA,+,-0.517599765258216,0.0142244574728862,0.0372946009389672,121
ERD,TCTG,Left Replicating,CAGA,-,-0.554894366197183,0.0204178760475668,0.0372946009389672,121
ERD,TCTT,Right Replicating,AAGA,-,0.524237089201878,0.0190943998748703,0.0575821596244132,133
ERD,TCTT,Left Replicating,AAGA,-,-0.588315727699531,0.0254952164416694,0.0745950704225352,133
ERD,TCTT,Left Replicating,AAGA,+,-0.513720657276995,0.0206297020933646,0.0745950704225352,133
ERD,TCTT,Right Replicating,AAGA,+,0.581819248826291,0.0215980495135781,0.0575821596244132,133
ERD,TGAT,Left Replicating,ATCA,+,-0.353221830985915,0.014918409691108,0.0259800469483568,104
ERD,TGAT,Right Replicating,ATCA,+,0.382259389671362,0.0155700575862521,0.0241725352112676,104
ERD,TGAT,Right Replicating,ATCA,-,0.358086854460094,0.0129507369959731,0.0241725352112676,104
ERD,TGAT,Left Replicating,ATCA,-,-0.379201877934272,0.0142227717489997,0.0259800469483568,104
ERD,TGCA,Right Replicating,TGCA,-,0.503380281690141,0.0133586876218862,0,15
ERD,TGCA,Left Replicating,TGCA,-,-0.500211267605634,0.0171530789382883,0,15
ERD,TGCA,Left Replicating,TGCA,+,-0.500211267605634,0.0171530789382883,0,15
ERD,TGCA,Right Replicating,TGCA,+,0.503380281690141,0.0133586876218862,0,15
ERD,TGCC,Left Replicating,GGCA,+,-0.47818661971831,0.0176772882682184,0.0220657276995306,93
ERD,TGCC,Right Replicating,GGCA,+,0.499424882629108,0.0163511543303824,0.0169835680751174,93
ERD,TGCC,Right Replicating,GGCA,-,0.482441314553991,0.0152731525832243,0.0169835680751174,93
ERD,TGCC,Left Replicating,GGCA,-,-0.50025234741784,0.0150080415903523,0.0220657276995306,93
ERD,TGCG,Right Replicating,CGCA,+,0.0847828638497653,0.00742044037820265,0.00403755868544602,46
ERD,TGCG,Right Replicating,CGCA,-,0.0807453051643192,0.00689653067538037,0.00403755868544602,46
ERD,TGCG,Left Replicating,CGCA,+,-0.0835504694835681,0.00660682910315705,0.00529929577464788,46
ERD,TGCG,Left Replicating,CGCA,-,-0.088849765258216,0.00613383834755292,0.00529929577464788,46
ERD,TGCT,Right Replicating,AGCA,+,0.457546948356808,0.0160224167707578,0.0241901408450704,119
ERD,TGCT,Left Replicating,AGCA,+,-0.43112676056338,0.016366065199234,0.0340023474178404,119
ERD,TGCT,Right Replicating,AGCA,-,0.433356807511737,0.0140860719005487,0.0241901408450704,119
ERD,TGCT,Left Replicating,AGCA,-,-0.465129107981221,0.0168085400808175,0.0340023474178404,119
ERD,TGGC,Right Replicating,GCCA,+,0.513456572769953,0.0146032602602879,0.00805751173708924,79
ERD,TGGC,Right Replicating,GCCA,-,0.505399061032864,0.0189769422268014,0.00805751173708924,79
ERD,TGGC,Left Replicating,GCCA,+,-0.498292253521127,0.0178108314844839,0.0161737089201878,79
ERD,TGGC,Left Replicating,GCCA,-,-0.514465962441315,0.0172893632285816,0.0161737089201878,79
ERD,TGGG,Right Replicating,CCCA,+,0.694014084507042,0.0212008499945281,0.0174295774647888,91
ERD,TGGG,Left Replicating,CCCA,+,-0.676267605633803,0.0197231059886342,0.0212323943661972,91
ERD,TGGG,Left Replicating,CCCA,-,-0.6975,0.0170409470307391,0.0212323943661972,91
ERD,TGGG,Right Replicating,CCCA,-,0.676584507042253,0.0177641091583826,0.0174295774647888,91
ERD,TGGT,Left Replicating,ACCA,-,-0.44900234741784,0.0147593664110121,0.0279460093896714,110
ERD,TGGT,Right Replicating,ACCA,-,0.427987089201878,0.0129361909049095,0.0209037558685446,110
ERD,TGGT,Left Replicating,ACCA,+,-0.421056338028169,0.0167540274899395,0.0279460093896714,110
ERD,TGGT,Right Replicating,ACCA,+,0.448890845070423,0.0155102801910553,0.0209037558685446,110
ERD,TGTA,Left Replicating,TACA,-,-0.408785211267606,0.0129456126336893,0.0163967136150235,81
ERD,TGTA,Left Replicating,TACA,+,-0.392388497652582,0.0160330213383367,0.0163967136150235,81
ERD,TGTA,Right Replicating,TACA,+,0.41056338028169,0.0163929105816976,0.0087147887323944,81
ERD,TGTA,Right Replicating,TACA,-,0.401848591549296,0.012975997868676,0.0087147887323944,81
ERD,TGTC,Right Replicating,GACA,-,0.340921361502347,0.0146495184161492,0.0161326291079812,99
ERD,TGTC,Right Replicating,GACA,+,0.357053990610329,0.013284247065681,0.0161326291079812,99
ERD,TGTC,Left Replicating,GACA,-,-0.360134976525822,0.0148443430470573,0.0243661971830986,99
ERD,TGTC,Left Replicating,GACA,+,-0.335768779342723,0.0122385521615345,0.0243661971830986,99
ERD,TGTG,Right Replicating,CACA,-,0.486942488262911,0.0221673555110163,0.0337793427230047,123
ERD,TGTG,Right Replicating,CACA,+,0.520721830985916,0.0272762945076271,0.0337793427230047,123
ERD,TGTG,Left Replicating,CACA,-,-0.5275,0.0228055699221988,0.0405575117370892,123
ERD,TGTG,Left Replicating,CACA,+,-0.486942488262911,0.0237589071506049,0.0405575117370892,123
ERD,TGTT,Right Replicating,AACA,+,0.517634976525822,0.0210313732808026,0.0546302816901408,127
ERD,TGTT,Right Replicating,AACA,-,0.463004694835681,0.0190225236538546,0.0546302816901408,127
ERD,TGTT,Left Replicating,AACA,+,-0.460921361502347,0.0167738568552164,0.0600997652582159,127
ERD,TGTT,Left Replicating,AACA,-,-0.521021126760563,0.0189314536965619,0.0600997652582159,127
ERD,TTAA,Right Replicating,TTAA,+,0.445469483568075,0.0163842451497636,0,16
ERD,TTAA,Right Replicating,TTAA,-,0.445469483568075,0.0163842451497636,0,16
ERD,TTAA,Left Replicating,TTAA,+,-0.45343896713615,0.0171123460997369,0,16
ERD,TTAA,Left Replicating,TTAA,-,-0.45343896713615,0.0171123460997369,0,16
ERD,TTAC,Left Replicating,GTAA,-,-0.296572769953052,0.0120462984262017,0.0115610328638498,72
ERD,TTAC,Left Replicating,GTAA,+,-0.285011737089202,0.0110734785123805,0.0115610328638498,72
ERD,TTAC,Right Replicating,GTAA,-,0.284776995305164,0.0104127852127634,0.0126349765258216,72
ERD,TTAC,Right Replicating,GTAA,+,0.297411971830986,0.0116148609820419,0.0126349765258216,72
ERD,TTAG,Left Replicating,CTAA,-,-0.334653755868545,0.0125791909082228,0.0166901408450704,82
ERD,TTAG,Right Replicating,CTAA,-,0.319413145539906,0.0125492136130315,0.0161678403755869,82
ERD,TTAG,Right Replicating,CTAA,+,0.335580985915493,0.0138634207398275,0.0161678403755869,82
ERD,TTAG,Left Replicating,CTAA,+,-0.317963615023474,0.0132911276318545,0.0166901408450704,82
ERD,TTAT,Left Replicating,ATAA,+,-0.429231220657277,0.0199668718022411,0.0463849765258216,124
ERD,TTAT,Left Replicating,ATAA,-,-0.475616197183099,0.0204358467398791,0.0463849765258216,124
ERD,TTAT,Right Replicating,ATAA,+,0.471907276995305,0.0235699530419366,0.037306338028169,124
ERD,TTAT,Right Replicating,ATAA,-,0.434600938967136,0.0191195195304659,0.037306338028169,124
ERD,TTCA,Left Replicating,TGAA,+,-0.492071596244131,0.0152392087820705,0.018556338028169,86
ERD,TTCA,Right Replicating,TGAA,+,0.505457746478873,0.0161574293189982,0.0128227699530516,86
ERD,TTCA,Right Replicating,TGAA,-,0.492634976525822,0.0159387562036759,0.0128227699530516,86
ERD,TTCA,Left Replicating,TGAA,-,-0.5106279342723,0.0151636364059678,0.018556338028169,86
ERD,TTCC,Right Replicating,GGAA,+,0.458133802816901,0.0199188895796238,0.0213849765258216,107
ERD,TTCC,Left Replicating,GGAA,+,-0.43768779342723,0.0185422086075273,0.0268075117370892,107
ERD,TTCC,Left Replicating,GGAA,-,-0.464495305164319,0.0176603021991328,0.0268075117370892,107
ERD,TTCC,Right Replicating,GGAA,-,0.43674882629108,0.0169279611224561,0.0213849765258216,107
ERD,TTCG,Left Replicating,CGAA,+,-0.0647887323943662,0.00538670907167037,0.00345070422535211,39
ERD,TTCG,Right Replicating,CGAA,+,0.065575117370892,0.00468220503383767,0.000399061032863857,39
ERD,TTCG,Right Replicating,CGAA,-,0.0659741784037559,0.00524976982986694,0.000399061032863857,39
ERD,TTCG,Left Replicating,CGAA,-,-0.0682394366197183,0.00567923088277565,0.00345070422535211,39
ERD,TTCT,Right Replicating,AGAA,+,0.64837441314554,0.0241224381579771,0.0603403755868545,132
ERD,TTCT,Left Replicating,AGAA,+,-0.581038732394366,0.0195365688592982,0.0725410798122066,132
ERD,TTCT,Left Replicating,AGAA,-,-0.653579812206573,0.0201662045736567,0.0725410798122066,132
ERD,TTCT,Right Replicating,AGAA,-,0.588034037558685,0.0213457080091302,0.0603403755868545,132
ERD,TTGA,Left Replicating,TCAA,+,-0.417335680751174,0.0137703468268828,0.0277934272300469,109
ERD,TTGA,Left Replicating,TCAA,-,-0.445129107981221,0.0153236297302193,0.0277934272300469,109
ERD,TTGA,Right Replicating,TCAA,+,0.446930751173709,0.0147440595021328,0.0244131455399061,109
ERD,TTGA,Right Replicating,TCAA,-,0.422517605633803,0.0157759785564089,0.0244131455399061,109
ERD,TTGC,Right Replicating,GCAA,+,0.371983568075117,0.0152256144250624,0.021643192488263,113
ERD,TTGC,Left Replicating,GCAA,+,-0.345005868544601,0.0127399992132685,0.0300938967136151,113
ERD,TTGC,Left Replicating,GCAA,-,-0.375099765258216,0.0118383800110198,0.0300938967136151,113
ERD,TTGC,Right Replicating,GCAA,-,0.350340375586854,0.0135530925586546,0.021643192488263,113
ERD,TTGG,Left Replicating,CCAA,+,-0.420968309859155,0.0147651438939893,0.0372183098591549,120
ERD,TTGG,Left Replicating,CCAA,-,-0.45818661971831,0.0148219878219463,0.0372183098591549,120
ERD,TTGG,Right Replicating,CCAA,+,0.455868544600939,0.0157133459247861,0.0270363849765258,120
ERD,TTGG,Right Replicating,CCAA,-,0.428832159624413,0.0129278198623357,0.0270363849765258,120
ERD,TTGT,Right Replicating,ACAA,-,0.431296948356808,0.0173704814366534,0.0522241784037558,129
ERD,TTGT,Right Replicating,ACAA,+,0.483521126760563,0.021825582383595,0.0522241784037558,129
ERD,TTGT,Left Replicating,ACAA,-,-0.484454225352113,0.0190473819719184,0.0625528169014085,129
ERD,TTGT,Left Replicating,ACAA,+,-0.421901408450704,0.0196426199001806,0.0625528169014085,129
ERD,TTTA,Right Replicating,TAAA,+,0.609659624413146,0.0255368531196426,0.0541197183098592,128
ERD,TTTA,Left Replicating,TAAA,+,-0.556619718309859,0.0187575793545168,0.0616431924882629,128
ERD,TTTA,Left Replicating,TAAA,-,-0.618262910798122,0.0222626190686776,0.0616431924882629,128
ERD,TTTA,Right Replicating,TAAA,-,0.555539906103286,0.0201699432251254,0.0541197183098592,128
ERD,TTTC,Right Replicating,GAAA,+,0.608327464788732,0.0244868332800721,0.0589671361502346,131
ERD,TTTC,Right Replicating,GAAA,-,0.549360328638498,0.0208716922585323,0.0589671361502346,131
ERD,TTTC,Left Replicating,GAAA,+,-0.541021126760563,0.0188074572635413,0.0722535211267605,131
ERD,TTTC,Left Replicating,GAAA,-,-0.613274647887324,0.0204828444414004,0.0722535211267605,131
ERD,TTTG,Right Replicating,CAAA,+,0.649818075117371,0.0248480125724246,0.0649002347417841,134
ERD,TTTG,Left Replicating,CAAA,+,-0.573679577464789,0.0191911733158524,0.0760269953051643,134
ERD,TTTG,Left Replicating,CAAA,-,-0.649706572769953,0.0212602341976422,0.0760269953051643,134
ERD,TTTG,Right Replicating,CAAA,-,0.584917840375587,0.0220834068585572,0.0649002347417841,134
ERD,TTTT,Left Replicating,AAAA,-,-1.56586854460094,0.0682654276669221,0.240404929577465,136
ERD,TTTT,Right Replicating,AAAA,-,1.35512910798122,0.0743557910624823,0.216073943661972,136
ERD,TTTT,Right Replicating,AAAA,+,1.57120305164319,0.0770831633986355,0.216073943661972,136
ERD,TTTT,Left Replicating,AAAA,+,-1.32546361502347,0.0642746293199115,0.240404929577465,136
LRD,AATT,Right Replicating,AATT,-,0.82776724137931,0.0253078681871129,0,1
LRD,AATT,Left Replicating,AATT,-,-0.82675,0.0262893998150032,0,1
LRD,AATT,Left Replicating,AATT,+,-0.82675,0.0262893998150032,0,1
LRD,AATT,Right Replicating,AATT,+,0.82776724137931,0.0253078681871129,0,1
LRD,ACCT,Left Replicating,AGGT,+,-0.338275862068966,0.0145203312174253,0.0270603448275862,59
LRD,ACCT,Right Replicating,AGGT,+,0.365784482758621,0.0173079443975187,0.0299137931034483,59
LRD,ACCT,Right Replicating,AGGT,-,0.335870689655172,0.0152990602374384,0.0299137931034483,59
LRD,ACCT,Left Replicating,AGGT,-,-0.365336206896552,0.0134172913047246,0.0270603448275862,59
LRD,ACGT,Right Replicating,ACGT,-,0.0660431034482759,0.00710233683295075,0,2
LRD,ACGT,Right Replicating,ACGT,+,0.0660431034482759,0.00710233683295075,0,2
LRD,ACGT,Left Replicating,ACGT,-,-0.0654568965517241,0.00698864202946292,0,2
LRD,ACGT,Left Replicating,ACGT,+,-0.0654568965517241,0.00698864202946292,0,2
LRD,ACTC,Left Replicating,GAGT,-,-0.327422413793103,0.0162748720744419,0.0276896551724138,62
LRD,ACTC,Right Replicating,GAGT,-,0.304387931034483,0.0164229105657555,0.0221293103448276,62
LRD,ACTC,Right Replicating,GAGT,+,0.32651724137931,0.0145066004831465,0.0221293103448276,62
LRD,ACTC,Left Replicating,GAGT,+,-0.29973275862069,0.0149253701189934,0.0276896551724138,62
LRD,ACTG,Right Replicating,CAGT,+,0.42573275862069,0.0159416120894776,0.0345,72
LRD,ACTG,Right Replicating,CAGT,-,0.39123275862069,0.0190062080845905,0.0345,72
LRD,ACTG,Left Replicating,CAGT,+,-0.390844827586207,0.0163139383275014,0.0368189655172413,72
LRD,ACTG,Left Replicating,CAGT,-,-0.427663793103448,0.0162314398520116,0.0368189655172413,72
LRD,ACTT,Left Replicating,AAGT,+,-0.468603448275862,0.0165971205624181,0.0453965517241379,82
LRD,ACTT,Left Replicating,AAGT,-,-0.514,0.0167859177414449,0.0453965517241379,82
LRD,ACTT,Right Replicating,AAGT,+,0.509862068965517,0.0184951065289509,0.032051724137931,82
LRD,ACTT,Right Replicating,AAGT,-,0.477810344827586,0.0226159236869599,0.032051724137931,82
LRD,AGCT,Left Replicating,AGCT,+,-0.393931034482759,0.0154980336039993,0,3
LRD,AGCT,Right Replicating,AGCT,+,0.392724137931035,0.0163223964674091,0,3
LRD,AGCT,Right Replicating,AGCT,-,0.392724137931035,0.0163223964674091,0,3
LRD,AGCT,Left Replicating,AGCT,-,-0.393931034482759,0.0154980336039993,0,3
LRD,AGTC,Left Replicating,GACT,+,-0.290034482758621,0.0155184150096932,0.0142931034482759,48
LRD,AGTC,Left Replicating,GACT,-,-0.275741379310345,0.0130962212145141,0.0142931034482759,48
LRD,AGTC,Right Replicating,GACT,+,0.273870689655172,0.0142807696362097,0.0119137931034483,48
LRD,AGTC,Right Replicating,GACT,-,0.285784482758621,0.0140822994430318,0.0119137931034483,48
LRD,AGTG,Left Replicating,CACT,+,-0.417887931034483,0.0171211324039012,0.00847413793103446,41
LRD,AGTG,Right Replicating,CACT,+,0.407413793103448,0.0168889336909515,0.013948275862069,41
LRD,AGTG,Right Replicating,CACT,-,0.421362068965517,0.0159228618868352,0.013948275862069,41
LRD,AGTG,Left Replicating,CACT,-,-0.409413793103448,0.0165208135639253,0.00847413793103446,41
LRD,AGTT,Right Replicating,AACT,+,0.540974137931034,0.022003037094577,0.105965517241379,104
LRD,AGTT,Left Replicating,AACT,+,-0.43375,0.0161176695341227,0.102043103448276,104
LRD,AGTT,Left Replicating,AACT,-,-0.535793103448276,0.0214108552005807,0.102043103448276,104
LRD,AGTT,Right Replicating,AACT,-,0.435008620689655,0.0213944395997268,0.105965517241379,104
LRD,ATAT,Left Replicating,ATAT,+,-0.813439655172414,0.0372112967965468,0,4
LRD,ATAT,Right Replicating,ATAT,+,0.818405172413793,0.0374486357842308,0,4
LRD,ATAT,Right Replicating,ATAT,-,0.818405172413793,0.0374486357842308,0,4
LRD,ATAT,Left Replicating,ATAT,-,-0.813439655172414,0.0372112967965468,0,4
LRD,ATCC,Right Replicating,GGAT,-,0.31376724137931,0.015868119374413,0.00111206896551724,32
LRD,ATCC,Left Replicating,GGAT,-,-0.316793103448276,0.0140298752567528,0.00484482758620691,32
LRD,ATCC,Left Replicating,GGAT,+,-0.311948275862069,0.0140610272792219,0.00484482758620691,32
LRD,ATCC,Right Replicating,GGAT,+,0.314879310344828,0.0167691865390865,0.00111206896551724,32
LRD,ATCG,Left Replicating,CGAT,+,-0.0454310344827586,0.00520432466885079,0.00028448275862069,17
LRD,ATCG,Left Replicating,CGAT,-,-0.0451465517241379,0.00474893053701072,0.00028448275862069,17
LRD,ATCG,Right Replicating,CGAT,+,0.0446206896551724,0.00594723357033196,0.00123275862068965,17
LRD,ATCG,Right Replicating,CGAT,-,0.0458534482758621,0.00569866883865073,0.00123275862068965,17
LRD,ATCT,Right Replicating,AGAT,+,0.530879310344828,0.0206153109221443,0.0534655172413793,88
LRD,ATCT,Left Replicating,AGAT,+,-0.474758620689655,0.0173715210524194,0.0612327586206896,88
LRD,ATCT,Left Replicating,AGAT,-,-0.535991379310345,0.0211424606524153,0.0612327586206896,88
LRD,ATCT,Right Replicating,AGAT,-,0.477413793103448,0.0200132408494665,0.0534655172413793,88
LRD,ATGC,Left Replicating,GCAT,+,-0.320043103448276,0.0171499430514176,0.0297586206896552,66
LRD,ATGC,Left Replicating,GCAT,-,-0.349801724137931,0.0164787032335614,0.0297586206896552,66
LRD,ATGC,Right Replicating,GCAT,+,0.345646551724138,0.0152701481954001,0.0218448275862069,66
LRD,ATGC,Right Replicating,GCAT,-,0.323801724137931,0.0141038730207252,0.0218448275862069,66
LRD,ATGG,Right Replicating,CCAT,+,0.455275862068966,0.0189919184518187,0.0332672413793104,55
LRD,ATGG,Right Replicating,CCAT,-,0.422008620689655,0.0189452909883409,0.0332672413793104,55
LRD,ATGG,Left Replicating,CCAT,+,-0.420758620689655,0.0157076345197561,0.0252241379310345,55
LRD,ATGG,Left Replicating,CCAT,-,-0.44598275862069,0.0167903556629342,0.0252241379310345,55
LRD,ATGT,Right Replicating,ACAT,+,0.613008620689655,0.0207874145386079,0.0768793103448276,96
LRD,ATGT,Right Replicating,ACAT,-,0.536129310344828,0.0256271874303843,0.0768793103448276,96
LRD,ATGT,Left Replicating,ACAT,+,-0.530594827586207,0.019214153306667,0.080301724137931,96
LRD,ATGT,Left Replicating,ACAT,-,-0.610896551724138,0.0208962189514151,0.080301724137931,96
LRD,ATTA,Right Replicating,TAAT,+,0.650965517241379,0.026632262056769,0.0173879310344828,57
LRD,ATTA,Right Replicating,TAAT,-,0.633577586206897,0.0250887360896746,0.0173879310344828,57
LRD,ATTA,Left Replicating,TAAT,+,-0.628387931034483,0.025196455635686,0.0258879310344827,57
LRD,ATTA,Left Replicating,TAAT,-,-0.654275862068965,0.0215190656089126,0.0258879310344827,57
LRD,ATTC,Right Replicating,GAAT,-,0.521948275862069,0.020835156931381,0.0255862068965517,67
LRD,ATTC,Right Replicating,GAAT,+,0.496362068965517,0.0170748747536524,0.0255862068965517,67
LRD,ATTC,Left Replicating,GAAT,-,-0.492508620689655,0.0209262605862815,0.0336810344827586,67
LRD,ATTC,Left Replicating,GAAT,+,-0.526189655172414,0.0163084017287754,0.0336810344827586,67
LRD,ATTG,Left Replicating,CAAT,-,-0.432870689655172,0.0180494841183827,0.0812068965517242,97
LRD,ATTG,Left Replicating,CAAT,+,-0.514077586206897,0.0192117874450267,0.0812068965517242,97
LRD,ATTG,Right Replicating,CAAT,+,0.436775862068966,0.01851572497971,0.0757241379310344,97
LRD,ATTG,Right Replicating,CAAT,-,0.5125,0.021591120691679,0.0757241379310344,97
LRD,ATTT,Left Replicating,AAAT,-,-1.29,0.0382923940216237,0.352646551724138,135
LRD,ATTT,Right Replicating,AAAT,-,0.940612068965517,0.0480484753680012,0.357362068965517,135
LRD,ATTT,Left Replicating,AAAT,+,-0.937353448275862,0.031384599349932,0.352646551724138,135
LRD,ATTT,Right Replicating,AAAT,+,1.29797413793103,0.0433433698149916,0.357362068965517,135
LRD,CATC,Left Replicating,GATG,-,-0.352905172413793,0.0161653558098077,0.00675862068965516,36
LRD,CATC,Right Replicating,GATG,-,0.35248275862069,0.017842713011816,0.00192241379310348,36
LRD,CATC,Right Replicating,GATG,+,0.350560344827586,0.0167892149153399,0.00192241379310348,36
LRD,CATC,Left Replicating,GATG,+,-0.346146551724138,0.0175784403558921,0.00675862068965516,36
LRD,CATG,Right Replicating,CATG,+,0.456370689655172,0.0182613182620544,0,5
LRD,CATG,Right Replicating,CATG,-,0.456370689655172,0.0182613182620544,0,5
LRD,CATG,Left Replicating,CATG,+,-0.452956896551724,0.0169053928000519,0,5
LRD,CATG,Left Replicating,CATG,-,-0.452956896551724,0.0169053928000519,0,5
LRD,CATT,Right Replicating,AATG,-,0.58501724137931,0.0236855977495116,0.110870689655172,113
LRD,CATT,Left Replicating,AATG,-,-0.690431034482759,0.0190919164004912,0.110879310344828,113
LRD,CATT,Right Replicating,AATG,+,0.695887931034483,0.0233598980889096,0.110870689655172,113
LRD,CATT,Left Replicating,AATG,+,-0.579551724137931,0.021730850535332,0.110879310344828,113
LRD,CCCC,Right Replicating,GGGG,-,0.230060344827586,0.0176537993757617,0.0117155172413793,18
LRD,CCCC,Right Replicating,GGGG,+,0.218344827586207,0.0167666103355336,0.0117155172413793,18
LRD,CCCC,Left Replicating,GGGG,-,-0.233396551724138,0.0159239205538216,0.000508620689655181,18
LRD,CCCC,Left Replicating,GGGG,+,-0.233905172413793,0.0168639415758741,0.000508620689655181,18
LRD,CCCG,Right Replicating,CGGG,+,0.05575,0.00677451497833236,0.00470689655172414,24
LRD,CCCG,Left Replicating,CGGG,+,-0.0602758620689655,0.00714994971183092,0.00301724137931035,24
LRD,CCCG,Left Replicating,CGGG,-,-0.0572586206896552,0.007468210547809,0.00301724137931035,24
LRD,CCCG,Right Replicating,CGGG,-,0.0604568965517241,0.00675092315912081,0.00470689655172414,24
LRD,CCCT,Left Replicating,AGGG,+,-0.305948275862069,0.0159762368878125,0.0273189655172414,60
LRD,CCCT,Right Replicating,AGGG,+,0.331956896551724,0.0170123394409016,0.0326465517241379,60
LRD,CCCT,Right Replicating,AGGG,-,0.299310344827586,0.0191776949162185,0.0326465517241379,60
LRD,CCCT,Left Replicating,AGGG,-,-0.33326724137931,0.0168467250072514,0.0273189655172414,60
LRD,CCGC,Right Replicating,GCGG,+,0.0417241379310345,0.00626338329888415,0.00443965517241379,20
LRD,CCGC,Left Replicating,GCGG,+,-0.0471896551724138,0.00650089404959514,0.00208620689655173,20
LRD,CCGC,Left Replicating,GCGG,-,-0.0451034482758621,0.0070643915320896,0.00208620689655173,20
LRD,CCGC,Right Replicating,GCGG,-,0.0461637931034483,0.00604557190254425,0.00443965517241379,20
LRD,CCGG,Left Replicating,CCGG,+,-0.0486896551724138,0.00619631475888361,0,6
LRD,CCGG,Right Replicating,CCGG,+,0.048551724137931,0.00594743603279334,0,6
LRD,CCGG,Right Replicating,CCGG,-,0.048551724137931,0.00594743603279334,0,6
LRD,CCGG,Left Replicating,CCGG,-,-0.0486896551724138,0.00619631475888361,0,6
LRD,CCGT,Right Replicating,ACGG,+,0.048,0.00564090993000449,0.005,31
LRD,CCGT,Right Replicating,ACGG,-,0.043,0.00604134423154512,0.005,31
LRD,CCGT,Left Replicating,ACGG,+,-0.0432586206896552,0.00543697062880121,0.00429310344827586,31
LRD,CCGT,Left Replicating,ACGG,-,-0.047551724137931,0.00550402170057646,0.00429310344827586,31
LRD,CCTA,Left Replicating,TAGG,+,-0.268241379310345,0.011428948782455,0.02275,51
LRD,CCTA,Right Replicating,TAGG,+,0.291336206896552,0.0130948735986737,0.0248189655172414,51
LRD,CCTA,Right Replicating,TAGG,-,0.26651724137931,0.0139544901526843,0.0248189655172414,51
LRD,CCTA,Left Replicating,TAGG,-,-0.290991379310345,0.0127781740524683,0.02275,51
LRD,CCTC,Right Replicating,GAGG,-,0.395939655172414,0.0227983975108504,0.0561896551724138,87
LRD,CCTC,Right Replicating,GAGG,+,0.33975,0.0198257718411508,0.0561896551724138,87
LRD,CCTC,Left Replicating,GAGG,-,-0.344620689655172,0.0204630100247058,0.04975,87
LRD,CCTC,Left Replicating,GAGG,+,-0.394370689655172,0.0212139147273215,0.04975,87
LRD,CCTG,Left Replicating,CAGG,+,-0.42,0.018399350553326,0.0227931034482759,52
LRD,CCTG,Left Replicating,CAGG,-,-0.442793103448276,0.0182422378317022,0.0227931034482759,52
LRD,CCTG,Right Replicating,CAGG,+,0.438706896551724,0.0165736705223648,0.0217241379310344,52
LRD,CCTG,Right Replicating,CAGG,-,0.41698275862069,0.0188909290796694,0.0217241379310344,52
LRD,CCTT,Right Replicating,AAGG,+,0.483431034482759,0.0246010262760815,0.105474137931034,115
LRD,CCTT,Right Replicating,AAGG,-,0.377956896551724,0.0234778983940193,0.105474137931034,115
LRD,CCTT,Left Replicating,AAGG,+,-0.376120689655172,0.018062965274007,0.11226724137931,115
LRD,CCTT,Left Replicating,AAGG,-,-0.488387931034483,0.017845359485322,0.11226724137931,115
LRD,CGCC,Left Replicating,GGCG,-,-0.0546551724137931,0.00753524408164783,0.00412068965517241,30
LRD,CGCC,Left Replicating,GGCG,+,-0.0587758620689655,0.00760164692008188,0.00412068965517241,30
LRD,CGCC,Right Replicating,GGCG,-,0.0605862068965517,0.00788094558226799,0.00594827586206897,30
LRD,CGCC,Right Replicating,GGCG,+,0.0546379310344828,0.00868546593122563,0.00594827586206897,30
LRD,CGCG,Right Replicating,CGCG,+,0.0155344827586207,0.00417699443016552,0,7
LRD,CGCG,Right Replicating,CGCG,-,0.0155344827586207,0.00417699443016552,0,7
LRD,CGCG,Left Replicating,CGCG,+,-0.0152068965517241,0.00449887978551252,0,7
LRD,CGCG,Left Replicating,CGCG,-,-0.0152068965517241,0.00449887978551252,0,7
LRD,CGCT,Right Replicating,AGCG,-,0.0408189655172414,0.00542157761316114,0.00280172413793103,29
LRD,CGCT,Right Replicating,AGCG,+,0.0436206896551724,0.00543201303427555,0.00280172413793103,29
LRD,CGCT,Left Replicating,AGCG,-,-0.0462068965517241,0.00536341651359698,0.00392241379310344,29
LRD,CGCT,Left Replicating,AGCG,+,-0.0422844827586207,0.00534722070866577,0.00392241379310344,29
LRD,CGGC,Right Replicating,GCCG,-,0.0450172413793103,0.0066837306763063,0.00290517241379311,27
LRD,CGGC,Right Replicating,GCCG,+,0.0421120689655172,0.00617075051537225,0.00290517241379311,27
LRD,CGGC,Left Replicating,GCCG,-,-0.0422758620689655,0.00635631776095707,0.00385344827586206,27
LRD,CGGC,Left Replicating,GCCG,+,-0.0461293103448276,0.00558555885900648,0.00385344827586206,27
LRD,CGGT,Right Replicating,ACCG,+,0.0384568965517241,0.00476323481535076,0.00232758620689655,26
LRD,CGGT,Right Replicating,ACCG,-,0.0361293103448276,0.00563652561314795,0.00232758620689655,26
LRD,CGGT,Left Replicating,ACCG,+,-0.0355344827586207,0.00440157491562221,0.00340517241379311,26
LRD,CGGT,Left Replicating,ACCG,-,-0.0389396551724138,0.00457326457439126,0.00340517241379311,26
LRD,CGTA,Left Replicating,TACG,-,-0.039301724137931,0.00559471333412615,0.000801724137931038,19
LRD,CGTA,Left Replicating,TACG,+,-0.0385,0.00476643315197523,0.000801724137931038,19
LRD,CGTA,Right Replicating,TACG,+,0.0412068965517241,0.00477365901659187,0.000689655172413796,19
LRD,CGTA,Right Replicating,TACG,-,0.0405172413793103,0.00502915235952839,0.000689655172413796,19
LRD,CGTC,Left Replicating,GACG,-,-0.0369137931034483,0.00489136026673147,0.00225862068965517,21
LRD,CGTC,Right Replicating,GACG,-,0.0390689655172414,0.00549329153606827,0.00338793103448276,21
LRD,CGTC,Left Replicating,GACG,+,-0.0391724137931034,0.00516370574993391,0.00225862068965517,21
LRD,CGTC,Right Replicating,GACG,+,0.0356810344827586,0.00544777719015848,0.00338793103448276,21
LRD,CGTG,Left Replicating,CACG,+,-0.0649913793103448,0.00599647568292437,0.00588793103448276,35
LRD,CGTG,Right Replicating,CACG,+,0.0716896551724138,0.00683508179481631,0.00583620689655173,35
LRD,CGTG,Right Replicating,CACG,-,0.0658534482758621,0.00619183754471929,0.00583620689655173,35
LRD,CGTG,Left Replicating,CACG,-,-0.0708793103448276,0.00850545416147388,0.00588793103448276,35
LRD,CGTT,Right Replicating,AACG,-,0.0471120689655172,0.00570669247882242,0.0112413793103448,46
LRD,CGTT,Right Replicating,AACG,+,0.0583534482758621,0.00646720623945119,0.0112413793103448,46
LRD,CGTT,Left Replicating,AACG,-,-0.0598103448275862,0.00687116672504298,0.0121293103448276,46
LRD,CGTT,Left Replicating,AACG,+,-0.0476810344827586,0.00635948409658233,0.0121293103448276,46
LRD,CTAC,Right Replicating,GTAG,-,0.239827586206897,0.0126017584781519,0.0320948275862069,70
LRD,CTAC,Left Replicating,GTAG,-,-0.272620689655172,0.0155716684549756,0.0356724137931034,70
LRD,CTAC,Right Replicating,GTAG,+,0.271922413793103,0.0135483273043178,0.0320948275862069,70
LRD,CTAC,Left Replicating,GTAG,+,-0.236948275862069,0.013187387651249,0.0356724137931034,70
LRD,CTAG,Right Replicating,CTAG,+,0.271672413793103,0.0127901506190902,0,8
LRD,CTAG,Right Replicating,CTAG,-,0.271672413793103,0.0127901506190902,0,8
LRD,CTAG,Left Replicating,CTAG,+,-0.273094827586207,0.0129862171887321,0,8
LRD,CTAG,Left Replicating,CTAG,-,-0.273094827586207,0.0129862171887321,0,8
LRD,CTAT,Right Replicating,ATAG,+,0.42101724137931,0.018963644207339,0.0442413793103448,85
LRD,CTAT,Left Replicating,ATAG,+,-0.373008620689655,0.0177093178040586,0.0481637931034483,85
LRD,CTAT,Left Replicating,ATAG,-,-0.421172413793103,0.0162419728711317,0.0481637931034483,85
LRD,CTAT,Right Replicating,ATAG,-,0.376775862068966,0.01851572497971,0.0442413793103448,85
LRD,CTCA,Left Replicating,TGAG,+,-0.47226724137931,0.0201201088748939,0.0287586206896551,63
LRD,CTCA,Left Replicating,TGAG,-,-0.501025862068965,0.0177799747022855,0.0287586206896551,63
LRD,CTCA,Right Replicating,TGAG,+,0.499224137931034,0.0178642192686166,0.0267413793103448,63
LRD,CTCA,Right Replicating,TGAG,-,0.47248275862069,0.0196587635611432,0.0267413793103448,63
LRD,CTCC,Right Replicating,GGAG,+,0.357206896551724,0.0187391032570625,0.0568189655172414,86
LRD,CTCC,Left Replicating,GGAG,+,-0.409810344827586,0.0222853250134007,0.0481810344827586,86
LRD,CTCC,Left Replicating,GGAG,-,-0.361629310344828,0.0186909593640899,0.0481810344827586,86
LRD,CTCC,Right Replicating,GGAG,-,0.414025862068966,0.0186230962604079,0.0568189655172414,86
LRD,CTCG,Left Replicating,CGAG,+,-0.0514568965517241,0.00692920575843233,0.00899137931034483,43
LRD,CTCG,Left Replicating,CGAG,-,-0.060448275862069,0.00688090761659244,0.00899137931034483,43
LRD,CTCG,Right Replicating,CGAG,+,0.0595775862068966,0.00656422685381555,0.00784482758620689,43
LRD,CTCG,Right Replicating,CGAG,-,0.0517327586206897,0.00639512238121951,0.00784482758620689,43
LRD,CTCT,Right Replicating,AGAG,+,0.570715517241379,0.0287851514253253,0.122913793103448,116
LRD,CTCT,Right Replicating,AGAG,-,0.447801724137931,0.0245433542911135,0.122913793103448,116
LRD,CTCT,Left Replicating,AGAG,+,-0.455568965517241,0.0203587017773844,0.116655172413793,116
LRD,CTCT,Left Replicating,AGAG,-,-0.572224137931034,0.0248760318362499,0.116655172413793,116
LRD,CTGA,Left Replicating,TCAG,+,-0.461646551724138,0.0161166049159856,0.00809482758620689,40
LRD,CTGA,Left Replicating,TCAG,-,-0.469741379310345,0.0153233926965325,0.00809482758620689,40
LRD,CTGA,Right Replicating,TCAG,+,0.465896551724138,0.0176995092027392,0.00481034482758619,40
LRD,CTGA,Right Replicating,TCAG,-,0.461086206896552,0.0190310838380069,0.00481034482758619,40
LRD,CTGC,Right Replicating,GCAG,-,0.378043103448276,0.0164189508602164,0.0451465517241379,76
LRD,CTGC,Right Replicating,GCAG,+,0.332896551724138,0.0175195027359063,0.0451465517241379,76
LRD,CTGC,Left Replicating,GCAG,-,-0.34101724137931,0.0162407032455223,0.0415517241379311,76
LRD,CTGC,Left Replicating,GCAG,+,-0.382568965517241,0.016364419245788,0.0415517241379311,76
LRD,CTGG,Left Replicating,CCAG,+,-0.426663793103448,0.0149923619781504,0.0276034482758621,61
LRD,CTGG,Left Replicating,CCAG,-,-0.45426724137931,0.0201634208280081,0.0276034482758621,61
LRD,CTGG,Right Replicating,CCAG,+,0.442103448275862,0.0194349351050929,0.0162931034482758,61
LRD,CTGG,Right Replicating,CCAG,-,0.425810344827586,0.0212537037604951,0.0162931034482758,61
LRD,CTGT,Left Replicating,ACAG,+,-0.425275862068966,0.0192134815725883,0.109163793103448,109
LRD,CTGT,Right Replicating,ACAG,+,0.537612068965517,0.0256714215565943,0.110241379310345,109
LRD,CTGT,Right Replicating,ACAG,-,0.427370689655172,0.0228957927832232,0.110241379310345,109
LRD,CTGT,Left Replicating,ACAG,-,-0.534439655172414,0.0213848977506069,0.109163793103448,109
LRD,CTTA,Left Replicating,TAAG,+,-0.394275862068966,0.0166371287092007,0.033896551724138,68
LRD,CTTA,Left Replicating,TAAG,-,-0.360379310344828,0.0171367932228847,0.033896551724138,68
LRD,CTTA,Right Replicating,TAAG,+,0.362844827586207,0.0179559894172831,0.0292586206896552,68
LRD,CTTA,Right Replicating,TAAG,-,0.392103448275862,0.01544296691217,0.0292586206896552,68
LRD,CTTC,Left Replicating,GAAG,-,-0.39575,0.0203011519889055,0.10376724137931,106
LRD,CTTC,Right Replicating,GAAG,-,0.491551724137931,0.0271620601243227,0.0925948275862069,106
LRD,CTTC,Right Replicating,GAAG,+,0.398956896551724,0.0252641175642047,0.0925948275862069,106
LRD,CTTC,Left Replicating,GAAG,+,-0.49951724137931,0.0201982676883474,0.10376724137931,106
LRD,CTTG,Right Replicating,CAAG,+,0.442034482758621,0.025066002069137,0.0962241379310345,108
LRD,CTTG,Right Replicating,CAAG,-,0.345810344827586,0.0201317997997011,0.0962241379310345,108
LRD,CTTG,Left Replicating,CAAG,+,-0.346525862068966,0.0161436468368474,0.104568965517241,108
LRD,CTTG,Left Replicating,CAAG,-,-0.451094827586207,0.0186331961653855,0.104568965517241,108
LRD,CTTT,Left Replicating,AAAG,+,-0.599146551724138,0.0251885214215313,0.320284482758621,131
LRD,CTTT,Right Replicating,AAAG,+,0.910784482758621,0.0484675677023442,0.302681034482759,131
LRD,CTTT,Right Replicating,AAAG,-,0.608103448275862,0.0328409679689855,0.302681034482759,131
LRD,CTTT,Left Replicating,AAAG,-,-0.919431034482759,0.0309655911238898,0.320284482758621,131
LRD,GATC,Right Replicating,GATC,+,0.229439655172414,0.0114034735453014,0,9
LRD,GATC,Right Replicating,GATC,-,0.229439655172414,0.0114034735453014,0,9
LRD,GATC,Left Replicating,GATC,+,-0.226991379310345,0.0112937373414746,0,9
LRD,GATC,Left Replicating,GATC,-,-0.226991379310345,0.0112937373414746,0,9
LRD,GATT,Left Replicating,AATC,-,-0.466508620689655,0.0186395441831101,0.0754224137931034,92
LRD,GATT,Left Replicating,AATC,+,-0.391086206896552,0.0163911808854319,0.0754224137931034,92
LRD,GATT,Right Replicating,AATC,-,0.392568965517241,0.0170903820071897,0.0759827586206897,92
LRD,GATT,Right Replicating,AATC,+,0.468551724137931,0.0188833504404003,0.0759827586206897,92
LRD,GCCC,Right Replicating,GGGC,-,0.198629310344828,0.0125217161113597,0.00951724137931034,22
LRD,GCCC,Right Replicating,GGGC,+,0.189112068965517,0.0129547461923428,0.00951724137931034,22
LRD,GCCC,Left Replicating,GGGC,-,-0.199698275862069,0.0127132245341834,0.00268965517241379,22
LRD,GCCC,Left Replicating,GGGC,+,-0.202387931034483,0.0118357812469661,0.00268965517241379,22
LRD,GCCT,Left Replicating,AGGC,-,-0.359413793103448,0.0167718161923449,0.0420948275862069,78
LRD,GCCT,Left Replicating,AGGC,+,-0.317318965517241,0.013769947280046,0.0420948275862069,78
LRD,GCCT,Right Replicating,AGGC,-,0.315172413793103,0.0181516164080126,0.0406465517241379,78
LRD,GCCT,Right Replicating,AGGC,+,0.355818965517241,0.0180279233568432,0.0406465517241379,78
LRD,GCGC,Right Replicating,GCGC,-,0.0368965517241379,0.00536229387276551,0,10
LRD,GCGC,Right Replicating,GCGC,+,0.0368965517241379,0.00536229387276551,0,10
LRD,GCGC,Left Replicating,GCGC,-,-0.0361120689655172,0.00637319654654273,0,10
LRD,GCGC,Left Replicating,GCGC,+,-0.0361120689655172,0.00637319654654273,0,10
LRD,GCGT,Right Replicating,ACGC,-,0.0374051724137931,0.00531180573645356,0.00375,28
LRD,GCGT,Left Replicating,ACGC,-,-0.0411724137931034,0.00578091045000958,0.00391379310344828,28
LRD,GCGT,Left Replicating,ACGC,+,-0.0372586206896552,0.00505717695531374,0.00391379310344828,28
LRD,GCGT,Right Replicating,ACGC,+,0.0411551724137931,0.00559178687852909,0.00375,28
LRD,GCTA,Right Replicating,TAGC,+,0.252991379310345,0.013062466064539,0.00284482758620691,44
LRD,GCTA,Right Replicating,TAGC,-,0.250146551724138,0.013840683430683,0.00284482758620691,44
LRD,GCTA,Left Replicating,TAGC,+,-0.247008620689655,0.0127692660297731,0.0100086206896552,44
LRD,GCTA,Left Replicating,TAGC,-,-0.25701724137931,0.0132343276545588,0.0100086206896552,44
LRD,GCTC,Right Replicating,GAGC,-,0.228758620689655,0.0130130355030102,0.0221293103448276,54
LRD,GCTC,Left Replicating,GAGC,-,-0.254224137931034,0.0118105399723258,0.0237241379310345,54
LRD,GCTC,Left Replicating,GAGC,+,-0.2305,0.0137607542960147,0.0237241379310345,54
LRD,GCTC,Right Replicating,GAGC,+,0.250887931034483,0.0140939233742351,0.0221293103448276,54
LRD,GCTG,Left Replicating,CAGC,-,-0.393629310344828,0.0189757898452173,0.0429051724137931,80
LRD,GCTG,Left Replicating,CAGC,+,-0.350724137931034,0.0142718740541843,0.0429051724137931,80
LRD,GCTG,Right Replicating,CAGC,-,0.349724137931034,0.015074722198321,0.0405258620689655,80
LRD,GCTG,Right Replicating,CAGC,+,0.39025,0.0193697234318044,0.0405258620689655,80
LRD,GCTT,Right Replicating,AAGC,-,0.301431034482759,0.0178194746698294,0.0842155172413793,100
LRD,GCTT,Left Replicating,AAGC,-,-0.392862068965517,0.0176344883747877,0.0901293103448276,100
LRD,GCTT,Left Replicating,AAGC,+,-0.30273275862069,0.0149475192843616,0.0901293103448276,100
LRD,GCTT,Right Replicating,AAGC,+,0.385646551724138,0.020558904106432,0.0842155172413793,100
LRD,GGCC,Left Replicating,GGCC,-,-0.213525862068966,0.0122544179029053,0,11
LRD,GGCC,Left Replicating,GGCC,+,-0.213525862068966,0.0122544179029053,0,11
LRD,GGCC,Right Replicating,GGCC,-,0.207068965517241,0.0131749296584342,0,11
LRD,GGCC,Right Replicating,GGCC,+,0.207068965517241,0.0131749296584342,0,11
LRD,GGCT,Right Replicating,AGCC,+,0.329094827586207,0.0168355891660694,0.0324913793103448,74
LRD,GGCT,Right Replicating,AGCC,-,0.296603448275862,0.0156115857393074,0.0324913793103448,74
LRD,GGCT,Left Replicating,AGCC,+,-0.296646551724138,0.0130533830716345,0.0389568965517241,74
LRD,GGCT,Left Replicating,AGCC,-,-0.335603448275862,0.0157882155218403,0.0389568965517241,74
LRD,GGGT,Left Replicating,ACCC,-,-0.263905172413793,0.0148730207435382,0.0388620689655172,73
LRD,GGGT,Left Replicating,ACCC,+,-0.225043103448276,0.0136052656206211,0.0388620689655172,73
LRD,GGGT,Right Replicating,ACCC,-,0.224586206896552,0.012484931238494,0.0369137931034483,73
LRD,GGGT,Right Replicating,ACCC,+,0.2615,0.0150119585879293,0.0369137931034483,73
LRD,GGTA,Right Replicating,TACC,-,0.253474137931034,0.0133845848792111,0.0208103448275862,50
LRD,GGTA,Right Replicating,TACC,+,0.232663793103448,0.0123930394197709,0.0208103448275862,50
LRD,GGTA,Left Replicating,TACC,-,-0.233206896551724,0.0120905089258801,0.0202586206896552,50
LRD,GGTA,Left Replicating,TACC,+,-0.253465517241379,0.0147727101635904,0.0202586206896552,50
LRD,GGTC,Left Replicating,GACC,+,-0.167094827586207,0.0110743462339091,0.0297241379310345,65
LRD,GGTC,Left Replicating,GACC,-,-0.196818965517241,0.01378152886245,0.0297241379310345,65
LRD,GGTC,Right Replicating,GACC,+,0.196896551724138,0.0129901601858309,0.0346120689655172,65
LRD,GGTC,Right Replicating,GACC,-,0.162284482758621,0.0118361118807787,0.0346120689655172,65
LRD,GGTG,Left Replicating,CACC,-,-0.322405172413793,0.0167426762575829,0.0260689655172414,58
LRD,GGTG,Right Replicating,CACC,-,0.301327586206897,0.0180937368726687,0.0150086206896552,58
LRD,GGTG,Right Replicating,CACC,+,0.316336206896552,0.0192108159472617,0.0150086206896552,58
LRD,GGTG,Left Replicating,CACC,+,-0.296336206896552,0.0145226503669654,0.0260689655172414,58
LRD,GGTT,Left Replicating,AACC,-,-0.35801724137931,0.0175949345431915,0.102465517241379,105
LRD,GGTT,Left Replicating,AACC,+,-0.255551724137931,0.0140704974303133,0.102465517241379,105
LRD,GGTT,Right Replicating,AACC,-,0.257198275862069,0.0162389863128874,0.102620689655172,105
LRD,GGTT,Right Replicating,AACC,+,0.359818965517241,0.0190816234904799,0.102620689655172,105
LRD,GTAC,Left Replicating,GTAC,-,-0.174491379310345,0.0102289413277693,0,12
LRD,GTAC,Right Replicating,GTAC,-,0.178465517241379,0.0104861437480399,0,12
LRD,GTAC,Right Replicating,GTAC,+,0.178465517241379,0.0104861437480399,0,12
LRD,GTAC,Left Replicating,GTAC,+,-0.174491379310345,0.0102289413277693,0,12
LRD,GTAT,Right Replicating,ATAC,+,0.41376724137931,0.0191734386550972,0.0872155172413793,95
LRD,GTAT,Right Replicating,ATAC,-,0.326551724137931,0.0199636931700684,0.0872155172413793,95
LRD,GTAT,Left Replicating,ATAC,+,-0.325241379310345,0.0158050709557069,0.080051724137931,95
LRD,GTAT,Left Replicating,ATAC,-,-0.405293103448276,0.0191744846565219,0.080051724137931,95
LRD,GTCA,Right Replicating,TGAC,+,0.289810344827586,0.0149049780555493,0.0121810344827586,42
LRD,GTCA,Left Replicating,TGAC,+,-0.299387931034483,0.0153984956465501,0.00886206896551722,42
LRD,GTCA,Right Replicating,TGAC,-,0.301991379310345,0.0136328507115076,0.0121810344827586,42
LRD,GTCA,Left Replicating,TGAC,-,-0.290525862068966,0.013173670072023,0.00886206896551722,42
LRD,GTCC,Right Replicating,GGAC,-,0.170146551724138,0.0102169861477,0.0296034482758621,56
LRD,GTCC,Right Replicating,GGAC,+,0.19975,0.0114764415323518,0.0296034482758621,56
LRD,GTCC,Left Replicating,GGAC,-,-0.203043103448276,0.0128192637848048,0.0256810344827586,56
LRD,GTCC,Left Replicating,GGAC,+,-0.177362068965517,0.0116469976161284,0.0256810344827586,56
LRD,GTCG,Right Replicating,CGAC,-,0.0236293103448276,0.00376741230096285,0.00281034482758621,25
LRD,GTCG,Left Replicating,CGAC,-,-0.027448275862069,0.00477731510954898,0.00336206896551724,25
LRD,GTCG,Left Replicating,CGAC,+,-0.0240862068965517,0.00399095139933329,0.00336206896551724,25
LRD,GTCG,Right Replicating,CGAC,+,0.0264396551724138,0.00420567813713147,0.00281034482758621,25
LRD,GTCT,Left Replicating,AGAC,+,-0.291258620689655,0.0138344099954873,0.118086206896552,117
LRD,GTCT,Right Replicating,AGAC,+,0.406836206896552,0.0241784765785976,0.117422413793103,117
LRD,GTCT,Left Replicating,AGAC,-,-0.409344827586207,0.0191839412164455,0.118086206896552,117
LRD,GTCT,Right Replicating,AGAC,-,0.289413793103448,0.0188001120205153,0.117422413793103,117
LRD,GTGA,Left Replicating,TCAC,+,-0.386163793103448,0.0165805596885928,0.00740517241379313,39
LRD,GTGA,Left Replicating,TCAC,-,-0.378758620689655,0.0175562346760072,0.00740517241379313,39
LRD,GTGA,Right Replicating,TCAC,-,0.388913793103448,0.0183583292126163,0.00610344827586207,39
LRD,GTGA,Right Replicating,TCAC,+,0.382810344827586,0.016835117562438,0.00610344827586207,39
LRD,GTGC,Right Replicating,GCAC,+,0.245931034482759,0.0136776486142379,0.0339051724137931,71
LRD,GTGC,Right Replicating,GCAC,-,0.212025862068966,0.0144266726982615,0.0339051724137931,71
LRD,GTGC,Left Replicating,GCAC,+,-0.21473275862069,0.0110651275418439,0.0360344827586207,71
LRD,GTGC,Left Replicating,GCAC,-,-0.25076724137931,0.0132337447754849,0.0360344827586207,71
LRD,GTGG,Right Replicating,CCAC,-,0.330637931034483,0.0148295756585628,0.00668965517241382,47
LRD,GTGG,Right Replicating,CCAC,+,0.337327586206897,0.0176778877087387,0.00668965517241382,47
LRD,GTGG,Left Replicating,CCAC,-,-0.34348275862069,0.0162691949738735,0.0139051724137931,47
LRD,GTGG,Left Replicating,CCAC,+,-0.329577586206897,0.0166282943530329,0.0139051724137931,47
LRD,GTGT,Right Replicating,ACAC,-,0.325568965517241,0.0291238372439863,0.113827586206897,118
LRD,GTGT,Right Replicating,ACAC,+,0.439396551724138,0.0253956485755107,0.113827586206897,118
LRD,GTGT,Left Replicating,ACAC,-,-0.442112068965517,0.0268606782110199,0.120379310344828,118
LRD,GTGT,Left Replicating,ACAC,+,-0.32173275862069,0.0232264117349216,0.120379310344828,118
LRD,GTTA,Right Replicating,TAAC,-,0.328413793103448,0.0152149714637569,0.0471206896551724,83
LRD,GTTA,Right Replicating,TAAC,+,0.281293103448276,0.0169568402150495,0.0471206896551724,83
LRD,GTTA,Left Replicating,TAAC,-,-0.278646551724138,0.0135786221397466,0.0458706896551724,83
LRD,GTTA,Left Replicating,TAAC,+,-0.32451724137931,0.0161175037758332,0.0458706896551724,83
LRD,GTTC,Left Replicating,GAAC,-,-0.324931034482759,0.0187279192621075,0.0773189655172414,94
LRD,GTTC,Left Replicating,GAAC,+,-0.247612068965517,0.0119322902733397,0.0773189655172414,94
LRD,GTTC,Right Replicating,GAAC,-,0.246215517241379,0.0144711115895159,0.0814396551724138,94
LRD,GTTC,Right Replicating,GAAC,+,0.327655172413793,0.0175878244050348,0.0814396551724138,94
LRD,GTTG,Right Replicating,CAAC,+,0.361620689655172,0.0216166825506077,0.101784482758621,103
LRD,GTTG,Right Replicating,CAAC,-,0.259836206896552,0.0167020828622711,0.101784482758621,103
LRD,GTTG,Left Replicating,CAAC,+,-0.258775862068966,0.0143991580167621,0.0994310344827586,103
LRD,GTTG,Left Replicating,CAAC,-,-0.358206896551724,0.0166917545241643,0.0994310344827586,103
LRD,GTTT,Left Replicating,AAAC,-,-0.731413793103448,0.0300945794100732,0.272594827586207,127
LRD,GTTT,Left Replicating,AAAC,+,-0.458818965517241,0.0241767334811552,0.272594827586207,127
LRD,GTTT,Right Replicating,AAAC,-,0.464034482758621,0.0271351380718355,0.268146551724138,127
LRD,GTTT,Right Replicating,AAAC,+,0.732181034482759,0.0404472272290775,0.268146551724138,127
LRD,TACT,Right Replicating,AGTA,+,0.392922413793103,0.0172610080322721,0.0197672413793104,49
LRD,TACT,Right Replicating,AGTA,-,0.373155172413793,0.0189867426166147,0.0197672413793104,49
LRD,TACT,Left Replicating,AGTA,+,-0.36926724137931,0.0163164730012171,0.0196379310344828,49
LRD,TACT,Left Replicating,AGTA,-,-0.388905172413793,0.0144580836754696,0.0196379310344828,49
LRD,TAGT,Right Replicating,ACTA,+,0.39101724137931,0.0191635547551168,0.0876551724137931,99
LRD,TAGT,Left Replicating,ACTA,+,-0.30351724137931,0.015198026078695,0.0870344827586207,99
LRD,TAGT,Left Replicating,ACTA,-,-0.390551724137931,0.0193596676323692,0.0870344827586207,99
LRD,TAGT,Right Replicating,ACTA,-,0.303362068965517,0.0170202758683583,0.0876551724137931,99
LRD,TATA,Right Replicating,TATA,+,0.687362068965517,0.0368932717797083,0,13
LRD,TATA,Right Replicating,TATA,-,0.687362068965517,0.0368932717797083,0,13
LRD,TATA,Left Replicating,TATA,+,-0.680456896551724,0.0389346136186043,0,13
LRD,TATA,Left Replicating,TATA,-,-0.680456896551724,0.0389346136186043,0,13
LRD,TATC,Right Replicating,GATA,+,0.377577586206897,0.019825695922647,0.043801724137931,81
LRD,TATC,Left Replicating,GATA,+,-0.334293103448276,0.0145277822740912,0.0443189655172414,81
LRD,TATC,Left Replicating,GATA,-,-0.378612068965517,0.0156303626839402,0.0443189655172414,81
LRD,TATC,Right Replicating,GATA,-,0.333775862068966,0.0158656648610408,0.043801724137931,81
LRD,TATG,Left Replicating,CATA,+,-0.425965517241379,0.0178155296701422,0.042,77
LRD,TATG,Right Replicating,CATA,+,0.474551724137931,0.0221831398393475,0.0466810344827586,77
LRD,TATG,Right Replicating,CATA,-,0.427870689655172,0.022128818267179,0.0466810344827586,77
LRD,TATG,Left Replicating,CATA,-,-0.467965517241379,0.0180087293679684,0.042,77
LRD,TATT,Right Replicating,AATA,+,0.974439655172414,0.0365436265459445,0.254689655172414,125
LRD,TATT,Left Replicating,AATA,+,-0.718655172413793,0.0265503692818432,0.255646551724138,125
LRD,TATT,Left Replicating,AATA,-,-0.974301724137931,0.0340413022965468,0.255646551724138,125
LRD,TATT,Right Replicating,AATA,-,0.71975,0.0413094483360896,0.254689655172414,125
LRD,TCAT,Left Replicating,ATGA,+,-0.501836206896552,0.021651147359933,0.0869137931034483,98
LRD,TCAT,Right Replicating,ATGA,+,0.594577586206897,0.0191703925622988,0.086896551724138,98
LRD,TCAT,Right Replicating,ATGA,-,0.507681034482759,0.0238570030551019,0.086896551724138,98
LRD,TCAT,Left Replicating,ATGA,-,-0.58875,0.0221374955594221,0.0869137931034483,98
LRD,TCCA,Right Replicating,TGGA,+,0.453155172413793,0.0181459022901671,0.0440344827586207,69
LRD,TCCA,Right Replicating,TGGA,-,0.497189655172414,0.0176237905157537,0.0440344827586207,69
LRD,TCCA,Left Replicating,TGGA,+,-0.491405172413793,0.0202962581179292,0.0347068965517242,69
LRD,TCCA,Left Replicating,TGGA,-,-0.456698275862069,0.0176534583376521,0.0347068965517242,69
LRD,TCCC,Right Replicating,GGGA,+,0.383810344827586,0.0182594162681774,0.0533534482758621,79
LRD,TCCC,Left Replicating,GGGA,+,-0.33848275862069,0.0155778533950766,0.0427068965517242,79
LRD,TCCC,Right Replicating,GGGA,-,0.330456896551724,0.0175829778533473,0.0533534482758621,79
LRD,TCCC,Left Replicating,GGGA,-,-0.381189655172414,0.0196824456418889,0.0427068965517242,79
LRD,TCCG,Right Replicating,CGGA,-,0.0381810344827586,0.0056554531980416,0.00686206896551724,34
LRD,TCCG,Right Replicating,CGGA,+,0.0450431034482759,0.0059017005759344,0.00686206896551724,34
LRD,TCCG,Left Replicating,CGGA,-,-0.0456551724137931,0.00617178097119601,0.00553448275862069,34
LRD,TCCG,Left Replicating,CGGA,+,-0.0401206896551724,0.00535642424791683,0.00553448275862069,34
LRD,TCCT,Right Replicating,AGGA,+,0.561293103448276,0.0232917400617619,0.114568965517241,119
LRD,TCCT,Left Replicating,AGGA,+,-0.44225,0.019520507459392,0.121387931034483,119
LRD,TCCT,Left Replicating,AGGA,-,-0.563637931034483,0.0214413077223949,0.121387931034483,119
LRD,TCCT,Right Replicating,AGGA,-,0.446724137931034,0.0215523614048079,0.114568965517241,119
LRD,TCGA,Left Replicating,TCGA,-,-0.047948275862069,0.006900020951954,0,14
LRD,TCGA,Right Replicating,TCGA,-,0.0471810344827586,0.00540890331237957,0,14
LRD,TCGA,Left Replicating,TCGA,+,-0.047948275862069,0.006900020951954,0,14
LRD,TCGA,Right Replicating,TCGA,+,0.0471810344827586,0.00540890331237957,0,14
LRD,TCGC,Left Replicating,GCGA,-,-0.0387155172413793,0.00524622871759431,0.00297413793103448,23
LRD,TCGC,Left Replicating,GCGA,+,-0.0357413793103448,0.00455457366197349,0.00297413793103448,23
LRD,TCGC,Right Replicating,GCGA,+,0.0381379310344828,0.00575899835927035,0.00271551724137931,23
LRD,TCGC,Right Replicating,GCGA,-,0.0354224137931035,0.00526169847891968,0.00271551724137931,23
LRD,TCGG,Right Replicating,CCGA,+,0.0437672413793103,0.00517132972780598,0.00271551724137931,33
LRD,TCGG,Right Replicating,CCGA,-,0.041051724137931,0.0049598092708117,0.00271551724137931,33
LRD,TCGG,Left Replicating,CCGA,+,-0.0401120689655172,0.00496280510587329,0.00547413793103448,33
LRD,TCGG,Left Replicating,CCGA,-,-0.0455862068965517,0.00580709582026779,0.00547413793103448,33
LRD,TCGT,Right Replicating,ACGA,+,0.0543706896551724,0.00630882288988716,0.0111724137931035,45
LRD,TCGT,Right Replicating,ACGA,-,0.043198275862069,0.00539837442705141,0.0111724137931035,45
LRD,TCGT,Left Replicating,ACGA,+,-0.0426465517241379,0.00512396192183612,0.0113965517241379,45
LRD,TCGT,Left Replicating,ACGA,-,-0.0540431034482759,0.00687140220147623,0.0113965517241379,45
LRD,TCTA,Right Replicating,TAGA,+,0.474060344827586,0.0197211078276765,0.0626034482758621,89
LRD,TCTA,Right Replicating,TAGA,-,0.411456896551724,0.0204486159244425,0.0626034482758621,89
LRD,TCTA,Left Replicating,TAGA,+,-0.405896551724138,0.0199901840780445,0.0659741379310345,89
LRD,TCTA,Left Replicating,TAGA,-,-0.471870689655172,0.0170345317974755,0.0659741379310345,89
LRD,TCTC,Right Replicating,GAGA,+,0.564896551724138,0.0279904041629731,0.104103448275862,102
LRD,TCTC,Right Replicating,GAGA,-,0.460793103448276,0.0252450713216046,0.104103448275862,102
LRD,TCTC,Left Replicating,GAGA,+,-0.466974137931034,0.0205128466585821,0.0993793103448276,102
LRD,TCTC,Left Replicating,GAGA,-,-0.566353448275862,0.0252745293380626,0.0993793103448276,102
LRD,TCTG,Left Replicating,CAGA,+,-0.465715517241379,0.0188055853375058,0.139836206896552,123
LRD,TCTG,Left Replicating,CAGA,-,-0.605551724137931,0.0226497402115031,0.139836206896552,123
LRD,TCTG,Right Replicating,CAGA,+,0.599655172413793,0.0318376123257167,0.140163793103448,123
LRD,TCTG,Right Replicating,CAGA,-,0.459491379310345,0.0201347808057225,0.140163793103448,123
LRD,TCTT,Left Replicating,AAGA,-,-0.868948275862069,0.034156990213325,0.31398275862069,130
LRD,TCTT,Right Replicating,AAGA,-,0.558715517241379,0.0340916702636636,0.298991379310345,130
LRD,TCTT,Right Replicating,AAGA,+,0.857706896551724,0.0548577643846325,0.298991379310345,130
LRD,TCTT,Left Replicating,AAGA,+,-0.554965517241379,0.0266238511973862,0.31398275862069,130
LRD,TGAT,Left Replicating,ATCA,+,-0.449646551724138,0.0198127855487093,0.0941379310344828,101
LRD,TGAT,Left Replicating,ATCA,-,-0.543784482758621,0.020767203351684,0.0941379310344828,101
LRD,TGAT,Right Replicating,ATCA,+,0.54548275862069,0.0220872087407555,0.0842586206896551,101
LRD,TGAT,Right Replicating,ATCA,-,0.461224137931035,0.021567294244718,0.0842586206896551,101
LRD,TGCA,Left Replicating,TGCA,-,-0.476181034482759,0.0200683501460372,0,15
LRD,TGCA,Right Replicating,TGCA,-,0.473439655172414,0.0174539471618103,0,15
LRD,TGCA,Right Replicating,TGCA,+,0.473439655172414,0.0174539471618103,0,15
LRD,TGCA,Left Replicating,TGCA,+,-0.476181034482759,0.0200683501460372,0,15
LRD,TGCC,Right Replicating,GGCA,+,0.351456896551724,0.0170171340252768,0.0518189655172414,84
LRD,TGCC,Left Replicating,GGCA,+,-0.304034482758621,0.0151700724355107,0.0465862068965517,84
LRD,TGCC,Left Replicating,GGCA,-,-0.350620689655172,0.0149636846731839,0.0465862068965517,84
LRD,TGCC,Right Replicating,GGCA,-,0.299637931034483,0.0176494613062049,0.0518189655172414,84
LRD,TGCG,Left Replicating,CGCA,+,-0.0391465517241379,0.00611281700247727,0.0068103448275862,37
LRD,TGCG,Right Replicating,CGCA,+,0.0439137931034483,0.00581660030822838,0.00489655172413794,37
LRD,TGCG,Right Replicating,CGCA,-,0.0390172413793103,0.00566983970549492,0.00489655172413794,37
LRD,TGCG,Left Replicating,CGCA,-,-0.0459568965517241,0.0052868114712408,0.0068103448275862,37
LRD,TGCT,Right Replicating,AGCA,+,0.511,0.0231143970356431,0.108301724137931,107
LRD,TGCT,Left Replicating,AGCA,+,-0.407448275862069,0.01919790172011,0.104456896551724,107
LRD,TGCT,Left Replicating,AGCA,-,-0.511905172413793,0.0200586877314101,0.104456896551724,107
LRD,TGCT,Right Replicating,AGCA,-,0.402698275862069,0.0192006592870597,0.108301724137931,107
LRD,TGGC,Left Replicating,GCCA,+,-0.315284482758621,0.0143587397492098,0.0296293103448276,64
LRD,TGGC,Left Replicating,GCCA,-,-0.344913793103448,0.0154564014142061,0.0296293103448276,64
LRD,TGGC,Right Replicating,GCCA,+,0.341189655172414,0.0148710092704093,0.0218620689655172,64
LRD,TGGC,Right Replicating,GCCA,-,0.319327586206897,0.0152191554132101,0.0218620689655172,64
LRD,TGGG,Right Replicating,CCCA,+,0.42575,0.0178387794793271,0.0110258620689656,53
LRD,TGGG,Left Replicating,CCCA,+,-0.415181034482759,0.0184957880776444,0.0233189655172414,53
LRD,TGGG,Left Replicating,CCCA,-,-0.4385,0.0174248725509361,0.0233189655172414,53
LRD,TGGG,Right Replicating,CCCA,-,0.414724137931034,0.0181108068435188,0.0110258620689656,53
LRD,TGGT,Left Replicating,ACCA,+,-0.353715517241379,0.016674213486256,0.109310344827586,110
LRD,TGGT,Left Replicating,ACCA,-,-0.463025862068966,0.0227773936171122,0.109310344827586,110
LRD,TGGT,Right Replicating,ACCA,+,0.460396551724138,0.025505742569414,0.103206896551724,110
LRD,TGGT,Right Replicating,ACCA,-,0.357189655172414,0.020627514713375,0.103206896551724,110
LRD,TGTA,Right Replicating,TACA,+,0.538370689655172,0.0196938422851611,0.0777931034482759,91
LRD,TGTA,Right Replicating,TACA,-,0.460577586206897,0.0235314323229374,0.0777931034482759,91
LRD,TGTA,Left Replicating,TACA,+,-0.454741379310345,0.0212626532432892,0.0744741379310345,91
LRD,TGTA,Left Replicating,TACA,-,-0.529215517241379,0.0157545723639048,0.0744741379310345,91
LRD,TGTC,Right Replicating,GACA,-,0.301603448275862,0.0189467467924144,0.11223275862069,111
LRD,TGTC,Left Replicating,GACA,-,-0.413215517241379,0.018428921424482,0.109534482758621,111
LRD,TGTC,Left Replicating,GACA,+,-0.303681034482759,0.014286649538378,0.109534482758621,111
LRD,TGTC,Right Replicating,GACA,+,0.413836206896552,0.0218552351669767,0.11223275862069,111
LRD,TGTG,Right Replicating,CACA,-,0.477336206896552,0.0324550465584458,0.124784482758621,122
LRD,TGTG,Right Replicating,CACA,+,0.602120689655172,0.0275883401619511,0.124784482758621,122
LRD,TGTG,Left Replicating,CACA,-,-0.610939655172414,0.0280033377179082,0.136793103448276,122
LRD,TGTG,Left Replicating,CACA,+,-0.474146551724138,0.024806235970142,0.136793103448276,122
LRD,TGTT,Right Replicating,AACA,+,0.790327586206897,0.0471093044272015,0.279284482758621,128
LRD,TGTT,Left Replicating,AACA,+,-0.506991379310345,0.0241569405099434,0.278344827586207,128
LRD,TGTT,Left Replicating,AACA,-,-0.785336206896552,0.0329062114354537,0.278344827586207,128
LRD,TGTT,Right Replicating,AACA,-,0.511043103448276,0.0295642824165285,0.279284482758621,128
LRD,TTAA,Left Replicating,TTAA,+,-0.706879310344828,0.0241472763601492,0,16
LRD,TTAA,Right Replicating,TTAA,+,0.710560344827586,0.0243707901890832,0,16
LRD,TTAA,Right Replicating,TTAA,-,0.710560344827586,0.0243707901890832,0,16
LRD,TTAA,Left Replicating,TTAA,-,-0.706879310344828,0.0241472763601492,0,16
LRD,TTAC,Right Replicating,GTAA,-,0.341681034482759,0.0199512775938308,0.0407068965517242,75
LRD,TTAC,Left Replicating,GTAA,-,-0.378896551724138,0.0164380645769942,0.0408189655172414,75
LRD,TTAC,Left Replicating,GTAA,+,-0.338077586206897,0.0172120899188467,0.0408189655172414,75
LRD,TTAC,Right Replicating,GTAA,+,0.382387931034483,0.0162455101547981,0.0407068965517242,75
LRD,TTAG,Left Replicating,CTAA,-,-0.425827586206897,0.0194206799829348,0.0665086206896552,90
LRD,TTAG,Right Replicating,CTAA,-,0.361939655172414,0.0194080256087313,0.0646724137931035,90
LRD,TTAG,Right Replicating,CTAA,+,0.426612068965517,0.015377642096827,0.0646724137931035,90
LRD,TTAG,Left Replicating,CTAA,+,-0.359318965517241,0.0156407591849955,0.0665086206896552,90
LRD,TTAT,Right Replicating,ATAA,+,0.861336206896552,0.0310896921501571,0.214181034482759,124
LRD,TTAT,Right Replicating,ATAA,-,0.647155172413793,0.0375029010452385,0.214181034482759,124
LRD,TTAT,Left Replicating,ATAA,+,-0.647948275862069,0.0236125335190727,0.214586206896552,124
LRD,TTAT,Left Replicating,ATAA,-,-0.862534482758621,0.0325498921204685,0.214586206896552,124
LRD,TTCA,Left Replicating,TGAA,+,-0.626870689655172,0.0228367753859591,0.0764396551724138,93
LRD,TTCA,Right Replicating,TGAA,+,0.704094827586207,0.0235891584477546,0.0800775862068965,93
LRD,TTCA,Right Replicating,TGAA,-,0.62401724137931,0.0198974704513712,0.0800775862068965,93
LRD,TTCA,Left Replicating,TGAA,-,-0.703310344827586,0.0216921119411041,0.0764396551724138,93
LRD,TTCC,Right Replicating,GGAA,+,0.560353448275862,0.0239087438971317,0.134431034482759,121
LRD,TTCC,Right Replicating,GGAA,-,0.425922413793103,0.024656204097299,0.134431034482759,121
LRD,TTCC,Left Replicating,GGAA,+,-0.42201724137931,0.0205388875979529,0.135439655172414,121
LRD,TTCC,Left Replicating,GGAA,-,-0.557456896551724,0.0206423418714826,0.135439655172414,121
LRD,TTCG,Left Replicating,CGAA,+,-0.0458448275862069,0.00594781563133294,0.00706896551724139,38
LRD,TTCG,Left Replicating,CGAA,-,-0.0529137931034483,0.00624121170534428,0.00706896551724139,38
LRD,TTCG,Right Replicating,CGAA,+,0.0513362068965517,0.00573851748631497,0.00456034482758621,38
LRD,TTCG,Right Replicating,CGAA,-,0.0467758620689655,0.00539896687338134,0.00456034482758621,38
LRD,TTCT,Left Replicating,AGAA,+,-0.671543103448276,0.0308098458637224,0.323663793103448,132
LRD,TTCT,Right Replicating,AGAA,+,0.987241379310345,0.0543853728532316,0.312206896551724,132
LRD,TTCT,Right Replicating,AGAA,-,0.675034482758621,0.0393453862978787,0.312206896551724,132
LRD,TTCT,Left Replicating,AGAA,-,-0.995206896551724,0.0337969158451329,0.323663793103448,132
LRD,TTGA,Left Replicating,TCAA,+,-0.487724137931034,0.018445234454786,0.124146551724138,120
LRD,TTGA,Left Replicating,TCAA,-,-0.611870689655172,0.0232102572212707,0.124146551724138,120
LRD,TTGA,Right Replicating,TCAA,+,0.601844827586207,0.0260591703518636,0.106224137931035,120
LRD,TTGA,Right Replicating,TCAA,-,0.495620689655172,0.0208698972726404,0.106224137931035,120
LRD,TTGC,Left Replicating,GCAA,+,-0.32101724137931,0.0168505596270131,0.110715517241379,112
LRD,TTGC,Right Replicating,GCAA,+,0.432508620689655,0.0200826851576258,0.109034482758621,112
LRD,TTGC,Right Replicating,GCAA,-,0.323474137931034,0.017616160162551,0.109034482758621,112
LRD,TTGC,Left Replicating,GCAA,-,-0.43173275862069,0.0188868233647326,0.110715517241379,112
LRD,TTGG,Right Replicating,CCAA,+,0.479715517241379,0.0246947544534262,0.103379310344828,114
LRD,TTGG,Left Replicating,CCAA,+,-0.373637931034483,0.0158743902954623,0.111112068965517,114
LRD,TTGG,Left Replicating,CCAA,-,-0.48475,0.0194039614345006,0.111112068965517,114
LRD,TTGG,Right Replicating,CCAA,-,0.376336206896552,0.0158541318650033,0.103379310344828,114
LRD,TTGT,Left Replicating,ACAA,-,-0.751275862068966,0.028555451988327,0.289068965517241,129
LRD,TTGT,Right Replicating,ACAA,-,0.461327586206897,0.0256617646871728,0.293525862068966,129
LRD,TTGT,Right Replicating,ACAA,+,0.754853448275862,0.0447904279732384,0.293525862068966,129
LRD,TTGT,Left Replicating,ACAA,+,-0.462206896551724,0.0210963662397818,0.289068965517241,129
LRD,TTTA,Right Replicating,TAAA,+,1.02687931034483,0.0329375252126928,0.261741379310345,126
LRD,TTTA,Left Replicating,TAAA,+,-0.75823275862069,0.0282463236393528,0.268396551724138,126
LRD,TTTA,Left Replicating,TAAA,-,-1.02662931034483,0.0322211636905839,0.268396551724138,126
LRD,TTTA,Right Replicating,TAAA,-,0.765137931034483,0.0378651703865637,0.261741379310345,126
LRD,TTTC,Left Replicating,GAAA,+,-0.630724137931034,0.0304823873051444,0.327146551724138,133
LRD,TTTC,Left Replicating,GAAA,-,-0.957870689655172,0.0327840318175581,0.327146551724138,133
LRD,TTTC,Right Replicating,GAAA,+,0.962077586206897,0.045509898981889,0.330991379310345,133
LRD,TTTC,Right Replicating,GAAA,-,0.631086206896552,0.0380101987278815,0.330991379310345,133
LRD,TTTG,Right Replicating,CAAA,+,0.952362068965517,0.0537920709701809,0.337336206896552,134
LRD,TTTG,Left Replicating,CAAA,+,-0.606362068965517,0.0235059692838135,0.349896551724138,134
LRD,TTTG,Left Replicating,CAAA,-,-0.956258620689655,0.0377062942517356,0.349896551724138,134
LRD,TTTG,Right Replicating,CAAA,-,0.615025862068965,0.0320563505693393,0.337336206896552,134
LRD,TTTT,Left Replicating,AAAA,-,-2.06172413793103,0.0998922642456244,0.875474137931034,136
LRD,TTTT,Left Replicating,AAAA,+,-1.18625,0.0581629851421918,0.875474137931034,136
LRD,TTTT,Right Replicating,AAAA,-,1.21266379310345,0.0853151781096908,0.852327586206897,136
LRD,TTTT,Right Replicating,AAAA,+,2.06499137931034,0.0959749715105939,0.852327586206897,136
