direction,replication_domains,sequence,complementary,strand,percentage,sd,diff_strands
Left Replicating,ERD,AT,AT,+,-6.06278755868545,0.0737189217747015,0
Left Replicating,ERD,AT,AT,-,-6.06278755868545,0.0737189217747015,0
Left Replicating,ERD,CC,GG,+,-6.61224178403756,0.106179326703624,0.038133802816902
Left Replicating,ERD,CC,GG,-,-6.65037558685446,0.0983808177274067,0.038133802816902
Left Replicating,ERD,CG,CG,+,-1.66466549295775,0.0566854909743571,0
Left Replicating,ERD,CG,CG,-,-1.66466549295775,0.0566854909743571,0
Left Replicating,ERD,CT,AG,-,-7.422529342723,0.0747004196684642,0.212271126760563
Left Replicating,ERD,CT,AG,+,-7.21025821596244,0.0779792995002252,0.212271126760563
Left Replicating,ERD,GC,GC,-,-5.38166666666667,0.0627008922240397,0
Left Replicating,ERD,GC,GC,+,-5.38166666666667,0.0627008922240397,0
Left Replicating,ERD,GT,AC,+,-4.83692488262911,0.06367846499205,0.259043427230047
Left Replicating,ERD,GT,AC,-,-5.09596830985916,0.0538558859086725,0.259043427230047
Left Replicating,ERD,TA,TA,+,-5.09116784037559,0.0810426786946903,0
Left Replicating,ERD,TA,TA,-,-5.09116784037559,0.0810426786946903,0
Left Replicating,ERD,TC,GA,+,-5.85071596244131,0.0689013809070019,0.185158450704225
Left Replicating,ERD,TC,GA,-,-6.03587441314554,0.0619552470895139,0.185158450704225
Left Replicating,ERD,TG,CA,+,-7.16881455399061,0.0769286649923449,0.282599765258216
Left Replicating,ERD,TG,CA,-,-7.45141431924883,0.0657838350368902,0.282599765258216
Left Replicating,ERD,TT,AA,+,-7.82128521126761,0.12811121505766,0.820856807511737
Left Replicating,ERD,TT,AA,-,-8.64214201877934,0.151555234138855,0.820856807511737
Left Replicating,LRD,AT,AT,+,-8.4859224137931,0.0863595815039617,0
Left Replicating,LRD,AT,AT,-,-8.4859224137931,0.0863595815039617,0
Left Replicating,LRD,CC,GG,+,-4.4871724137931,0.0812797147434603,0.0458275862068964
Left Replicating,LRD,CC,GG,-,-4.44134482758621,0.0852972275760757,0.0458275862068964
Left Replicating,LRD,CG,CG,+,-0.731681034482759,0.029940230299518,0
Left Replicating,LRD,CG,CG,-,-0.731681034482759,0.029940230299518,0
Left Replicating,LRD,CT,AG,-,-7.04497413793103,0.0875290797416404,0.841948275862069
Left Replicating,LRD,CT,AG,+,-6.20302586206897,0.0847093314866889,0.841948275862069
Left Replicating,LRD,GC,GC,-,-3.66762931034483,0.0599978770878269,0
Left Replicating,LRD,GC,GC,+,-3.66762931034483,0.0599978770878269,0
Left Replicating,LRD,GT,AC,+,-4.47853448275862,0.0888314830201689,0.9225
Left Replicating,LRD,GT,AC,-,-5.40103448275862,0.0895828872886352,0.9225
Left Replicating,LRD,TA,TA,+,-7.15839655172414,0.0789922663452324,0
Left Replicating,LRD,TA,TA,-,-7.15839655172414,0.0789922663452324,0
Left Replicating,LRD,TC,GA,+,-5.40776724137931,0.0908903759835141,0.823146551724138
Left Replicating,LRD,TC,GA,-,-6.23091379310345,0.0789858638506938,0.823146551724138
Left Replicating,LRD,TG,CA,+,-6.60069827586207,0.0894269999671434,0.940844827586207
Left Replicating,LRD,TG,CA,-,-7.54154310344828,0.0910088349086358,0.940844827586207
Left Replicating,LRD,TT,AA,+,-8.82256034482759,0.208122345617175,3.39024137931034
Left Replicating,LRD,TT,AA,-,-12.2128017241379,0.258657383545577,3.39024137931034
Right Replicating,ERD,AT,AT,+,6.07920187793427,0.0684080403230749,0
Right Replicating,ERD,AT,AT,-,6.07920187793427,0.0684080403230749,0
Right Replicating,ERD,CC,GG,+,6.62659037558685,0.0954696283760427,0.071889671361502
Right Replicating,ERD,CC,GG,-,6.55470070422535,0.0893090657806361,0.071889671361502
Right Replicating,ERD,CG,CG,+,1.62948356807512,0.0513007985462596,0
Right Replicating,ERD,CG,CG,-,1.62948356807512,0.0513007985462596,0
Right Replicating,ERD,CT,AG,-,7.25369131455399,0.0952208953166031,0.143116197183098
Right Replicating,ERD,CT,AG,+,7.39680751173709,0.0807990614832153,0.143116197183098
Right Replicating,ERD,GC,GC,-,5.35972417840376,0.0607088369026348,0
Right Replicating,ERD,GC,GC,+,5.35972417840376,0.0607088369026348,0
Right Replicating,ERD,GT,AC,+,5.07605633802817,0.0779811564346148,0.210211267605634
Right Replicating,ERD,GT,AC,-,4.86584507042254,0.062474058557835,0.210211267605634
Right Replicating,ERD,TA,TA,+,5.09340962441315,0.0707186359861407,0
Right Replicating,ERD,TA,TA,-,5.09340962441315,0.0707186359861407,0
Right Replicating,ERD,TC,GA,+,6.0112323943662,0.0707889981697732,0.117869718309859
Right Replicating,ERD,TC,GA,-,5.89336267605634,0.0756006303733517,0.117869718309859
Right Replicating,ERD,TG,CA,+,7.44696596244131,0.0698399245019914,0.236461267605634
Right Replicating,ERD,TG,CA,-,7.21050469483568,0.0890950110992206,0.236461267605634
Right Replicating,ERD,TT,AA,+,8.59682511737089,0.212772677448679,0.691226525821596
Right Replicating,ERD,TT,AA,-,7.9055985915493,0.167352635782986,0.691226525821596
Right Replicating,LRD,AT,AT,+,8.52576724137931,0.107904722954282,0
Right Replicating,LRD,AT,AT,-,8.52576724137931,0.107904722954282,0
Right Replicating,LRD,CC,GG,+,4.37234482758621,0.0948377265321479,0.112801724137931
Right Replicating,LRD,CC,GG,-,4.48514655172414,0.0802682136502906,0.112801724137931
Right Replicating,LRD,CG,CG,+,0.727086206896552,0.028271491501978,0
Right Replicating,LRD,CG,CG,-,0.727086206896552,0.028271491501978,0
Right Replicating,LRD,CT,AG,-,6.19652586206897,0.115407718590472,0.81203448275862
Right Replicating,LRD,CT,AG,+,7.00856034482759,0.132553564278298,0.81203448275862
Right Replicating,LRD,GC,GC,-,3.63529310344828,0.0640885627811077,0
Right Replicating,LRD,GC,GC,+,3.63529310344828,0.0640885627811077,0
Right Replicating,LRD,GT,AC,+,5.41045689655172,0.11383266874301,0.916672413793104
Right Replicating,LRD,GT,AC,-,4.49378448275862,0.125781088554052,0.916672413793104
Right Replicating,LRD,TA,TA,+,7.19439655172414,0.110650785725377,0
Right Replicating,LRD,TA,TA,-,7.19439655172414,0.110650785725377,0
Right Replicating,LRD,TC,GA,+,6.23297413793103,0.139080028539565,0.838991379310344
Right Replicating,LRD,TC,GA,-,5.39398275862069,0.107116624816275,0.838991379310344
Right Replicating,LRD,TG,CA,+,7.51647413793103,0.127879262514463,0.888827586206896
Right Replicating,LRD,TG,CA,-,6.62764655172414,0.128105338742129,0.888827586206896
Right Replicating,LRD,TT,AA,+,12.2035,0.372726815681704,3.30893965517241
Right Replicating,LRD,TT,AA,-,8.89456034482759,0.33376812142951,3.30893965517241
