replication_domains,sequence,complementary,expected,observed,countT,count(T-A),count(T+A),count(T+A-G-C),count(T+C),count(T+C-A-G),GorC
ERD,C,G,1.00073530201946,1.00447082135085,0,0,0,-1,1,1,C-rich
ERD,T,A,0.998865741234985,1.05126180129563,1,1,1,1,1,1,T-rich
ERD,AT,AT,1.05006939838319,1,1,0,2,2,1,0,neutral
ERD,CC,GG,1.00520941077428,1.00552687686948,0,0,0,-2,2,2,C-rich
ERD,CG,CG,1.00373277461468,1,0,0,0,-2,1,0,neutral
ERD,CT,AG,1.00333149151754,1.03090178058587,1,1,1,0,2,2,neutral
ERD,GC,GC,1.00520941077428,1,0,0,0,-2,1,0,neutral
ERD,GT,AC,1.00333149151754,1.0539830311387,1,1,1,0,1,0,neutral
ERD,TA,TA,1.05245555823735,1,1,0,2,2,1,0,neutral
ERD,TC,GA,1.05203479622111,1.03292662690705,1,1,1,0,2,2,neutral
ERD,TG,CA,1.05048937433726,1.04019550609941,1,1,1,0,1,0,neutral
ERD,TT,AA,1.05006939838319,1.1083619374175,2,2,2,2,2,2,T-rich
ERD,ACT,AGT,1.05278754164745,1.03086224336157,1,0,2,1,2,1,neutral
ERD,ATC,GAT,1.00073530201946,1.02384007921059,1,0,2,1,2,1,neutral
ERD,ATG,CAT,0.999265238252338,1.00484879177028,1,0,2,1,1,-1,neutral
ERD,ATT,AAT,0.998865741234985,1.06127427157831,2,1,3,3,2,1,T-rich
ERD,CCC,GGG,1.00626624281266,1.01287744653875,0,0,0,-3,3,3,C-rich
ERD,CCG,CGG,1.00478805418411,1.00567519412243,0,0,0,-3,2,1,C-rich
ERD,CCT,AGG,1.00438634919593,1.02809762562604,1,1,1,-1,3,3,C-rich
ERD,CGC,GCG,1.00073530201946,1.00877870550876,0,0,0,-3,2,1,C-rich
ERD,CGT,ACG,0.998865741234985,1.0272952853598,1,1,1,-1,2,1,neutral
ERD,CTA,TAG,1.03207241777186,1.02834424357656,1,0,2,1,2,1,neutral
ERD,CTC,GAG,1.031659804747,0.974641361987162,1,1,1,-1,3,3,C-rich
ERD,CTG,CAG,1.0301443133919,1.02780178303678,1,1,1,-1,2,1,neutral
ERD,CTT,AAG,1.02973247120537,1.08007696059834,2,2,2,1,3,3,T-rich
ERD,GCC,GGC,1.00073530201946,0.998989477896913,0,0,0,-3,2,1,C-rich
ERD,GCT,AGC,0.998865741234985,1.03634430376072,1,1,1,-1,2,1,neutral
ERD,GGT,ACC,1.00438634919593,1.04569591334492,1,1,1,-1,1,-1,G-rich
ERD,GTA,TAC,1.05517987816417,0.971427408522935,1,0,2,1,1,-1,neutral
ERD,GTC,GAC,1.05475802698997,1.03898734469406,1,1,1,-1,2,1,neutral
ERD,GTG,CAC,1.05320860472473,1.04208055470298,1,1,1,-1,1,-1,G-rich
ERD,GTT,AAC,1.05278754164745,1.10160501187671,2,2,2,1,2,1,T-rich
ERD,TAT,ATA,0.998865741234985,1.05505392474027,2,1,3,3,2,1,T-rich
ERD,TCA,TGA,1.03409956340073,1.005265561956,1,0,2,1,2,1,neutral
ERD,TCC,GGA,1.03368613994176,1.02612933132072,1,1,1,-1,3,3,C-rich
ERD,TCG,CGA,1.03216767193345,1.02411765744452,1,1,1,-1,2,1,neutral
ERD,TCT,AGA,1.03175502082686,1.07583053465486,2,2,2,1,3,3,T-rich
ERD,TGC,GCA,1.04096036395568,1.04211789376464,1,1,1,-1,2,1,neutral
ERD,TGG,CCA,1.03943121023144,1.03265027881168,1,1,1,-1,1,-1,G-rich
ERD,TGT,ACA,1.03901565522929,1.08551438720418,2,2,2,1,2,1,T-rich
ERD,TTA,TAA,1.1096205342343,1.05274291301585,2,1,3,3,2,1,T-rich
ERD,TTC,GAA,1.10917691818838,1.08105294147214,2,2,2,1,3,3,T-rich
ERD,TTG,CAA,1.10754755546332,1.09871511977786,2,2,2,1,2,1,T-rich
ERD,TTT,AAA,1.10710476817518,1.15526409208668,3,3,3,3,3,3,T-rich
ERD,AATT,AATT,1.06007051193368,1,2,0,4,4,2,0,neutral
ERD,ACCT,AGGT,1.04450982358967,1.01598388358007,1,0,2,0,3,2,C-rich
ERD,ACGT,ACGT,1.02613006667812,1,1,0,2,0,2,0,neutral
ERD,ACTC,GAGT,1.0316202384509,1.04232166318881,1,0,2,0,3,2,C-rich
ERD,ACTG,CAGT,1.03010480521804,1.01357357035768,1,0,2,0,2,0,neutral
ERD,ACTT,AAGT,1.02969297882651,1.00222769537304,2,1,3,2,3,2,T-rich
ERD,AGCT,AGCT,1.03516882115061,1,1,0,2,0,2,0,neutral
ERD,AGTC,GACT,1.0316202384509,0.983341376315027,1,0,2,0,2,0,neutral
ERD,AGTG,CACT,1.03010480521804,0.973254252461952,1,0,2,0,1,-2,G-rich
ERD,AGTT,AACT,1.02969297882651,1.0641194761142,2,1,3,2,2,0,T-rich
ERD,ATAT,ATAT,1.05385722057857,1,2,0,4,4,2,0,neutral
ERD,ATCC,GGAT,1.02459291088843,1.03272362560772,1,0,2,0,3,2,C-rich
ERD,ATCG,CGAT,1.02308780068466,1.07209195402299,1,0,2,0,2,0,neutral
ERD,ATCT,AGAT,1.02267877962677,1.03143437604364,2,1,3,2,3,2,T-rich
ERD,ATGC,GCAT,1.00558765911612,1.02369631151551,1,0,2,0,2,0,neutral
ERD,ATGG,CCAT,1.0041104673159,1.01332669763327,1,0,2,0,1,-2,G-rich
ERD,ATGT,ACAT,1.0037090332207,1.05243783448154,2,1,3,2,2,0,T-rich
ERD,ATTA,TAAT,1.0624793981483,1.01019735566671,2,0,4,4,2,0,neutral
ERD,ATTC,GAAT,1.0620546286934,0.966261597575833,2,1,3,2,3,2,T-rich
ERD,ATTG,CAAT,1.06049448783977,0.945782506237871,2,1,3,2,2,0,T-rich
ERD,ATTT,AAAT,1.06007051193368,1.12257659488349,3,2,4,4,3,2,T-rich
ERD,CATC,GATG,1.00558765911612,1.02464393461026,1,0,2,0,3,2,C-rich
ERD,CATG,CATG,1.0041104673159,1,1,0,2,0,2,0,neutral
ERD,CATT,AATG,1.0037090332207,1.06102791060932,2,1,3,2,3,2,T-rich
ERD,CCCC,GGGG,1.01362221737065,1.0225670886743,0,0,0,-4,4,4,C-rich
ERD,CCCG,CGGG,1.01213322293596,0.993892024895064,0,0,0,-4,3,2,C-rich
ERD,CCCT,AGGG,1.01172858141712,1.01517448765572,1,1,1,-2,4,4,C-rich
ERD,CCGC,GCGG,1.00641466912359,0.995351777480292,0,0,0,-4,3,2,C-rich
ERD,CCGG,CCGG,1.00493626245922,1,0,0,0,-4,2,0,neutral
ERD,CCGT,ACGG,1.00453449821874,0.991538933169834,1,1,1,-2,3,2,C-rich
ERD,CCTA,TAGG,1.02926507856293,1.0378856215046,1,0,2,0,3,2,C-rich
ERD,CCTC,GAGG,1.02885358788637,0.949330800449011,1,1,1,-2,4,4,C-rich
ERD,CCTG,CAGG,1.02734221881787,1.00363353427307,1,1,1,-2,3,2,C-rich
ERD,CCTT,AAGG,1.02693149688288,1.07431906083011,2,2,2,0,4,4,neutral
ERD,CGCC,GGCG,1.00952046252811,0.993923302219911,0,0,0,-4,3,2,C-rich
ERD,CGCG,CGCG,1.0080374935041,1,0,0,0,-4,2,0,neutral
ERD,CGCT,AGCG,1.00763448942008,1.00622334908378,1,1,1,-2,3,2,C-rich
ERD,CGGC,GCCG,1.00641466912359,0.971968074751801,0,0,0,-4,2,0,neutral
ERD,CGGT,ACCG,1.00453449821874,1.02014830349787,1,1,1,-2,2,0,G-rich
ERD,CGTA,TACG,1.02846182720179,1.00334308399499,1,0,2,0,2,0,neutral
ERD,CGTC,GACG,1.02805065765771,1.02155644866642,1,1,1,-2,3,2,C-rich
ERD,CGTG,CACG,1.02654046808057,1.04371358922448,1,1,1,-2,2,0,G-rich
ERD,CGTT,AACG,1.02613006667812,1.07940149625935,2,2,2,0,3,2,T-rich
ERD,CTAC,GTAG,1.02910038717556,1.06828883681202,1,0,2,0,3,2,C-rich
ERD,CTAG,CTAG,1.02758865556295,1,1,0,2,0,2,0,neutral
ERD,CTAT,ATAG,1.02717783510483,1.01202546569205,2,1,3,2,3,2,T-rich
ERD,CTCA,TGAG,0.975748112836593,1.00081843595969,1,0,2,0,3,2,C-rich
ERD,CTCC,GGAG,0.975358017748879,0.969659500016823,1,1,1,-2,4,4,C-rich
ERD,CTCG,CGAG,0.973925232796685,1.05170686920958,1,1,1,-2,3,2,C-rich
ERD,CTCT,AGAG,0.973535866479582,1.04508780742852,2,2,2,0,4,4,neutral
ERD,CTGA,TCAG,1.02896890003056,1.01035805769639,1,0,2,0,2,0,neutral
ERD,CTGC,GCAG,1.02855752776345,0.971797125700306,1,1,1,-2,3,2,C-rich
ERD,CTGG,CCAG,1.02704659360242,1.03730530443307,1,1,1,-2,2,0,G-rich
ERD,CTGT,ACAG,1.02663598985567,1.05206042904182,2,2,2,0,3,2,T-rich
ERD,CTTA,TAAG,1.0813034385011,0.970383488031265,2,1,3,2,3,2,T-rich
ERD,CTTC,GAAG,1.08087114336864,0.946543308426136,2,2,2,0,4,4,neutral
ERD,CTTG,CAAG,1.07928336136316,1.0680831408776,2,2,2,0,3,2,T-rich
ERD,CTTT,AAAG,1.07885187383889,1.13232484737738,3,3,3,2,4,4,T-rich
ERD,GATC,GATC,1.02459291088843,1,1,0,2,0,2,0,neutral
ERD,GATT,AATC,1.02267877962677,1.08218923619906,2,1,3,2,2,0,T-rich
ERD,GCCC,GGGC,0.999724036877429,0.985685680268427,0,0,0,-4,3,2,C-rich
ERD,GCCT,AGGC,0.997856365325451,1.02812288336101,1,1,1,-2,3,2,C-rich
ERD,GCGC,GCGC,1.00952046252811,1,0,0,0,-4,2,0,neutral
ERD,GCGT,ACGC,1.00763448942008,1.04470890961724,1,1,1,-2,2,0,G-rich
ERD,GCTA,TAGC,1.03752112118631,1.00305472507474,1,0,2,0,2,0,neutral
ERD,GCTC,GAGC,1.03710632982013,1.01733623530123,1,1,1,-2,3,2,C-rich
ERD,GCTG,CAGC,1.03558283760891,1.0461331553027,1,1,1,-2,2,0,G-rich
ERD,GCTT,AAGC,1.03516882115061,1.07443126921388,2,2,2,0,3,2,T-rich
ERD,GGCC,GGCC,0.999724036877429,1,0,0,0,-4,2,0,neutral
ERD,GGCT,AGCC,0.997856365325451,1.03821810843081,1,1,1,-2,2,0,G-rich
ERD,GGGT,ACCC,1.01172858141712,1.06185117615719,1,1,1,-2,1,-2,G-rich
ERD,GGTA,TACC,1.04688334996056,0.961095540694286,1,0,2,0,1,-2,G-rich
ERD,GGTC,GACC,1.04646481566174,1.04232859751107,1,1,1,-2,2,0,G-rich
ERD,GGTG,CACC,1.04492757598811,1.01449806044101,1,1,1,-2,1,-2,G-rich
ERD,GGTT,AACC,1.04450982358967,1.09990320165105,2,2,2,0,2,0,neutral
ERD,GTAC,GTAC,0.97214170105818,1,1,0,2,0,2,0,neutral
ERD,GTAT,ATAC,0.970325558470242,1.0910957269038,2,1,3,2,2,0,T-rich
ERD,GTCA,TGAC,1.04016716341625,1.00290225214767,1,0,2,0,2,0,neutral
ERD,GTCC,GGAC,1.03975131418681,1.01963770624207,1,1,1,-2,3,2,C-rich
ERD,GTCG,CGAC,1.03822393653688,1.03519350948361,1,1,1,-2,2,0,G-rich
ERD,GTCT,AGAC,1.0378088641916,1.08495185367088,2,2,2,0,3,2,T-rich
ERD,GTGA,TCAC,1.04326388590979,0.995996503275012,1,0,2,0,1,-2,G-rich
ERD,GTGC,GCAC,1.04284679863929,1.07223669715145,1,1,1,-2,2,0,G-rich
ERD,GTGG,CCAC,1.0413148737734,1.01723151559532,1,1,1,-2,1,-2,G-rich
ERD,GTGT,ACAC,1.04089856569995,1.09607649192219,2,2,2,0,2,0,neutral
ERD,GTTA,TAAC,1.10285593588854,0.942775650743891,2,1,3,2,2,0,T-rich
ERD,GTTC,GAAC,1.10241502426659,1.05942032080993,2,2,2,0,3,2,T-rich
ERD,GTTG,CAAC,1.10079559465295,1.11193145925458,2,2,2,0,2,0,neutral
ERD,GTTT,AAAC,1.1003555067364,1.1398800799467,3,3,3,2,3,2,T-rich
ERD,TACT,AGTA,0.970325558470242,0.988992517080577,2,1,3,2,3,2,T-rich
ERD,TAGT,ACTA,1.02717783510483,1.09970529346921,2,1,3,2,2,0,T-rich
ERD,TATA,TATA,1.05625198781551,1,2,0,4,4,2,0,neutral
ERD,TATC,GATA,1.05582970802177,1.03874117709494,2,1,3,2,3,2,T-rich
ERD,TATG,CATA,1.05427871147465,1.03865746446471,2,1,3,2,2,0,T-rich
ERD,TATT,AATA,1.05385722057857,1.11614020005344,3,2,4,4,3,2,T-rich
ERD,TCAT,ATGA,1.00412533068118,1.03793595151803,2,1,3,2,3,2,T-rich
ERD,TCCA,TGGA,1.02729454916737,1.00291270248654,1,0,2,0,3,2,C-rich
ERD,TCCC,GGGA,1.02688384629027,1.00648204535367,1,1,1,-2,4,4,C-rich
ERD,TCCG,CGGA,1.02537537073992,1.01797792808829,1,1,1,-2,3,2,C-rich
ERD,TCCT,AGGA,1.02496543513263,1.07282272314088,2,2,2,0,4,4,neutral
ERD,TCGA,TCGA,1.02528059094139,1,1,0,2,0,2,0,neutral
ERD,TCGC,GCGA,1.0248706932262,0.988464496283004,1,1,1,-2,3,2,C-rich
ERD,TCGG,CCGA,1.02336517496472,1.03110061625295,1,1,1,-2,2,0,G-rich
ERD,TCGT,ACGA,1.02295604301515,1.09094364724888,2,2,2,0,3,2,T-rich
ERD,TCTA,TAGA,1.07705219054236,1.01439480854725,2,1,3,2,3,2,T-rich
ERD,TCTC,GAGA,1.07662159501958,1.04625138411187,2,2,2,0,4,4,neutral
ERD,TCTG,CAGA,1.07504005553102,1.07264232032266,2,2,2,0,3,2,T-rich
ERD,TCTT,AAGA,1.07461026444125,1.15046631201727,3,3,3,2,4,4,T-rich
ERD,TGAT,ATCA,1.00412533068118,1.07328273795137,2,1,3,2,2,0,T-rich
ERD,TGCA,TGCA,1.04330126737171,1,1,0,2,0,2,0,neutral
ERD,TGCC,GGCA,1.04288416515644,1.04517745302714,1,1,1,-2,3,2,C-rich
ERD,TGCG,CGCA,1.04135218539975,1.06639146886825,1,1,1,-2,2,0,G-rich
ERD,TGCT,AGCA,1.04093586240946,1.08200567293163,2,2,2,0,3,2,T-rich
ERD,TGGC,GCCA,1.03340958864708,1.03521741126774,1,1,1,-2,2,0,G-rich
ERD,TGGG,CCCA,1.03189152688809,1.03136960029739,1,1,1,-2,1,-2,G-rich
ERD,TGGT,ACCA,1.03147898618174,1.06686571215308,2,2,2,0,2,0,neutral
ERD,TGTA,TACA,1.08674703955916,1.04249781913347,2,1,3,2,2,0,T-rich
ERD,TGTC,GACA,1.08631256812525,1.06977809446254,2,2,2,0,3,2,T-rich
ERD,TGTG,CACA,1.08471679275593,1.08400670833969,2,2,2,0,2,0,neutral
ERD,TGTT,AACA,1.08428313299595,1.13513044555989,3,3,3,2,3,2,T-rich
ERD,TTAA,TTAA,1.0539383518292,1,2,0,4,4,2,0,neutral
ERD,TTAC,GTAA,1.05351699700576,1.04240601503759,2,1,3,2,3,2,T-rich
ERD,TTAG,CTAA,1.05196939779325,1.05269676029794,2,1,3,2,2,0,T-rich
ERD,TTAT,ATAA,1.05154883013946,1.11620074547391,3,2,4,4,3,2,T-rich
ERD,TTCA,TGAA,1.08228052764682,1.03595490009955,2,1,3,2,3,2,T-rich
ERD,TTCC,GGAA,1.08184784188314,1.06816663829118,2,2,2,0,4,4,neutral
ERD,TTCG,CGAA,1.08025862512355,1.05446989123707,2,2,2,0,3,2,T-rich
ERD,TTCT,AGAA,1.07982674769783,1.13122830479974,3,3,3,2,4,4,T-rich
ERD,TTGA,TCAA,1.09996276218206,1.06725942138021,2,1,3,2,2,0,T-rich
ERD,TTGC,GCAA,1.09952300722425,1.09003215434084,2,2,2,0,3,2,T-rich
ERD,TTGG,CCAA,1.09790782593627,1.08885123686886,2,2,2,0,2,0,neutral
ERD,TTGT,ACAA,1.097468892523,1.14867349974308,3,3,3,2,3,2,T-rich
ERD,TTTA,TAAA,1.15657594849366,1.11146291229904,3,2,4,4,3,2,T-rich
ERD,TTTC,GAAA,1.1561135601066,1.14086842633375,3,3,3,2,4,4,T-rich
ERD,TTTG,CAAA,1.15441524822337,1.13744463509038,3,3,3,2,3,2,T-rich
ERD,TTTT,AAAA,1.15395372366432,1.18685027035658,4,4,4,4,4,4,T-rich
ERD,AACTT,AAGTT,1.06291248927139,1.00955580008108,2,0,4,3,3,1,neutral
ERD,AATCT,AGATT,1.0809617535725,1.00782013685239,2,0,4,3,3,1,neutral
ERD,AATGT,ACATT,1.05982443040179,1.01399869076993,2,0,4,3,2,-1,neutral
ERD,AATTC,GAATT,1.00073530201946,0.990055003055725,2,0,4,3,3,1,neutral
ERD,AATTG,CAATT,0.999265238252338,1.01718257288114,2,0,4,3,2,-1,neutral
ERD,AATTT,AAATT,0.998865741234985,1.08581668930832,3,1,5,5,3,1,T-rich
ERD,ACCCT,AGGGT,1.06064676215349,1.03072390572391,1,0,2,-1,4,3,C-rich
ERD,ACCGT,ACGGT,1.01899119134301,0.990993449781659,1,0,2,-1,3,1,C-rich
ERD,ACCTC,GAGGT,1.01673093858141,0.964628111952992,1,0,2,-1,4,3,C-rich
ERD,ACCTG,CAGGT,1.01523737748618,1.05848051348744,1,0,2,-1,3,1,C-rich
ERD,ACCTT,AAGGT,1.01483149495501,1.03456543456543,2,1,3,1,4,3,neutral
ERD,ACGCT,AGCGT,1.04352393937962,1.00033101621979,1,0,2,-1,3,1,C-rich
ERD,ACGTC,GACGT,1.00073530201946,1.02425447316103,1,0,2,-1,3,1,C-rich
ERD,ACGTG,CACGT,0.999265238252338,0.982051282051282,1,0,2,-1,2,-1,G-rich
ERD,ACGTT,AACGT,0.998865741234985,1.01896838602329,2,1,3,1,3,1,T-rich
ERD,ACTAT,ATAGT,1.09845794310116,1.05195822454308,2,0,4,3,3,1,neutral
ERD,ACTCC,GGAGT,1.04308808441268,1.0479140173114,1,0,2,-1,4,3,C-rich
ERD,ACTCG,CGAGT,1.04155580510194,1.06421556283052,1,0,2,-1,3,1,C-rich
ERD,ACTCT,AGAGT,1.04113940070637,0.994800233458906,2,1,3,1,4,3,neutral
ERD,ACTGC,GCAGT,1.01431885305083,1.0190397710023,1,0,2,-1,3,1,C-rich
ERD,ACTGG,CCAGT,1.01282883526974,1.01483342305162,1,0,2,-1,2,-1,G-rich
ERD,ACTGT,ACAGT,1.01242391565151,1.03541109431329,2,1,3,1,3,1,T-rich
ERD,ACTTA,TAAGT,1.00336577179421,1.0487906588824,2,0,4,3,3,1,neutral
ERD,ACTTC,GAAGT,1.0029646354214,0.996827452249919,2,1,3,1,4,3,neutral
ERD,ACTTG,CAAGT,1.00149129680003,1.01068266209654,2,1,3,1,3,1,T-rich
ERD,ACTTT,AAAGT,1.00109090982502,1.03347895001353,3,2,4,3,4,3,T-rich
ERD,AGCCT,AGGCT,1.03704050044132,1.00952739799763,1,0,2,-1,3,1,C-rich
ERD,AGCTC,GAGCT,1.00073530201946,0.98371668099742,1,0,2,-1,3,1,C-rich
ERD,AGCTG,CAGCT,0.999265238252338,0.989509350361634,1,0,2,-1,2,-1,G-rich
ERD,AGCTT,AAGCT,0.998865741234985,1.03518881804806,2,1,3,1,3,1,T-rich
ERD,AGGTC,GACCT,1.01673093858141,1.01460040983607,1,0,2,-1,2,-1,G-rich
ERD,AGGTG,CACCT,1.01523737748618,0.979641144075324,1,0,2,-1,1,-3,G-rich
ERD,AGGTT,AACCT,1.01483149495501,1.04133101669036,2,1,3,1,2,-1,neutral
ERD,AGTAT,ATACT,0.987870743649544,0.958985519377249,2,0,4,3,2,-1,neutral
ERD,AGTCC,GGACT,0.984064429214849,1.01451816524057,1,0,2,-1,3,1,C-rich
ERD,AGTCG,CGACT,0.982618854686818,0.999542961608775,1,0,2,-1,2,-1,G-rich
ERD,AGTCT,AGACT,0.98222601273994,1.07837720723649,2,1,3,1,3,1,T-rich
ERD,AGTGC,GCACT,0.973969888279233,0.917877476656798,1,0,2,-1,2,-1,G-rich
ERD,AGTGG,CCACT,0.972539142466494,0.96932387312187,1,0,2,-1,1,-3,G-rich
ERD,AGTGT,ACACT,0.972150330295508,1.06969340438785,2,1,3,1,2,-1,neutral
ERD,AGTTA,TAACT,1.06532783354701,0.98772312414183,2,0,4,3,2,-1,neutral
ERD,AGTTC,GAACT,1.06490192531393,0.987581059586443,2,1,3,1,3,1,T-rich
ERD,AGTTG,CAACT,1.06333760182821,0.927454518117576,2,1,3,1,2,-1,neutral
ERD,AGTTT,AAACT,1.06291248927139,1.11868652977229,3,2,4,3,3,1,T-rich
ERD,ATATC,GATAT,1.00073530201946,1.01671282590011,2,0,4,3,3,1,neutral
ERD,ATATG,CATAT,0.999265238252338,1.02003361344538,2,0,4,3,2,-1,neutral
ERD,ATATT,AATAT,0.998865741234985,1.06110468354973,3,1,5,5,3,1,T-rich
ERD,ATCAT,ATGAT,1.07206535759851,1.00980089995685,2,0,4,3,3,1,neutral
ERD,ATCCC,GGGAT,1.03348298937518,1.10328858361952,1,0,2,-1,4,3,C-rich
ERD,ATCCG,CGGAT,1.03196481979172,0.956730769230769,1,0,2,-1,3,1,C-rich
ERD,ATCCT,AGGAT,1.03155224978354,1.01636984110057,2,1,3,1,4,3,neutral
ERD,ATCGC,GCGAT,1.07288026540183,1.12749941190308,1,0,2,-1,3,1,C-rich
ERD,ATCGG,CCGAT,1.0713042218652,1.04114490161002,1,0,2,-1,2,-1,G-rich
ERD,ATCGT,ACGAT,1.07087592432724,1.0278732340588,2,1,3,1,3,1,T-rich
ERD,ATCTA,TAGAT,1.03260561801668,1.0427760028399,2,0,4,3,3,1,neutral
ERD,ATCTC,GAGAT,1.03219279182328,1.00755646119885,2,1,3,1,4,3,neutral
ERD,ATCTG,CAGAT,1.0306765175189,0.959640522875817,2,1,3,1,3,1,T-rich
ERD,ATCTT,AAGAT,1.03026446256207,1.12400821172946,3,2,4,3,4,3,T-rich
ERD,ATGCC,GGCAT,1.02444903748068,1.0256076879593,1,0,2,-1,3,1,C-rich
ERD,ATGCG,CGCAT,1.02294413862458,0.999598393574297,1,0,2,-1,2,-1,G-rich
ERD,ATGCT,AGCAT,1.02253517500146,1.02338321753073,2,1,3,1,3,1,T-rich
ERD,ATGGC,GCCAT,1.01407179880041,1.00581836579813,1,0,2,-1,2,-1,G-rich
ERD,ATGGG,CCCAT,1.01258214393796,0.971277777777778,1,0,2,-1,1,-3,G-rich
ERD,ATGGT,ACCAT,1.01217732294465,0.989416636842374,2,1,3,1,2,-1,neutral
ERD,ATGTA,TACAT,1.05363292686394,0.999735046698019,2,0,4,3,2,-1,neutral
ERD,ATGTC,GACAT,1.05321169414658,0.970131229369616,2,1,3,1,3,1,T-rich
ERD,ATGTG,CACAT,1.05166454341897,0.961034212588143,2,1,3,1,2,-1,neutral
ERD,ATGTT,AACAT,1.05124409764314,1.11297953065717,3,2,4,3,3,1,T-rich
ERD,ATTAC,GTAAT,1.01094015582238,0.956672166923937,2,0,4,3,3,1,neutral
ERD,ATTAG,CTAAT,1.00945510129217,1.06316451714376,2,0,4,3,2,-1,neutral
ERD,ATTAT,ATAAT,1.00905153046165,1.05222018175825,3,1,5,5,3,1,T-rich
ERD,ATTCA,TGAAT,0.967358832810864,1.0213247683235,2,0,4,3,3,1,neutral
ERD,ATTCC,GGAAT,0.966972091679856,0.98283745693705,2,1,3,1,4,3,neutral
ERD,ATTCG,CGAAT,0.9655516255157,0.940690325717064,2,1,3,1,3,1,T-rich
ERD,ATTCT,AGAAT,0.965165606889486,1.08608670544075,3,2,4,3,4,3,T-rich
ERD,ATTGA,TCAAT,0.946856486506903,0.963618991621343,2,0,4,3,2,-1,neutral
ERD,ATTGC,GCAAT,0.946477942024676,0.962086258776329,2,1,3,1,3,1,T-rich
ERD,ATTGG,CCAAT,0.94508758143068,0.939138420437469,2,1,3,1,2,-1,neutral
ERD,ATTGT,ACAAT,0.944709744140373,1.08939722605666,3,2,4,3,3,1,T-rich
ERD,ATTTA,TAAAT,1.12385133310864,0.940909413350358,3,1,5,5,3,1,T-rich
ERD,ATTTC,GAAAT,1.1234020277207,0.895444703530979,3,2,4,3,4,3,T-rich
ERD,ATTTG,CAAAT,1.12175176854275,0.911856823266219,3,2,4,3,3,1,T-rich
ERD,ATTTT,AAAAT,1.12130330254134,1.16451732119585,4,3,5,5,4,3,T-rich
ERD,CACTC,GAGTG,0.973969888279233,1.05094939854856,1,0,2,-1,4,3,C-rich
ERD,CACTG,CAGTG,0.972539142466494,0.993568511431971,1,0,2,-1,3,1,C-rich
ERD,CACTT,AAGTG,0.972150330295508,0.966871746332229,2,1,3,1,4,3,neutral
ERD,CAGTC,GACTG,1.01431885305083,0.987153387153387,1,0,2,-1,3,1,C-rich
ERD,CAGTT,AACTG,1.01242391565151,1.0774310097801,2,1,3,1,3,1,T-rich
ERD,CATCC,GGATG,1.0253973573646,1.01235717834078,1,0,2,-1,4,3,C-rich
ERD,CATCG,CGATG,1.02389106544213,1.05860503508048,1,0,2,-1,3,1,C-rich
ERD,CATCT,AGATG,1.02348172324641,0.995322106388666,2,1,3,1,4,3,neutral
ERD,CATGC,GCATG,1.00073530201946,1.01109872019542,1,0,2,-1,3,1,C-rich
ERD,CATGG,CCATG,0.999265238252338,1.04228587501758,1,0,2,-1,2,-1,G-rich
ERD,CATGT,ACATG,0.998865741234985,1.07547365151672,2,1,3,1,3,1,T-rich
ERD,CATTA,TAATG,1.06223275742492,0.999926280869886,2,0,4,3,3,1,neutral
ERD,CATTC,GAATG,1.06180808657469,0.970163896583564,2,1,3,1,4,3,neutral
ERD,CATTG,CAATG,1.0602483078874,1.0632004539651,2,1,3,1,3,1,T-rich
ERD,CATTT,AAATG,1.05982443040179,1.10886340689456,3,2,4,3,4,3,T-rich
ERD,CCATC,GATGG,1.01407179880041,1.04122590212556,1,0,2,-1,4,3,C-rich
ERD,CCATT,AATGG,1.01217732294465,1.07684256913077,2,1,3,1,4,3,neutral
ERD,CCCCC,GGGGG,1.02331898431963,1.00083916083916,0,0,0,-5,5,5,C-rich
ERD,CCCCG,CGGGG,1.02181574549312,1.03815762112705,0,0,0,-5,4,3,C-rich
ERD,CCCCT,AGGGG,1.02140723299115,1.01093493712411,1,1,1,-3,5,5,C-rich
ERD,CCCGC,GCGGG,0.994622835708093,0.993997965412004,0,0,0,-5,4,3,C-rich
ERD,CCCGG,CCGGG,0.993161751053866,0.975591494459419,0,0,0,-5,3,1,C-rich
ERD,CCCGT,ACGGG,0.992764694154349,0.92897366030881,1,1,1,-3,4,3,C-rich
ERD,CCCTA,TAGGG,1.01632726576504,1.01678361464062,1,0,2,-1,4,3,C-rich
ERD,CCCTC,GAGGG,1.0159209475066,0.98947181377993,1,1,1,-3,5,5,C-rich
ERD,CCCTG,CAGGG,1.01442857627499,1.00768502331002,1,1,1,-3,4,3,C-rich
ERD,CCCTT,AAGGG,1.01402301709508,1.05035207332067,2,2,2,-1,5,5,C-rich
ERD,CCGCC,GGCGG,0.996083661652344,0.97963157106485,0,0,0,-5,4,3,C-rich
ERD,CCGCG,CGCGG,0.994620431068732,1.01546640889319,0,0,0,-5,3,1,C-rich
ERD,CCGCT,AGCGG,0.994222791002411,1.02429149797571,1,1,1,-3,4,3,C-rich
ERD,CCGGC,GCCGG,1.00073530201946,0.972231404958678,0,0,0,-5,3,1,C-rich
ERD,CCGGT,ACCGG,0.998865741234985,1.04115800488315,1,1,1,-3,3,1,neutral
ERD,CCGTA,TACGG,0.992664872001625,1.03481190342504,1,0,2,-1,3,1,C-rich
ERD,CCGTC,GACGG,0.992268013749766,1.08431876606684,1,1,1,-3,4,3,C-rich
ERD,CCGTG,CACGG,0.990810388290424,1.04549574043864,1,1,1,-3,3,1,neutral
ERD,CCGTT,AACGG,0.990414271444033,1.08395368072787,2,2,2,-1,4,3,neutral
ERD,CCTAC,GTAGG,1.03864878089806,1.04925005596597,1,0,2,-1,4,3,C-rich
ERD,CCTAG,CTAGG,1.03712302285147,1.01956144502287,1,0,2,-1,3,1,C-rich
ERD,CCTAT,ATAGG,1.03670839064133,0.96172682749864,2,1,3,1,4,3,neutral
ERD,CCTCA,TGAGG,0.95040880997207,0.970833596663085,1,0,2,-1,4,3,C-rich
ERD,CCTCC,GGAGG,0.950028845303716,0.935411277262498,1,1,1,-3,5,5,C-rich
ERD,CCTCG,CGAGG,0.948633268490965,0.926544240400668,1,1,1,-3,4,3,C-rich
ERD,CCTCT,AGAGG,0.948254013667703,1.04879749041478,2,2,2,-1,5,5,C-rich
ERD,CCTGA,TCAGG,1.00477320709006,0.991992947917432,1,0,2,-1,3,1,C-rich
ERD,CCTGC,GCAGG,1.00437150803761,0.961972917982179,1,1,1,-3,4,3,C-rich
ERD,CCTGG,CCAGG,1.00289610274341,0.999585225288159,1,1,1,-3,3,1,neutral
ERD,CCTGT,ACAGG,1.00249515413995,0.975023578002537,2,2,2,-1,4,3,neutral
ERD,CCTTA,TAAGG,1.07553900036839,0.982350371341197,2,1,3,1,4,3,neutral
ERD,CCTTC,GAAGG,1.07510900980508,0.957935682301325,2,2,2,-1,5,5,C-rich
ERD,CCTTG,CAAGG,1.07352969227943,1.08455588156842,2,2,2,-1,4,3,neutral
ERD,CCTTT,AAAGG,1.07310050501894,1.1283503208758,3,3,3,1,5,5,T-rich
ERD,CGATC,GATCG,1.07288026540183,0.916922350719849,1,0,2,-1,3,1,C-rich
ERD,CGATT,AATCG,1.07087592432724,1.11964171465131,2,1,3,1,3,1,T-rich
ERD,CGCCC,GGGCG,0.99465413603122,0.976708602516151,0,0,0,-5,4,3,C-rich
ERD,CGCCG,CGGCG,0.99319300539733,1.04028985507246,0,0,0,-5,3,1,C-rich
ERD,CGCCT,AGGCG,0.992795936002615,1.00946249903048,1,1,1,-3,4,3,C-rich
ERD,CGCGC,GCGCG,1.00073530201946,1.02073196530569,0,0,0,-5,3,1,C-rich
ERD,CGCGT,ACGCG,0.998865741234985,0.995046001415428,1,1,1,-3,3,1,neutral
ERD,CGCTA,TAGCG,1.00736596275662,1.01873536299766,1,0,2,-1,3,1,C-rich
ERD,CGCTC,GAGCG,1.00696322714439,0.992036405005688,1,1,1,-3,4,3,C-rich
ERD,CGCTG,CAGCG,1.00548401465727,1.03188940092166,1,1,1,-3,3,1,neutral
ERD,CGCTT,AAGCG,1.00508203143052,0.982236154649948,2,2,2,-1,4,3,neutral
ERD,CGGCC,GGCCG,0.972682764840015,0.976417004048583,0,0,0,-5,3,1,C-rich
ERD,CGGCT,AGCCG,0.970865611443699,1.06490100957126,1,1,1,-3,3,1,neutral
ERD,CGGGC,GCCCG,0.994622835708093,1.03368887950153,0,0,0,-5,2,-1,G-rich
ERD,CGGGT,ACCCG,0.992764694154349,1.0175791059769,1,1,1,-3,2,-1,G-rich
ERD,CGGTA,TACCG,1.02130672960769,0.970588235294118,1,0,2,-1,2,-1,G-rich
ERD,CGGTC,GACCG,1.02089842060557,0.949724770642202,1,1,1,-3,3,1,neutral
ERD,CGGTG,CACCG,1.01939873754751,0.988890556973427,1,1,1,-3,2,-1,G-rich
ERD,CGGTT,AACCG,1.01899119134301,1.05301724137931,2,2,2,-1,3,1,neutral
ERD,CGTAC,GTACG,1.00408084419086,1.04520222045995,1,0,2,-1,3,1,C-rich
ERD,CGTAG,CTACG,1.00260586587709,0.971486761710794,1,0,2,-1,2,-1,G-rich
ERD,CGTAT,ATACG,1.00220503330765,1.0263435194942,2,1,3,1,3,1,T-rich
ERD,CGTCA,TGACG,1.02271647379095,1.05971306708026,1,0,2,-1,3,1,C-rich
ERD,CGTCC,GGACG,1.02230760118612,0.993014808605756,1,1,1,-3,4,3,C-rich
ERD,CGTCG,CGACG,1.02080584806487,1.05668449197861,1,1,1,-3,3,1,neutral
ERD,CGTCT,AGACG,1.02039773931057,0.9684146894363,2,2,2,-1,4,3,neutral
ERD,CGTGA,TCACG,1.04489877481837,0.954390742001361,1,0,2,-1,2,-1,G-rich
ERD,CGTGC,GCACG,1.04448103393437,0.964099702380952,1,1,1,-3,3,1,neutral
ERD,CGTGG,CCACG,1.0429467084036,1.0259067357513,1,1,1,-3,2,-1,G-rich
ERD,CGTGT,ACACG,1.04252974793773,1.07842248413418,2,2,2,-1,3,1,neutral
ERD,CGTTA,TAACG,1.08062720714076,0.993479549496147,2,1,3,1,3,1,T-rich
ERD,CGTTC,GAACG,1.08019518235936,0.948967193195626,2,2,2,-1,4,3,neutral
ERD,CGTTG,CAACG,1.07860839332953,1.11069023569024,2,2,2,-1,3,1,neutral
ERD,CGTTT,AAACG,1.07817717565125,1.10819209039548,3,3,3,1,4,3,T-rich
ERD,CTACC,GGTAG,1.06907435175109,1.04877040710891,1,0,2,-1,4,3,C-rich
ERD,CTACT,AGTAG,1.0670771208353,0.929064230881353,2,1,3,1,4,3,neutral
ERD,CTAGC,GCTAG,1.00073530201946,1.02982016844981,1,0,2,-1,3,1,C-rich
ERD,CTAGT,ACTAG,0.998865741234985,1.0954081004555,2,1,3,1,3,1,T-rich
ERD,CTATA,TATAG,1.01317466793966,1.05502541692678,2,0,4,3,3,1,neutral
ERD,CTATC,GATAG,1.01276961006072,0.983382789317507,2,1,3,1,4,3,neutral
ERD,CTATG,CATAG,1.0112818680922,1.01704091594923,2,1,3,1,3,1,T-rich
ERD,CTATT,AATAG,1.01087756693717,1.05851315700467,3,2,4,3,4,3,T-rich
ERD,CTCAC,GTGAG,1.00155433977676,1.00750207343738,1,0,2,-1,4,3,C-rich
ERD,CTCAG,CTGAG,1.00008307285659,0.970489221914535,1,0,2,-1,3,1,C-rich
ERD,CTCAT,ATGAG,0.999683248876509,1.01846993950426,2,1,3,1,4,3,neutral
ERD,CTCCA,TGGAG,0.970760593728991,1.03324136118775,1,0,2,-1,4,3,C-rich
ERD,CTCCC,GGGAG,0.970372492605373,0.95824264817533,1,1,1,-3,5,5,C-rich
ERD,CTCCG,CGGAG,0.968947031307954,0.993791967566198,1,1,1,-3,4,3,C-rich
ERD,CTCCT,AGGAG,0.968559655229849,1.0827288287554,2,2,2,-1,5,5,C-rich
ERD,CTCGA,TCGAG,1.05290113154673,0.929724596391263,1,0,2,-1,3,1,C-rich
ERD,CTCGC,GCGAG,1.05248019139439,0.984006241466745,1,1,1,-3,4,3,C-rich
ERD,CTCGG,CCGAG,1.05093411523233,1.04838387869114,1,1,1,-3,3,1,neutral
ERD,CTCGT,ACGAG,1.05051396147495,1.08157824580112,2,2,2,-1,4,3,neutral
ERD,CTCTA,TAGAG,1.04627455351145,1.04069050554871,2,1,3,1,4,3,neutral
ERD,CTCTC,GAGAG,1.04585626260383,0.960777823748449,2,2,2,-1,5,5,C-rich
ERD,CTCTG,CAGAG,1.04431991688467,1.05246667076243,2,2,2,-1,4,3,neutral
ERD,CTCTT,AAGAG,1.04390240742273,1.10808257994872,3,3,3,1,5,5,T-rich
ERD,CTGAC,GTCAG,1.0111009760166,0.99265306122449,1,0,2,-1,3,1,C-rich
ERD,CTGAT,ATCAG,1.00921205021365,1.05060466455514,2,1,3,1,3,1,T-rich
ERD,CTGCA,TGCAG,0.972900646786412,1.01678154995813,1,0,2,-1,3,1,C-rich
ERD,CTGCC,GGCAG,0.972511690089337,0.951033107781537,1,1,1,-3,4,3,C-rich
ERD,CTGCG,CGCAG,0.971083086345854,1.06153846153846,1,1,1,-3,3,1,neutral
ERD,CTGCT,AGCAG,0.970694856292664,1.05319480982744,2,2,2,-1,4,3,neutral
ERD,CTGGA,TCCAG,1.03848321311987,0.967093297406534,1,0,2,-1,2,-1,G-rich
ERD,CTGGC,GCCAG,1.03806803711821,0.962635893466559,1,1,1,-3,3,1,neutral
ERD,CTGGG,CCCAG,1.03654313217472,1.02652601590021,1,1,1,-3,2,-1,G-rich
ERD,CTGGT,ACCAG,1.03612873179952,1.07657328036797,2,2,2,-1,3,1,neutral
ERD,CTGTA,TACAG,1.0532550928627,1.02362204724409,2,1,3,1,3,1,T-rich
ERD,CTGTC,GACAG,1.05283401119989,0.966157815523543,2,2,2,-1,4,3,neutral
ERD,CTGTG,CACAG,1.05128741528233,1.08277158148466,2,2,2,-1,3,1,neutral
ERD,CTGTT,AACAG,1.05086712027886,1.1285458188337,3,3,3,1,4,3,T-rich
ERD,CTTAA,TTAAG,0.971485403865684,1.00933424845573,2,0,4,3,3,1,neutral
ERD,CTTAC,GTAAG,0.971097012969664,1.00466299279356,2,1,3,1,4,3,neutral
ERD,CTTAG,CTAAG,0.969670487363698,1.06461059760227,2,1,3,1,3,1,T-rich
ERD,CTTAT,ATAAG,0.96928282205454,1.07790379998344,3,2,4,3,4,3,T-rich
ERD,CTTCA,TGAAG,0.947618152621634,0.993926617477288,2,1,3,1,4,3,neutral
ERD,CTTCC,GGAAG,0.947239303632326,0.960937801257085,2,2,2,-1,5,5,C-rich
ERD,CTTCG,CGAAG,0.945847824610599,1.04455445544554,2,2,2,-1,4,3,neutral
ERD,CTTCT,AGAAG,0.945469683382087,1.11656802249927,3,3,3,1,5,5,T-rich
ERD,CTTGA,TCAAG,1.06929599923713,0.991450799350261,2,1,3,1,3,1,T-rich
ERD,CTTGC,GCAAG,1.06886850456804,0.931782159386293,2,2,2,-1,4,3,neutral
ERD,CTTGG,CCAAG,1.06729835424236,1.07755194218609,2,2,2,-1,3,1,neutral
ERD,CTTGT,ACAAG,1.06687165821329,1.13865546218487,3,3,3,1,4,3,T-rich
ERD,CTTTA,TAAAG,1.13361065519916,0.908699628772798,3,2,4,3,4,3,T-rich
ERD,CTTTC,GAAAG,1.13315744812434,0.910679855813564,3,3,3,1,5,5,T-rich
ERD,CTTTG,CAAAG,1.1314928583936,1.07438049720872,3,3,3,1,4,3,T-rich
ERD,CTTTT,AAAAG,1.1310404979944,1.21656771275092,4,4,4,3,5,5,T-rich
ERD,GACTC,GAGTC,0.984064429214849,1.05107169253511,1,0,2,-1,3,1,C-rich
ERD,GACTT,AAGTC,0.98222601273994,1.01743326328897,2,1,3,1,3,1,T-rich
ERD,GAGTT,AACTC,1.04113940070637,1.02895942408377,2,1,3,1,2,-1,neutral
ERD,GATCC,GGATC,1.00073530201946,0.973067100069654,1,0,2,-1,3,1,C-rich
ERD,GATCT,AGATC,0.998865741234985,1.08604181593174,2,1,3,1,3,1,T-rich
ERD,GATGC,GCATC,1.0253973573646,1.02604166666667,1,0,2,-1,2,-1,G-rich
ERD,GATGT,ACATC,1.02348172324641,1.06055363321799,2,1,3,1,2,-1,neutral
ERD,GATTA,TAATC,1.08341811268956,0.932797858099063,2,0,4,3,2,-1,neutral
ERD,GATTC,GAATC,1.08298497212988,1.05319065229365,2,1,3,1,3,1,T-rich
ERD,GATTG,CAATC,1.08139408494457,1.06482624801552,2,1,3,1,2,-1,neutral
ERD,GATTT,AAATC,1.0809617535725,1.12809869036483,3,2,4,3,3,1,T-rich
ERD,GCATT,AATGC,1.02253517500146,1.05272943626357,2,1,3,1,3,1,T-rich
ERD,GCCCC,GGGGC,0.98641045693968,1.00656327740433,0,0,0,-5,4,3,C-rich
ERD,GCCCT,AGGGC,0.984567657646033,1.03700653056422,1,1,1,-3,4,3,C-rich
ERD,GCCGC,GCGGC,0.972682764840015,1.03376365441907,0,0,0,-5,3,1,C-rich
ERD,GCCGT,ACGGC,0.970865611443699,1.06933692359475,1,1,1,-3,3,1,neutral
ERD,GCCTA,TAGGC,1.02929036497924,1.01641127039051,1,0,2,-1,3,1,C-rich
ERD,GCCTC,GAGGC,1.0288788641934,1.08265969250277,1,1,1,-3,4,3,C-rich
ERD,GCCTG,CAGGC,1.02736745799442,0.973205559131326,1,1,1,-3,3,1,neutral
ERD,GCCTT,AAGGC,1.02695672596905,1.07203185328185,2,2,2,-1,4,3,neutral
ERD,GCGCC,GGCGC,1.00073530201946,0.99105471187851,0,0,0,-5,3,1,C-rich
ERD,GCGCT,AGCGC,0.998865741234985,1.02248995983936,1,1,1,-3,3,1,neutral
ERD,GCGGT,ACCGC,0.994222791002411,0.994378232516303,1,1,1,-3,2,-1,G-rich
ERD,GCGTA,TACGC,1.04589522544399,0.97891156462585,1,0,2,-1,2,-1,G-rich
ERD,GCGTC,GACGC,1.04547708618823,1.03387937453462,1,1,1,-3,3,1,neutral
ERD,GCGTG,CACGC,1.04394129747301,1.04219640508549,1,1,1,-3,2,-1,G-rich
ERD,GCGTT,AACGC,1.04352393937962,1.07699486700887,2,2,2,-1,3,1,neutral
ERD,GCTAC,GTAGC,1.00379227323972,1.08375893769152,1,0,2,-1,3,1,C-rich
ERD,GCTAT,ATAGC,1.00191700146104,1.04052315608919,2,1,3,1,3,1,T-rich
ERD,GCTCA,TGAGC,1.0184914681761,0.991779127714525,1,0,2,-1,3,1,C-rich
ERD,GCTCC,GGAGC,1.01808428468952,1.01015876878156,1,1,1,-3,4,3,C-rich
ERD,GCTCG,CGAGC,1.01658873555102,0.981455064194009,1,1,1,-3,3,1,neutral
ERD,GCTCT,AGAGC,1.01618231275937,1.06239292622271,2,2,2,-1,4,3,neutral
ERD,GCTGA,TCAGC,1.04732108842703,1.02906579951022,1,0,2,-1,2,-1,G-rich
ERD,GCTGC,GCAGC,1.04690237912442,1.03312943214421,1,1,1,-3,3,1,neutral
ERD,GCTGG,CCAGC,1.04536449667722,1.07895975523653,1,1,1,-3,2,-1,G-rich
ERD,GCTGT,ACAGC,1.04494656960193,1.09243964421855,2,2,2,-1,3,1,neutral
ERD,GCTTA,TAAGC,1.07565133617003,0.930675549078797,2,1,3,1,3,1,T-rich
ERD,GCTTC,GAAGC,1.0752213006959,1.03938716019253,2,2,2,-1,4,3,neutral
ERD,GCTTG,CAAGC,1.07364181821677,1.02610902937266,2,2,2,-1,3,1,neutral
ERD,GCTTT,AAAGC,1.07321258612937,1.1556011438518,3,3,3,1,4,3,T-rich
ERD,GGATT,AATCC,1.03155224978354,1.11168001622224,2,1,3,1,2,-1,neutral
ERD,GGCCC,GGGCC,1.00073530201946,0.976227212983599,0,0,0,-5,3,1,C-rich
ERD,GGCCT,AGGCC,0.998865741234985,1.06020654801143,1,1,1,-3,3,1,neutral
ERD,GGCGT,ACGCC,0.992795936002615,1.04259007057076,1,1,1,-3,2,-1,G-rich
ERD,GGCTA,TAGCC,1.03939705364924,0.962272591708917,1,0,2,-1,2,-1,G-rich
ERD,GGCTC,GAGCC,1.03898151230257,1.00270528325907,1,1,1,-3,3,1,neutral
ERD,GGCTG,CAGCC,1.037455265479,1.04113994508077,1,1,1,-3,2,-1,G-rich
ERD,GGCTT,AAGCC,1.03704050044132,1.09057971014493,2,2,2,-1,3,1,neutral
ERD,GGGCT,AGCCC,0.984567657646033,1.05403439497064,1,1,1,-3,2,-1,G-rich
ERD,GGGGT,ACCCC,1.02140723299115,1.09080446541604,1,1,1,-3,1,-3,G-rich
ERD,GGGTA,TACCC,1.06305695782931,0.96883946267342,1,0,2,-1,1,-3,G-rich
ERD,GGGTC,GACCC,1.06263195747138,1.04127883447997,1,1,1,-3,2,-1,G-rich
ERD,GGGTG,CACCC,1.06107096853124,1.02267472879246,1,1,1,-3,1,-3,G-rich
ERD,GGGTT,AACCC,1.06064676215349,1.13694213473613,2,2,2,-1,2,-1,G-rich
ERD,GGTAC,GTACC,0.961802236186251,0.980416929879975,1,0,2,-1,2,-1,G-rich
ERD,GGTAT,ATACC,0.960005409653237,1.07048199835816,2,1,3,1,2,-1,neutral
ERD,GGTCA,TGACC,1.0435122103821,1.03516483516484,1,0,2,-1,2,-1,G-rich
ERD,GGTCC,GGACC,1.04309502383376,1.03087341898217,1,1,1,-3,3,1,neutral
ERD,GGTCG,CGACC,1.04156273432913,0.989134371604491,1,1,1,-3,2,-1,G-rich
ERD,GGTCT,AGACC,1.04114632716332,1.1264322843888,2,2,2,-1,3,1,neutral
ERD,GGTGA,TCACC,1.01565007043559,1.01118650284247,1,0,2,-1,1,-3,G-rich
ERD,GGTGC,GCACC,1.01524402291359,1.03925397252895,1,1,1,-3,2,-1,G-rich
ERD,GGTGG,CCACC,1.01375264607312,0.984220387610516,1,1,1,-3,1,-3,G-rich
ERD,GGTGT,ACACC,1.01334735712386,1.09030251991967,2,2,2,-1,2,-1,G-rich
ERD,GGTTA,TAACC,1.10115219317778,0.945509120295544,2,1,3,1,2,-1,neutral
ERD,GGTTC,GAACC,1.10071196269643,1.06235514018692,2,2,2,-1,3,1,neutral
ERD,GGTTG,CAACC,1.09909503485235,1.06443627104258,2,2,2,-1,2,-1,G-rich
ERD,GGTTT,AAACC,1.09865562680391,1.17193665207286,3,3,3,1,3,1,T-rich
ERD,GTACT,AGTAC,0.998865741234985,1.01463475133325,2,1,3,1,3,1,T-rich
ERD,GTAGT,ACTAC,1.0670771208353,1.07147041593439,2,1,3,1,2,-1,neutral
ERD,GTATA,TATAC,1.09233471713103,0.969489234334267,2,0,4,3,2,-1,neutral
ERD,GTATC,GATAC,1.09189801179521,1.07487271638215,2,1,3,1,3,1,T-rich
ERD,GTATG,CATAC,1.09029403150063,1.08025114155251,2,1,3,1,2,-1,neutral
ERD,GTATT,AATAC,1.08985814201208,1.14322410876511,3,2,4,3,3,1,T-rich
ERD,GTCAC,GTGAC,1.00363968819899,0.985134716630536,1,0,2,-1,3,1,C-rich
ERD,GTCAT,ATGAC,1.00176470147771,1.03813597888414,2,1,3,1,3,1,T-rich
ERD,GTCCA,TGGAC,1.02079555254483,0.982941176470588,1,0,2,-1,3,1,C-rich
ERD,GTCCC,GGGAC,1.02038744790658,0.985223590408296,1,1,1,-3,4,3,C-rich
ERD,GTCCG,CGGAC,1.01888851545905,0.994535519125683,1,1,1,-3,3,1,neutral
ERD,GTCCT,AGGAC,1.01848117323662,1.06819905932332,2,2,2,-1,4,3,neutral
ERD,GTCGA,TCGAC,1.03636902012848,1.04232469993683,1,0,2,-1,2,-1,G-rich
ERD,GTCGC,GCGAC,1.03595468936166,1.01484349790255,1,1,1,-3,3,1,neutral
ERD,GTCGG,CCGAC,1.03443288889141,1.03461249059443,1,1,1,-3,2,-1,G-rich
ERD,GTCGT,ACGAC,1.03401933217199,1.14303329223181,2,2,2,-1,3,1,neutral
ERD,GTCTA,TAGAC,1.08618386724272,0.932309923848664,2,1,3,1,3,1,T-rich
ERD,GTCTC,GAGAC,1.0857496209599,1.03856668975322,2,2,2,-1,4,3,neutral
ERD,GTCTG,CAGAC,1.08415467255075,1.07910058221241,2,2,2,-1,3,1,neutral
ERD,GTCTT,AAGAC,1.08372123752123,1.17096047262318,3,3,3,1,4,3,T-rich
ERD,GTGAT,ATCAC,0.994866785511248,1.07667013755686,2,1,3,1,2,-1,neutral
ERD,GTGCA,TGCAC,1.07345427206839,0.930620447123838,1,0,2,-1,2,-1,G-rich
ERD,GTGCC,GGCAC,1.0730251149602,1.05298645503908,1,1,1,-3,3,1,neutral
ERD,GTGCG,CGCAC,1.07144885864194,1.09579667644184,1,1,1,-3,2,-1,G-rich
ERD,GTGCT,AGCAC,1.07102050327954,1.08149307366835,2,2,2,-1,3,1,neutral
ERD,GTGGA,TCCAC,1.01838662955607,1.00223040035686,1,0,2,-1,1,-3,G-rich
ERD,GTGGC,GCCAC,1.017979487983,0.990979942239981,1,1,1,-3,2,-1,G-rich
ERD,GTGGG,CCCAC,1.01648409278915,1.03725226592654,1,1,1,-3,1,-3,G-rich
ERD,GTGGT,ACCAC,1.01607771183271,1.04378188301719,2,2,2,-1,2,-1,G-rich
ERD,GTGTA,TACAC,1.09732113804105,0.921299846625767,2,1,3,1,2,-1,neutral
ERD,GTGTC,GACAC,1.09688243918018,1.08211013255048,2,2,2,-1,3,1,neutral
ERD,GTGTG,CACAC,1.09527113684341,1.08352799033427,2,2,2,-1,2,-1,G-rich
ERD,GTGTT,AACAC,1.0948332575541,1.1374321880651,3,3,3,1,3,1,T-rich
ERD,GTTAA,TTAAC,0.943846216587882,0.976417988954151,2,0,4,3,2,-1,neutral
ERD,GTTAC,GTAAC,0.943468875583779,1.04818780889621,2,1,3,1,3,1,T-rich
ERD,GTTAG,CTAAC,0.942082935259097,1.07427119874199,2,1,3,1,2,-1,neutral
ERD,GTTAT,ATAAC,0.941706299198592,1.10168434185901,3,2,4,3,3,1,T-rich
ERD,GTTCA,TGAAC,1.06062334213212,0.976439075056032,2,1,3,1,3,1,T-rich
ERD,GTTCC,GGAAC,1.06019931471127,1.08199691945275,2,2,2,-1,4,3,neutral
ERD,GTTCG,CGAAC,1.0586418992835,0.977362204724409,2,2,2,-1,3,1,neutral
ERD,GTTCT,AGAAC,1.05821866402521,1.10170316301703,3,3,3,1,4,3,T-rich
ERD,GTTGA,TCAAC,1.11319410943036,0.88717860521111,2,1,3,1,2,-1,neutral
ERD,GTTGC,GCAAC,1.11274906470207,1.07079770082714,2,2,2,-1,3,1,neutral
ERD,GTTGG,CCAAC,1.1111144545523,1.12037809285516,2,2,2,-1,2,-1,G-rich
ERD,GTTGT,ACAAC,1.11067024125082,1.14128292420713,3,3,3,1,3,1,T-rich
ERD,GTTTA,TAAAC,1.14117446708841,0.900797929695924,3,2,4,3,3,1,T-rich
ERD,GTTTC,GAAAC,1.14071823607143,1.13518390743591,3,3,3,1,4,3,T-rich
ERD,GTTTG,CAAAC,1.13904253966704,1.08762177992947,3,3,3,1,3,1,T-rich
ERD,GTTTT,AAAAC,1.13858716097496,1.19075277034773,4,4,4,3,4,3,T-rich
ERD,TAATT,AATTA,1.00905153046165,1.11378901619913,3,1,5,5,3,1,T-rich
ERD,TACCT,AGGTA,0.960005409653237,0.992863514719001,2,1,3,1,4,3,neutral
ERD,TACGT,ACGTA,1.00220503330765,1.03343598768148,2,1,3,1,3,1,T-rich
ERD,TACTA,TAGTA,0.990115564337805,1.09764575762364,2,0,4,3,3,1,neutral
ERD,TACTC,GAGTA,0.989719725275616,0.96008,2,1,3,1,4,3,neutral
ERD,TACTG,CAGTA,0.988265843210303,1.01641707375671,2,1,3,1,3,1,T-rich
ERD,TACTT,AAGTA,0.987870743649544,1.06074560020185,3,2,4,3,4,3,T-rich
ERD,TAGCT,AGCTA,1.00191700146104,1.06409975935244,2,1,3,1,3,1,T-rich
ERD,TAGGT,ACCTA,1.03670839064133,1.13023206527498,2,1,3,1,2,-1,neutral
ERD,TAGTC,GACTA,1.10051390899231,1.02053809817211,2,1,3,1,3,1,T-rich
ERD,TAGTG,CACTA,1.09889727208587,1.07576051152877,2,1,3,1,2,-1,neutral
ERD,TAGTT,AACTA,1.09845794310116,1.1923110993002,3,2,4,3,3,1,T-rich
ERD,TATAT,ATATA,0.998865741234985,1.03639965814622,3,1,5,5,3,1,T-rich
ERD,TATCA,TGATA,1.03992071628231,1.00016654176035,2,0,4,3,3,1,neutral
ERD,TATCC,GGATA,1.03950496558015,1.02001506510277,2,1,3,1,4,3,neutral
ERD,TATCG,CGATA,1.03797794981229,1.06952303961196,2,1,3,1,3,1,T-rich
ERD,TATCT,AGATA,1.03756297581024,1.08016820401519,3,2,4,3,4,3,T-rich
ERD,TATGA,TCATA,1.03983690859247,1.02249665696531,2,0,4,3,2,-1,neutral
ERD,TATGC,GCATA,1.03942119139586,0.994506752117189,2,1,3,1,3,1,T-rich
ERD,TATGG,CCATA,1.0378942986909,1.05112124667427,2,1,3,1,2,-1,neutral
ERD,TATGT,ACATA,1.03747935813179,1.10378011195673,3,2,4,3,3,1,T-rich
ERD,TATTA,TAATA,1.11740762945124,1.04414513468939,3,1,5,5,3,1,T-rich
ERD,TATTC,GAATA,1.11696090019654,1.06137053635969,3,2,4,3,4,3,T-rich
ERD,TATTG,CAATA,1.11532010292941,1.13347424455926,3,2,4,3,3,1,T-rich
ERD,TATTT,AAATA,1.11487420824854,1.16000692349538,4,3,5,5,4,3,T-rich
ERD,TCACT,AGTGA,0.994866785511248,1.04520755553913,2,1,3,1,4,3,neutral
ERD,TCAGT,ACTGA,1.00921205021365,1.0523202634307,2,1,3,1,3,1,T-rich
ERD,TCATC,GATGA,1.03869914791925,0.991291532690247,2,1,3,1,4,3,neutral
ERD,TCATG,CATGA,1.03717331588433,1.01451895682665,2,1,3,1,3,1,T-rich
ERD,TCATT,AATGA,1.0367586635675,1.09798159834289,3,2,4,3,4,3,T-rich
ERD,TCCAT,ATGGA,1.0017751399632,1.06438281674823,2,1,3,1,4,3,neutral
ERD,TCCCA,TGGGA,1.00762495278822,1.01632672603658,1,0,2,-1,4,3,C-rich
ERD,TCCCC,GGGGA,1.00722211363417,1.00204839939024,1,1,1,-3,5,5,C-rich
ERD,TCCCG,CGGGA,1.00574252084704,1.04526116757268,1,1,1,-3,4,3,C-rich
ERD,TCCCT,AGGGA,1.0053404342719,1.03604878657953,2,2,2,-1,5,5,C-rich
ERD,TCCGA,TCGGA,1.01913388963533,0.993786246893123,1,0,2,-1,3,1,C-rich
ERD,TCCGC,GCGGA,1.01872644931458,1.03648915187377,1,1,1,-3,4,3,C-rich
ERD,TCCGG,CCGGA,1.01722995684676,1.01391888648908,1,1,1,-3,3,1,neutral
ERD,TCCGT,ACGGA,1.01682327770076,1.00347912524851,2,2,2,-1,4,3,neutral
ERD,TCCTA,TAGGA,1.07404096351773,0.996111751152074,2,1,3,1,4,3,neutral
ERD,TCCTC,GAGGA,1.07361157185572,1.06462083210387,2,2,2,-1,5,5,C-rich
ERD,TCCTG,CAGGA,1.07203445404189,1.07519912112057,2,2,2,-1,4,3,neutral
ERD,TCCTT,AAGGA,1.07160586456385,1.12081151832461,3,3,3,1,5,5,T-rich
ERD,TCGAT,ATCGA,0.998865741234985,1.11194029850746,2,1,3,1,3,1,T-rich
ERD,TCGCA,TGCGA,0.989586943947922,1.09378709932727,1,0,2,-1,3,1,C-rich
ERD,TCGCC,GGCGA,0.989191316223284,1.04263565891473,1,1,1,-3,4,3,C-rich
ERD,TCGCG,CGCGA,0.987738210382214,0.973669467787115,1,1,1,-3,3,1,neutral
ERD,TCGCT,AGCGA,0.987343321764189,0.983595580850352,2,2,2,-1,4,3,neutral
ERD,TCGGC,GCCGA,1.03185878661835,1.07151424287856,1,1,1,-3,3,1,neutral
ERD,TCGGG,CCCGA,1.03034300296214,0.964516129032258,1,1,1,-3,2,-1,G-rich
ERD,TCGGT,ACCGA,1.02993108134135,1.10694945848375,2,2,2,-1,3,1,neutral
ERD,TCGTA,TACGA,1.09218246478256,1.04733333333333,2,1,3,1,3,1,T-rich
ERD,TCGTC,GACGA,1.09174582031582,1.07609668755595,2,2,2,-1,4,3,neutral
ERD,TCGTG,CACGA,1.09014206358803,1.07470601798478,2,2,2,-1,3,1,neutral
ERD,TCGTT,AACGA,1.08970623485485,1.15863539445629,3,3,3,1,4,3,T-rich
ERD,TCTAA,TTAGA,1.01554670129448,1.0165371024735,2,0,4,3,3,1,neutral
ERD,TCTAC,GTAGA,1.01514069509851,0.939242503945292,2,1,3,1,4,3,neutral
ERD,TCTAG,CTAGA,1.01364947004491,1.06276747503566,2,1,3,1,3,1,T-rich
ERD,TCTAT,ATAGA,1.01324422234447,1.08815165876777,3,2,4,3,4,3,T-rich
ERD,TCTCA,TGAGA,1.04743945149054,0.996516010515314,2,1,3,1,4,3,neutral
ERD,TCTCC,GGAGA,1.04702069486746,1.06461359251574,2,2,2,-1,5,5,C-rich
ERD,TCTCG,CGAGA,1.04548263861638,1.113037109375,2,2,2,-1,4,3,neutral
ERD,TCTCT,AGAGA,1.04506466430903,1.05568356374808,3,3,3,1,5,5,T-rich
ERD,TCTGA,TCAGA,1.07386035584368,1.01836598966593,2,1,3,1,3,1,T-rich
ERD,TCTGC,GCAGA,1.07343103638695,1.06324738415546,2,2,2,-1,4,3,neutral
ERD,TCTGG,CCAGA,1.07185418377676,1.06794970723072,2,2,2,-1,3,1,neutral
ERD,TCTGT,ACAGA,1.07142566636911,1.1244085100041,3,3,3,1,4,3,T-rich
ERD,TCTTA,TAAGA,1.1517727203206,1.07914416285833,3,2,4,3,4,3,T-rich
ERD,TCTTC,GAAGA,1.15131225221982,1.12015179143463,3,3,3,1,5,5,T-rich
ERD,TCTTG,CAAGA,1.14962099337923,1.14926731591881,3,3,3,1,4,3,T-rich
ERD,TCTTT,AAAGA,1.14916138551901,1.20312597103971,4,4,4,3,5,5,T-rich
ERD,TGACT,AGTCA,1.00176470147771,1.02626629047427,2,1,3,1,3,1,T-rich
ERD,TGAGT,ACTCA,0.999683248876509,1.07665957949445,2,1,3,1,2,-1,neutral
ERD,TGATC,GATCA,1.07407192491604,1.08052434456929,2,1,3,1,3,1,T-rich
ERD,TGATG,CATCA,1.0724941308511,1.06404479917611,2,1,3,1,2,-1,neutral
ERD,TGATT,AATCA,1.07206535759851,1.12253374870197,3,2,4,3,3,1,T-rich
ERD,TGCAT,ATGCA,0.998865741234985,1.07312541473125,2,1,3,1,3,1,T-rich
ERD,TGCCA,TGGCA,1.04636430090684,0.987215658614001,1,0,2,-1,3,1,C-rich
ERD,TGCCC,GGGCA,1.04594597411904,1.06075328919082,1,1,1,-3,4,3,C-rich
ERD,TGCCG,CGGCA,1.04440949661514,1.0560698227982,1,1,1,-3,3,1,neutral
ERD,TGCCT,AGGCA,1.04399195134005,1.05537333015267,2,2,2,-1,4,3,neutral
ERD,TGCGC,GCGCA,1.06717558866884,1.05755560651227,1,1,1,-3,3,1,neutral
ERD,TGCGG,CCGCA,1.06560792520889,1.03318872017354,1,1,1,-3,2,-1,G-rich
ERD,TGCGT,ACGCA,1.06518190499775,1.11764705882353,2,2,2,-1,3,1,neutral
ERD,TGCTA,TAGCA,1.08323434097745,1.05157275594578,2,1,3,1,3,1,T-rich
ERD,TGCTC,GAGCA,1.08280127388801,1.04464817240148,2,2,2,-1,4,3,neutral
ERD,TGCTG,CAGCA,1.08121065655241,1.09475257771475,2,2,2,-1,3,1,neutral
ERD,TGCTT,AAGCA,1.08077839851331,1.11687275628241,3,3,3,1,4,3,T-rich
ERD,TGGAT,ATCCA,1.0017751399632,1.02345018339246,2,1,3,1,2,-1,neutral
ERD,TGGCC,GGCCA,1.03597860872082,1.06194587926914,1,1,1,-3,3,1,neutral
ERD,TGGCG,CGCCA,1.03445677311342,1.00264717004916,1,1,1,-3,2,-1,G-rich
ERD,TGGCT,AGCCA,1.03404320684531,1.05652672786177,2,2,2,-1,3,1,neutral
ERD,TGGGC,GCCCA,1.0321279684473,0.991693980929678,1,1,1,-3,2,-1,G-rich
ERD,TGGGG,CCCCA,1.03061178936739,1.05702236890356,1,1,1,-3,1,-3,G-rich
ERD,TGGGT,ACCCA,1.03019976028828,1.0748557759955,2,2,2,-1,2,-1,G-rich
ERD,TGGTA,TACCA,1.06807718806536,1.08347028803737,2,1,3,1,2,-1,neutral
ERD,TGGTC,GACCA,1.06765018066572,1.09751924721985,2,2,2,-1,3,1,neutral
ERD,TGGTG,CACCA,1.0660818200379,1.00758822146862,2,2,2,-1,2,-1,G-rich
ERD,TGGTT,AACCA,1.06565561036798,1.13561661845911,3,3,3,1,3,1,T-rich
ERD,TGTAA,TTACA,1.04368162416356,1.03840034401204,2,0,4,3,2,-1,neutral
ERD,TGTAC,GTACA,1.04326436988516,1.00730667749137,2,1,3,1,3,1,T-rich
ERD,TGTAG,CTACA,1.04173183161395,1.07721527729816,2,1,3,1,2,-1,neutral
ERD,TGTAT,ATACA,1.04131535684461,1.13213320414096,3,2,4,3,3,1,T-rich
ERD,TGTCA,TGACA,1.07099287752114,1.05760409840948,2,1,3,1,3,1,T-rich
ERD,TGTCC,GGACA,1.07056470445577,1.04877226119806,2,2,2,-1,4,3,neutral
ERD,TGTCG,CGACA,1.06899206244024,1.09399809463322,2,2,2,-1,3,1,neutral
ERD,TGTCT,AGACA,1.06856468928228,1.09085503121947,3,3,3,1,4,3,T-rich
ERD,TGTGA,TCACA,1.0852376486548,1.06993553428404,2,1,3,1,2,-1,neutral
ERD,TGTGC,GCACA,1.08480378066143,1.08979044834308,2,2,2,-1,3,1,neutral
ERD,TGTGG,CCACA,1.08321022167619,1.04988069016153,2,2,2,-1,2,-1,G-rich
ERD,TGTGT,ACACA,1.08277716422942,1.11731583239486,3,3,3,1,3,1,T-rich
ERD,TGTTA,TAACA,1.13641943926962,1.11433603381472,3,2,4,3,3,1,T-rich
ERD,TGTTC,GAACA,1.13596510926886,1.10961085722199,3,3,3,1,4,3,T-rich
ERD,TGTTG,CAACA,1.13429639512989,1.16162992903135,3,3,3,1,3,1,T-rich
ERD,TGTTT,AAACA,1.13384291390258,1.13901615222553,4,4,4,3,4,3,T-rich
ERD,TTAAT,ATTAA,0.998865741234985,1.08510964575985,3,1,5,5,3,1,T-rich
ERD,TTACC,GGTAA,1.04317249828555,0.985384768343607,2,1,3,1,4,3,neutral
ERD,TTACG,CGTAA,1.04164009497221,1.04838709677419,2,1,3,1,3,1,T-rich
ERD,TTACT,AGTAA,1.04122365687833,1.08514697569248,3,2,4,3,4,3,T-rich
ERD,TTAGC,GCTAA,1.05347081035167,0.988732208750659,2,1,3,1,3,1,T-rich
ERD,TTAGG,CCTAA,1.05192327898659,1.05036032944406,2,1,3,1,2,-1,neutral
ERD,TTAGT,ACTAA,1.05150272977067,1.16140896873674,3,2,4,3,3,1,T-rich
ERD,TTATA,TATAA,1.11746824362386,1.06523146649401,3,1,5,5,3,1,T-rich
ERD,TTATC,GATAA,1.11702149013618,1.07990789698107,3,2,4,3,4,3,T-rich
ERD,TTATG,CATAA,1.11538060386342,1.0971837488458,3,2,4,3,3,1,T-rich
ERD,TTATT,AATAA,1.11493468499484,1.16959722266868,4,3,5,5,4,3,T-rich
ERD,TTCAA,TTGAA,1.03713127533908,1.02533103051238,2,0,4,3,3,1,neutral
ERD,TTCAC,GTGAA,1.03671663982966,1.05403703898012,2,1,3,1,4,3,neutral
ERD,TTCAG,CTGAA,1.03519372006666,1.03059227795542,2,1,3,1,3,1,T-rich
ERD,TTCAT,ATGAA,1.03477985917395,1.09709919205685,3,2,4,3,4,3,T-rich
ERD,TTCCA,TGGAA,1.06937959146593,1.04420924256283,2,1,3,1,4,3,neutral
ERD,TTCCC,GGGAA,1.06895206337744,1.05724063569453,2,2,2,-1,5,5,C-rich
ERD,TTCCG,CGGAA,1.06738179030524,1.07730263157895,2,2,2,-1,4,3,neutral
ERD,TTCCT,AGGAA,1.06695506091921,1.09594187488924,3,3,3,1,5,5,T-rich
ERD,TTCGA,TCGAA,1.05566729111495,0.981089472198702,2,1,3,1,3,1,T-rich
ERD,TTCGC,GCGAA,1.05524524507755,1.1035728623043,2,2,2,-1,4,3,neutral
ERD,TTCGG,CCGAA,1.05369510709693,1.01448225923244,2,2,2,-1,3,1,neutral
ERD,TTCGT,ACGAA,1.05327384952049,1.14214876033058,3,3,3,1,4,3,T-rich
ERD,TTCTA,TAGAA,1.13251286744613,1.08614559654951,3,2,4,3,4,3,T-rich
ERD,TTCTC,GAGAA,1.13206009925673,1.10718851041432,3,3,3,1,5,5,T-rich
ERD,TTCTG,CAGAA,1.1303971215135,1.11798048503988,3,3,3,1,4,3,T-rich
ERD,TTCTT,AAGAA,1.12994519917979,1.18381782645115,4,4,4,3,5,5,T-rich
ERD,TTGAC,GTCAA,1.06804417938803,1.06495499181669,2,1,3,1,3,1,T-rich
ERD,TTGAG,CTCAA,1.06647523998255,1.05510155506189,2,1,3,1,2,-1,neutral
ERD,TTGAT,ATCAA,1.06604887302696,1.17324224746699,3,2,4,3,3,1,T-rich
ERD,TTGCA,TGCAA,1.09126993683168,1.01434476051544,2,1,3,1,3,1,T-rich
ERD,TTGCC,GGCAA,1.0908336571852,1.1001265136454,2,2,2,-1,4,3,neutral
ERD,TTGCG,CGCAA,1.08923124041011,1.10558499796168,2,2,2,-1,3,1,neutral
ERD,TTGCT,AGCAA,1.08879577581563,1.15556439978111,3,3,3,1,4,3,T-rich
ERD,TTGGA,TCCAA,1.09008767837269,1.03051967557825,2,1,3,1,2,-1,neutral
ERD,TTGGC,GCCAA,1.08965187138222,1.12595183033448,2,2,2,-1,3,1,neutral
ERD,TTGGG,CCCAA,1.08805119063111,1.04003902280395,2,2,2,-1,2,-1,G-rich
ERD,TTGGT,ACCAA,1.08761619780964,1.195859419465,3,3,3,1,3,1,T-rich
ERD,TTGTA,TACAA,1.14997787222423,1.13948053327668,3,2,4,3,3,1,T-rich
ERD,TTGTC,GACAA,1.14951812168714,1.15767271569564,3,3,3,1,4,3,T-rich
ERD,TTGTG,CACAA,1.14782949839492,1.13483685220729,3,3,3,1,3,1,T-rich
ERD,TTGTT,AACAA,1.14737060675786,1.15882680674944,4,4,4,3,4,3,T-rich
ERD,TTTAA,TTAAA,1.11272503041784,1.04953982862583,3,1,5,5,3,1,T-rich
ERD,TTTAC,GTAAA,1.112280173223,1.07019831194675,3,2,4,3,4,3,T-rich
ERD,TTTAG,CTAAA,1.11064625186714,1.13714675911335,3,2,4,3,3,1,T-rich
ERD,TTTAT,ATAAA,1.11020222574877,1.17676045143856,4,3,5,5,4,3,T-rich
ERD,TTTCA,TGAAA,1.142163935789,1.10425322160411,3,2,4,3,4,3,T-rich
ERD,TTTCC,GGAAA,1.14170730919156,1.12225377996826,3,3,3,1,5,5,T-rich
ERD,TTTCG,CGAAA,1.14003015985496,1.12782663316583,3,3,3,1,4,3,T-rich
ERD,TTTCT,AGAAA,1.13957438632145,1.18091623036649,4,4,4,3,5,5,T-rich
ERD,TTTGA,TCAAA,1.13873625667055,1.11008782155903,3,2,4,3,3,1,T-rich
ERD,TTTGC,GCAAA,1.13828100042758,1.16789080670829,3,3,3,1,4,3,T-rich
ERD,TTTGG,CCAAA,1.13660888428243,1.09139487017099,3,3,3,1,3,1,T-rich
ERD,TTTGT,ACAAA,1.13615447854331,1.18372093023256,4,4,4,3,4,3,T-rich
ERD,TTTTA,TAAAA,1.18819799434624,1.14954812972494,4,3,5,5,4,3,T-rich
ERD,TTTTC,GAAAA,1.18772296375717,1.18935678805328,4,4,4,3,5,5,T-rich
ERD,TTTTG,CAAAA,1.18597821817772,1.22441463480201,4,4,4,3,4,3,T-rich
ERD,TTTTT,AAAAA,1.18550407503467,1.18738328664799,5,5,5,5,5,5,T-rich
LRD,C,G,1.00073530201946,1.00189838094449,0,0,0,-1,1,1,C-rich
LRD,T,A,0.998865741234985,1.18436443740161,1,1,1,1,1,1,T-rich
LRD,AT,AT,1.18302106165751,1,1,0,2,2,1,0,neutral
LRD,CC,GG,1.00263507884729,0.988149465372089,0,0,0,-2,2,2,C-rich
LRD,CG,CG,1.00116222433913,1,0,0,0,-2,1,0,neutral
LRD,CT,AG,1.00076196892425,1.13674928231396,1,1,1,0,2,2,neutral
LRD,GC,GC,1.00263507884729,1,0,0,0,-2,1,0,neutral
LRD,GT,AC,1.00076196892425,1.20550086342471,1,1,1,0,1,0,neutral
LRD,TA,TA,1.18570933861169,1,1,0,2,2,1,0,neutral
LRD,TC,GA,1.18523530296421,1.15337653484299,1,1,1,0,2,2,neutral
LRD,TG,CA,1.18349421171772,1.14231643981988,1,1,1,0,1,0,neutral
LRD,TT,AA,1.18302106165751,1.38409517367885,2,2,2,2,2,2,T-rich
LRD,ACT,AGT,1.20413351350414,1.06949942517995,1,0,2,1,2,1,neutral
LRD,ATC,GAT,1.00073530201946,1.02818926898799,1,0,2,1,2,1,neutral
LRD,ATG,CAT,0.999265238252338,1.03376002510314,1,0,2,1,1,-1,neutral
LRD,ATT,AAT,0.998865741234985,1.17522802343442,2,1,3,3,2,1,T-rich
LRD,CCC,GGG,0.988876053669504,0.990106781351692,0,0,0,-3,3,3,C-rich
LRD,CCG,CGG,0.987423410943961,0.992751266205102,0,0,0,-3,2,1,C-rich
LRD,CCT,AGG,0.987028648179846,1.11568837986161,1,1,1,-1,3,3,C-rich
LRD,CGC,GCG,1.00073530201946,0.993774151996565,0,0,0,-3,2,1,C-rich
LRD,CGT,ACG,0.998865741234985,1.10147484618169,1,1,1,-1,2,1,neutral
LRD,CTA,TAG,1.13804011428853,1.04015588608935,1,0,2,1,2,1,neutral
LRD,CTC,GAG,1.13758513635687,0.902071690276394,1,1,1,-1,3,3,C-rich
LRD,CTG,CAG,1.13591404242464,1.10250630298487,1,1,1,-1,2,1,neutral
LRD,CTT,AAG,1.13545991447687,1.33059311230891,2,2,2,1,3,3,T-rich
LRD,GCC,GGC,1.00073530201946,0.986181184151951,0,0,0,-3,2,1,C-rich
LRD,GCT,AGC,0.998865741234985,1.12907139593928,1,1,1,-1,2,1,neutral
LRD,GGT,ACC,0.987028648179846,1.18687742641191,1,1,1,-1,1,-1,G-rich
LRD,GTA,TAC,1.20686976603507,0.938217059275703,1,0,2,1,1,-1,neutral
LRD,GTC,GAC,1.20638727064405,1.20055819632811,1,1,1,-1,2,1,neutral
LRD,GTG,CAC,1.20461510750349,1.14162200736964,1,1,1,-1,1,-1,G-rich
LRD,GTT,AAC,1.20413351350414,1.39740243684666,2,2,2,1,2,1,T-rich
LRD,TAT,ATA,0.998865741234985,1.15776660596944,2,1,3,3,2,1,T-rich
LRD,TCA,TGA,1.15468624784045,1.01874625540885,1,0,2,1,2,1,neutral
LRD,TCC,GGA,1.15422461493826,1.16260793375827,1,1,1,-1,3,3,C-rich
LRD,TCG,CGA,1.15252907788454,1.11400317671773,1,1,1,-1,2,1,neutral
LRD,TCT,AGA,1.15206830739898,1.32821040563657,2,2,2,1,3,3,T-rich
LRD,TGC,GCA,1.14315638740494,1.13092838862196,1,1,1,-1,2,1,neutral
LRD,TGG,CCA,1.14147710939618,1.07990119337172,1,1,1,-1,1,-1,G-rich
LRD,TGT,ACA,1.1410207573856,1.34452752828046,2,2,2,1,2,1,T-rich
LRD,TTA,TAA,1.38566687848116,1.15561201116155,2,1,3,3,2,1,T-rich
LRD,TTC,GAA,1.38511290165518,1.30861608937141,2,2,2,1,3,3,T-rich
LRD,TTG,CAA,1.38307819349011,1.38589519832118,2,2,2,1,2,1,T-rich
LRD,TTT,AAA,1.38252525159649,1.57223883564533,3,3,3,3,3,3,T-rich
LRD,AATT,AATT,1.17389501074795,1,2,0,4,4,2,0,neutral
LRD,ACCT,AGGT,1.18553120028801,1.07940269602222,1,0,2,0,3,2,C-rich
LRD,ACGT,ACGT,1.10022548868296,1,1,0,2,0,2,0,neutral
LRD,ACTC,GAGT,1.07028583026709,1.09062131284354,1,0,2,0,3,2,C-rich
LRD,ACTG,CAGT,1.06871359791318,1.09487422980941,1,0,2,0,2,0,neutral
LRD,ACTT,AAGT,1.06828633608276,1.09605612019443,2,1,3,2,3,2,T-rich
LRD,AGCT,AGCT,1.1277907368121,1,1,0,2,0,2,0,neutral
LRD,AGTC,GACT,1.07028583026709,0.948768970330552,1,0,2,0,2,0,neutral
LRD,AGTG,CACT,1.06871359791318,0.980582123158917,1,0,2,0,1,-2,G-rich
LRD,AGTT,AACT,1.06828633608276,1.23404086017227,2,1,3,2,2,0,T-rich
LRD,ATAT,ATAT,1.15645339904878,1,2,0,4,4,2,0,neutral
LRD,ATCC,GGAT,1.02894529863386,1.01686946902655,1,0,2,0,3,2,C-rich
LRD,ATCG,CGAT,1.02743379484378,0.993342210386152,1,0,2,0,2,0,neutral
LRD,ATCT,AGAT,1.02702303629754,1.12996889042516,2,1,3,2,3,2,T-rich
LRD,ATGC,GCAT,1.03452015093723,1.09434013237877,1,0,2,0,2,0,neutral
LRD,ATGG,CCAT,1.03300045778043,1.05986168400747,1,0,2,0,1,-2,G-rich
LRD,ATGT,ACAT,1.03258747373374,1.15052607576794,2,1,3,2,2,0,T-rich
LRD,ATTA,TAAT,1.17656254981914,1.04225662497934,2,0,4,4,2,0,neutral
LRD,ATTC,GAAT,1.17609217097338,0.935845280666645,2,1,3,2,3,2,T-rich
LRD,ATTG,CAAT,1.17436451083802,0.842971455468514,2,1,3,2,2,0,T-rich
LRD,ATTT,AAAT,1.17389501074795,1.3764084312243,3,2,4,4,3,2,T-rich
LRD,CATC,GATG,1.03452015093723,1.0178513631271,1,0,2,0,3,2,C-rich
LRD,CATG,CATG,1.03300045778043,1,1,0,2,0,2,0,neutral
LRD,CATT,AATG,1.03258747373374,1.19137201120983,2,1,3,2,3,2,T-rich
LRD,CCCC,GGGG,0.990834808867499,0.994113535190022,0,0,0,-4,4,4,C-rich
LRD,CCCG,CGGG,0.989379288762654,0.949128322377822,0,0,0,-4,3,2,C-rich
LRD,CCCT,AGGG,0.988983744056643,1.09489484396201,1,1,1,-2,4,4,C-rich
LRD,CCGC,GCGG,0.993481238215963,0.959904796777737,0,0,0,-4,3,2,C-rich
LRD,CCGG,CCGG,0.992021830549752,1,0,0,0,-4,2,0,neutral
LRD,CCGT,ACGG,0.991625229379929,1.09776981282358,1,1,1,-2,3,2,C-rich
LRD,CCTA,TAGG,1.11695529619645,1.08275219333483,1,0,2,0,3,2,C-rich
LRD,CCTC,GAGG,1.11650874778041,0.871706508462747,1,1,1,-2,4,4,C-rich
LRD,CCTG,CAGG,1.11486861471778,1.05651459103987,1,1,1,-2,3,2,C-rich
LRD,CCTT,AAGG,1.11442290053772,1.29885162857863,2,2,2,0,4,4,neutral
LRD,CGCC,GGCG,0.994504876137414,0.933382245047689,0,0,0,-4,3,2,C-rich
LRD,CGCG,CGCG,0.993043964763863,1,0,0,0,-4,2,0,neutral
LRD,CGCT,AGCG,0.992646954954218,1.08990600735595,1,1,1,-2,3,2,C-rich
LRD,CGGC,GCCG,0.993481238215963,0.917572124391158,0,0,0,-4,2,0,neutral
LRD,CGGT,ACCG,0.991625229379929,1.09961032635168,1,1,1,-2,2,0,G-rich
LRD,CGTA,TACG,1.10272562238428,1.02353732347007,1,0,2,0,2,0,neutral
LRD,CGTC,GACG,1.10228476286047,0.943562610229277,1,1,1,-2,3,2,C-rich
LRD,CGTG,CACG,1.1006655245987,1.08940926024481,1,1,1,-2,2,0,G-rich
LRD,CGTT,AACG,1.10022548868296,1.24877960585789,2,2,2,0,3,2,T-rich
LRD,CTAC,GTAG,1.04092071481294,1.14684373294524,1,0,2,0,3,2,C-rich
LRD,CTAG,CTAG,1.03939161933265,1,1,0,2,0,2,0,neutral
LRD,CTAT,ATAG,1.03897608015857,1.12875138940348,2,1,3,2,3,2,T-rich
LRD,CTCA,TGAG,0.903096034869595,1.06010440242389,1,0,2,0,3,2,C-rich
LRD,CTCC,GGAG,0.902734985411951,0.879329163343268,1,1,1,-2,4,4,C-rich
LRD,CTCG,CGAG,0.901408882504731,1.16658312447786,1,1,1,-2,3,2,C-rich
LRD,CTCT,AGAG,0.901048507555026,1.26153700189753,2,2,2,0,4,4,neutral
LRD,CTGA,TCAG,1.1037582504549,1.0173383405265,1,0,2,0,2,0,neutral
LRD,CTGC,GCAG,1.10331697809592,0.888696161470535,1,1,1,-2,3,2,C-rich
LRD,CTGG,CCAG,1.10169622352688,1.06278135535055,1,1,1,-2,2,0,G-rich
LRD,CTGT,ACAG,1.10125577554722,1.25699038188385,2,2,2,0,3,2,T-rich
LRD,CTTA,TAAG,1.3321040630183,0.914767009407132,2,1,3,2,3,2,T-rich
LRD,CTTC,GAAG,1.33157150011147,0.791240094608359,2,2,2,0,4,4,neutral
LRD,CTTG,CAAG,1.32961544338829,1.30181301987349,2,2,2,0,3,2,T-rich
LRD,CTTT,AAAG,1.32908387540861,1.53480729872301,3,3,3,2,4,4,T-rich
LRD,GATC,GATC,1.02894529863386,1,1,0,2,0,2,0,neutral
LRD,GATT,AATC,1.02702303629754,1.19215660310734,2,1,3,2,2,0,T-rich
LRD,GCCC,GGGC,0.98690632516821,0.983421186872981,0,0,0,-4,3,2,C-rich
LRD,GCCT,AGGC,0.985062599499934,1.13215332826583,1,1,1,-2,3,2,C-rich
LRD,GCGC,GCGC,0.994504876137414,1,0,0,0,-4,2,0,neutral
LRD,GCGT,ACGC,0.992646954954218,1.10610633851869,1,1,1,-2,2,0,G-rich
LRD,GCTA,TAGC,1.13035350931478,1.03976518275211,1,0,2,0,2,0,neutral
LRD,GCTC,GAGC,1.12990160441682,1.10551954134972,1,1,1,-2,3,2,C-rich
LRD,GCTG,CAGC,1.12824179746716,1.1211994489816,1,1,1,-2,2,0,G-rich
LRD,GCTT,AAGC,1.1277907368121,1.29693066203084,2,2,2,0,3,2,T-rich
LRD,GGCC,GGCC,0.98690632516821,1,0,0,0,-4,2,0,neutral
LRD,GGCT,AGCC,0.985062599499934,1.13162487637443,1,1,1,-2,2,0,G-rich
LRD,GGGT,ACCC,0.988983744056643,1.1710017238077,1,1,1,-2,1,-2,G-rich
LRD,GGTA,TACC,1.18822518123855,0.920542437561757,1,0,2,0,1,-2,G-rich
LRD,GGTC,GACC,1.1877501397804,1.17966451612903,1,1,1,-2,2,0,G-rich
LRD,GGTG,CACC,1.18600535427982,1.08555636363636,1,1,1,-2,1,-2,G-rich
LRD,GGTT,AACC,1.18553120028801,1.40205315233175,2,2,2,0,2,0,neutral
LRD,GTAC,GTAC,0.938906932174079,1,1,0,2,0,2,0,neutral
LRD,GTAT,ATAC,0.937152878352733,1.24726924814628,2,1,3,2,2,0,T-rich
LRD,GTCA,TGAC,1.20192148630882,0.968320193359038,1,0,2,0,2,0,neutral
LRD,GTCC,GGAC,1.20144096919435,1.14637230110873,1,1,1,-2,3,2,C-rich
LRD,GTCG,CGAC,1.19967607208961,1.13147552697392,1,1,1,-2,2,0,G-rich
LRD,GTCT,AGAC,1.19919645267102,1.40436738075512,2,2,2,0,3,2,T-rich
LRD,GTGA,TCAC,1.1429183725514,0.982683401570575,1,0,2,0,1,-2,G-rich
LRD,GTGC,GCAC,1.14246144433712,1.16933472769689,1,1,1,-2,2,0,G-rich
LRD,GTGG,CCAC,1.14078318718834,1.03925976266402,1,1,1,-2,1,-2,G-rich
LRD,GTGT,ACAC,1.14032711260145,1.37508736089458,2,2,2,0,2,0,neutral
LRD,GTTA,TAAC,1.39898925266866,0.860982242841145,2,1,3,2,2,0,T-rich
LRD,GTTC,GAAC,1.39842994968047,1.31286396763957,2,2,2,0,3,2,T-rich
LRD,GTTG,CAAC,1.39637567898998,1.38449984980475,2,2,2,0,2,0,neutral
LRD,GTTT,AAAC,1.39581742088441,1.59397930385701,3,3,3,2,3,2,T-rich
LRD,TACT,AGTA,0.937152878352733,1.05470193409575,2,1,3,2,3,2,T-rich
LRD,TAGT,ACTA,1.03897608015857,1.28265123798179,2,1,3,2,2,0,T-rich
LRD,TATA,TATA,1.15908130409798,1,2,0,4,4,2,0,neutral
LRD,TATC,GATA,1.15861791409287,1.13011488318059,2,1,3,2,3,2,T-rich
LRD,TATG,CATA,1.15691592335465,1.09831774183729,2,1,3,2,2,0,T-rich
LRD,TATT,AATA,1.15645339904878,1.35482513615215,3,2,4,4,3,2,T-rich
LRD,TCAT,ATGA,1.01759073353933,1.17276982378855,2,1,3,2,3,2,T-rich
LRD,TCCA,TGGA,1.16392812944093,0.92765569371613,1,0,2,0,3,2,C-rich
LRD,TCCC,GGGA,1.1634628017198,1.12973552537527,1,1,1,-2,4,4,C-rich
LRD,TCCG,CGGA,1.16175369392102,1.13876936316695,1,1,1,-2,3,2,C-rich
LRD,TCCT,AGGA,1.16128923551913,1.27626755070203,2,2,2,0,4,4,neutral
LRD,TCGA,TCGA,1.11526817942559,1,1,0,2,0,2,0,neutral
LRD,TCGC,GCGA,1.11482230550326,1.08353452438436,1,1,1,-2,3,2,C-rich
LRD,TCGG,CCGA,1.11318464979671,1.12872774082815,1,1,1,-2,2,0,G-rich
LRD,TCGT,ACGA,1.11273960885029,1.25605326876513,2,2,2,0,3,2,T-rich
LRD,TCTA,TAGA,1.3297186506711,1.16285756885131,2,1,3,2,3,2,T-rich
LRD,TCTC,GAGA,1.32918704143011,1.21648798521257,2,2,2,0,4,4,neutral
LRD,TCTG,CAGA,1.32723448743767,1.30051477668321,2,2,2,0,3,2,T-rich
LRD,TCTT,AAGA,1.3267038713422,1.56754526630443,3,3,3,2,4,4,T-rich
LRD,TGAT,ATCA,1.01759073353933,1.20958854136666,2,1,3,2,2,0,T-rich
LRD,TGCA,TGCA,1.1322126106995,1,1,0,2,0,2,0,neutral
LRD,TGCC,GGCA,1.13175996254997,1.15756284618662,1,1,1,-2,3,2,C-rich
LRD,TGCG,CGCA,1.13009742570265,1.17173721340388,1,1,1,-2,2,0,G-rich
LRD,TGCT,AGCA,1.12964562318456,1.25693149058843,2,2,2,0,3,2,T-rich
LRD,TGGC,GCCA,1.08069524690002,1.09254498714653,1,1,1,-2,2,0,G-rich
LRD,TGGG,CCCA,1.07910772328358,1.05525332225914,1,1,1,-2,1,-2,G-rich
LRD,TGGT,ACCA,1.07867630597779,1.30908869098451,2,2,2,0,2,0,neutral
LRD,TGTA,TACA,1.34605430217088,1.16463762602245,2,1,3,2,2,0,T-rich
LRD,TGTC,GACA,1.34551616208722,1.35976717773992,2,2,2,0,3,2,T-rich
LRD,TGTG,CACA,1.343539620884,1.28830880209851,2,2,2,0,2,0,neutral
LRD,TGTT,AACA,1.3430024861467,1.54890063064599,3,3,3,2,3,2,T-rich
LRD,TTAA,TTAA,1.15692426264692,1,2,0,4,4,2,0,neutral
LRD,TTAC,GTAA,1.15646173500707,1.12092405192681,2,1,3,2,3,2,T-rich
LRD,TTAG,CTAA,1.15476291166061,1.18178548305877,2,1,3,2,2,0,T-rich
LRD,TTAT,ATAA,1.15430124810893,1.32854058952081,3,2,4,4,3,2,T-rich
LRD,TTCA,TGAA,1.31010208414341,1.1223476858171,2,1,3,2,3,2,T-rich
LRD,TTCC,GGAA,1.30957831742462,1.3250281733429,2,2,2,0,4,4,neutral
LRD,TTCG,CGAA,1.30765456832656,1.15170336909467,2,2,2,0,3,2,T-rich
LRD,TTCT,AGAA,1.307131780102,1.48185336127431,3,3,3,2,4,4,T-rich
LRD,TTGA,TCAA,1.38746894713565,1.25313052706049,2,1,3,2,2,0,T-rich
LRD,TTGC,GCAA,1.38691424985926,1.34679917050443,2,2,2,0,3,2,T-rich
LRD,TTGG,CCAA,1.38487689554318,1.29794504733318,2,2,2,0,2,0,neutral
LRD,TTGT,ACAA,1.38432323454509,1.62578281270447,3,3,3,2,3,2,T-rich
LRD,TTTA,TAAA,1.57402418637507,1.35196439952654,3,2,4,4,3,2,T-rich
LRD,TTTC,GAAA,1.57339490603625,1.5207867557299,3,3,3,2,4,4,T-rich
LRD,TTTG,CAAA,1.57108361469071,1.5780771586038,3,3,3,2,3,2,T-rich
LRD,TTTT,AAAA,1.5704555099653,1.73680993647814,4,4,4,4,4,4,T-rich
LRD,AACTT,AAGTT,1.23264113851024,0.982984607984608,2,0,4,3,3,1,neutral
LRD,AATCT,AGATT,1.190804389031,1.0084127544417,2,0,4,3,3,1,neutral
LRD,AATGT,ACATT,1.19002068706372,0.993757684668495,2,0,4,3,2,-1,neutral
LRD,AATTC,GAATT,1.00073530201946,1.0505822633622,2,0,4,3,3,1,neutral
LRD,AATTG,CAATT,0.999265238252338,1.06936194673309,2,0,4,3,2,-1,neutral
LRD,AATTT,AAATT,0.998865741234985,1.22960039773787,3,1,5,5,3,1,T-rich
LRD,ACCCT,AGGGT,1.16967350483862,1.09270017681233,1,0,2,-1,4,3,C-rich
LRD,ACCGT,ACGGT,1.09836308370092,0.930250189537528,1,0,2,-1,3,1,C-rich
LRD,ACCTC,GAGGT,1.08019638300441,0.978017625507476,1,0,2,-1,4,3,C-rich
LRD,ACCTG,CAGGT,1.07860959221086,1.17941322725012,1,0,2,-1,3,1,C-rich
LRD,ACCTT,AAGGT,1.07817837405328,1.11854530841873,2,1,3,1,4,3,neutral
LRD,ACGCT,AGCGT,1.10485172770919,1.02948402948403,1,0,2,-1,3,1,C-rich
LRD,ACGTC,GACGT,1.00073530201946,1.01478260869565,1,0,2,-1,3,1,C-rich
LRD,ACGTG,CACGT,0.999265238252338,0.984729673957903,1,0,2,-1,2,-1,G-rich
LRD,ACGTT,AACGT,0.998865741234985,1.06131178707224,2,1,3,1,3,1,T-rich
LRD,ACTAT,ATAGT,1.28119637957265,1.12622443718852,2,0,4,3,3,1,neutral
LRD,ACTCC,GGAGT,1.09142324889733,1.11231884057971,1,0,2,-1,4,3,C-rich
LRD,ACTCG,CGAGT,1.08981996602167,1.05674846625767,1,0,2,-1,3,1,C-rich
LRD,ACTCT,AGAGT,1.08938426606013,0.966272791298224,2,1,3,1,4,3,neutral
LRD,ACTGC,GCAGT,1.09567929304164,1.06555900310279,1,0,2,-1,3,1,C-rich
LRD,ACTGG,CCAGT,1.09406975810685,1.19160321053715,1,0,2,-1,2,-1,G-rich
LRD,ACTGT,ACAGT,1.09363235911766,1.05378164812127,2,1,3,1,3,1,T-rich
LRD,ACTTA,TAAGT,1.09730074318024,1.08285278154681,2,0,4,3,3,1,neutral
LRD,ACTTC,GAAGT,1.09686205247305,0.928039105697572,2,1,3,1,4,3,neutral
LRD,ACTTG,CAAGT,1.09525078008402,0.94570530726257,2,1,3,1,3,1,T-rich
LRD,ACTTT,AAAGT,1.09481290893315,1.24610256961617,3,2,4,3,4,3,T-rich
LRD,AGCCT,AGGCT,1.13034132093969,1.00808223477715,1,0,2,-1,3,1,C-rich
LRD,AGCTC,GAGCT,1.00073530201946,0.924490653224113,1,0,2,-1,3,1,C-rich
LRD,AGCTG,CAGCT,0.999265238252338,1.05061505915537,1,0,2,-1,2,-1,G-rich
LRD,AGCTT,AAGCT,0.998865741234985,1.19575262129021,2,1,3,1,3,1,T-rich
LRD,AGGTC,GACCT,1.08019638300441,0.958251020676939,1,0,2,-1,2,-1,G-rich
LRD,AGGTG,CACCT,1.07860959221086,0.972258344169918,1,0,2,-1,1,-3,G-rich
LRD,AGGTT,AACCT,1.07817837405328,1.2550716277281,2,1,3,1,2,-1,neutral
LRD,AGTAT,ATACT,1.05350562918252,0.890697327161416,2,0,4,3,2,-1,neutral
LRD,AGTCC,GGACT,0.949466602070435,0.979983987189752,1,0,2,-1,3,1,C-rich
LRD,AGTCG,CGACT,0.948071851183784,1.00943396226415,1,0,2,-1,2,-1,G-rich
LRD,AGTCT,AGACT,0.94769282080998,1.26459952992226,2,1,3,1,3,1,T-rich
LRD,AGTGC,GCACT,0.98130314717432,0.930945719082261,1,0,2,-1,2,-1,G-rich
LRD,AGTGG,CCACT,0.979861628924379,1.00599358433226,1,0,2,-1,1,-3,G-rich
LRD,AGTGT,ACACT,0.979469889290907,1.19377704133297,2,1,3,1,2,-1,neutral
LRD,AGTTA,TAACT,1.23544217128372,1.00957264957265,2,0,4,3,2,-1,neutral
LRD,AGTTC,GAACT,1.23494825290885,0.851870078740157,2,1,3,1,3,1,T-rich
LRD,AGTTG,CAACT,1.23313413415317,0.879515879515879,2,1,3,1,2,-1,neutral
LRD,AGTTT,AAACT,1.23264113851024,1.4810154895711,3,2,4,3,3,1,T-rich
LRD,ATATC,GATAT,1.00073530201946,1.02580548926014,2,0,4,3,3,1,neutral
LRD,ATATG,CATAT,0.999265238252338,1.03915105250983,2,0,4,3,2,-1,neutral
LRD,ATATT,AATAT,0.998865741234985,1.12957687764886,3,1,5,5,3,1,T-rich
LRD,ATCAT,ATGAT,1.20821655496156,0.982046787160733,2,0,4,3,3,1,neutral
LRD,ATCCC,GGGAT,1.01761717520065,1.10190021113457,1,0,2,-1,4,3,C-rich
LRD,ATCCG,CGGAT,1.01612231223834,0.904,1,0,2,-1,3,1,C-rich
LRD,ATCCT,AGGAT,1.01571607591843,1.10994854202401,2,1,3,1,4,3,neutral
LRD,ATCGC,GCGAT,0.994072616919462,1.16385542168675,1,0,2,-1,3,1,C-rich
LRD,ATCGG,CCGAT,0.992612340527623,0.924942263279446,1,0,2,-1,2,-1,G-rich
LRD,ATCGT,ACGAT,0.992215503277362,1.04826117814053,2,1,3,1,3,1,T-rich
LRD,ATCTA,TAGAT,1.13125202294763,1.05191036595196,2,0,4,3,3,1,neutral
LRD,ATCTC,GAGAT,1.13079975883222,0.955257270693512,2,1,3,1,4,3,neutral
LRD,ATCTG,CAGAT,1.12913863250843,0.892571829011913,2,1,3,1,3,1,T-rich
LRD,ATCTT,AAGAT,1.12868721330701,1.37478249230357,3,2,4,3,4,3,T-rich
LRD,ATGCC,GGCAT,1.09514480288808,1.03653017241379,1,0,2,-1,3,1,C-rich
LRD,ATGCG,CGCAT,1.09353605311056,0.95771144278607,1,0,2,-1,2,-1,G-rich
LRD,ATGCT,AGCAT,1.09309886749171,1.04737732656514,2,1,3,1,3,1,T-rich
LRD,ATGGC,GCCAT,1.06064100244407,1.0118610265561,1,0,2,-1,2,-1,G-rich
LRD,ATGGG,CCCAT,1.05908293818425,1.02594663977262,1,0,2,-1,1,-3,G-rich
LRD,ATGGT,ACCAT,1.05865952660268,1.11339119149972,2,1,3,1,2,-1,neutral
LRD,ATGTA,TACAT,1.1518325519358,1.05868372943327,2,0,4,3,2,-1,neutral
LRD,ATGTC,GACAT,1.15137205991489,0.823490759753593,2,1,3,1,3,1,T-rich
LRD,ATGTG,CACAT,1.14968071321778,0.862335526315789,2,1,3,1,2,-1,neutral
LRD,ATGTT,AACAT,1.14922108148212,1.31097976812912,3,2,4,3,3,1,T-rich
LRD,ATTAC,GTAAT,1.04302299838048,0.998860213302939,2,0,4,3,3,1,neutral
LRD,ATTAG,CTAAT,1.04149081468006,1.08093682784992,2,0,4,3,2,-1,neutral
LRD,ATTAT,ATAAT,1.04107443626706,1.11125281639247,3,1,5,5,3,1,T-rich
LRD,ATTCA,TGAAT,0.936907976751287,1.09530851606323,2,0,4,3,3,1,neutral
LRD,ATTCC,GGAAT,0.93653340959142,0.961459854014599,2,1,3,1,4,3,neutral
LRD,ATTCG,CGAAT,0.935157657352681,1.13762057877814,2,1,3,1,3,1,T-rich
LRD,ATTCT,AGAAT,0.934783789954351,1.27090401117541,3,2,4,3,4,3,T-rich
LRD,ATTGA,TCAAT,0.843928688981038,0.908766079085279,2,0,4,3,2,-1,neutral
LRD,ATTGC,GCAAT,0.843591294082065,0.828053917438922,2,1,3,1,3,1,T-rich
LRD,ATTGG,CCAAT,0.842352072288665,0.913322487346349,2,1,3,1,2,-1,neutral
LRD,ATTGT,ACAAT,0.842015307706491,1.32942156794667,3,2,4,3,3,1,T-rich
LRD,ATTTA,TAAAT,1.37797140737105,0.853824451410658,3,1,5,5,3,1,T-rich
LRD,ATTTC,GAAAT,1.37742050712338,0.725376839865224,3,2,4,3,4,3,T-rich
LRD,ATTTG,CAAAT,1.37539709895988,0.742103660856991,3,2,4,3,3,1,T-rich
LRD,ATTTT,AAAAT,1.37484722789694,1.52627386553158,4,3,5,5,4,3,T-rich
LRD,CACTC,GAGTG,0.98130314717432,1.07606837606838,1,0,2,-1,4,3,C-rich
LRD,CACTG,CAGTG,0.979861628924379,1.00315977469433,1,0,2,-1,3,1,C-rich
LRD,CACTT,AAGTG,0.979469889290907,1.07781823374027,2,1,3,1,4,3,neutral
LRD,CAGTC,GACTG,1.09567929304164,0.929905437352246,1,0,2,-1,3,1,C-rich
LRD,CAGTT,AACTG,1.09363235911766,1.3349694308103,2,1,3,1,3,1,T-rich
LRD,CATCC,GGATG,1.01859979128992,0.942297511911064,1,0,2,-1,4,3,C-rich
LRD,CATCG,CGATG,1.01710348488067,0.89747191011236,1,0,2,-1,3,1,C-rich
LRD,CATCT,AGATG,1.01669685629699,1.11640360766629,2,1,3,1,4,3,neutral
LRD,CATGC,GCATG,1.00073530201946,1.02507965875218,1,0,2,-1,3,1,C-rich
LRD,CATGG,CCATG,0.999265238252338,1.09702315325248,1,0,2,-1,2,-1,G-rich
LRD,CATGT,ACATG,0.998865741234985,1.16918873476251,2,1,3,1,3,1,T-rich
LRD,CATTA,TAATG,1.1927248698477,1.05612493899463,2,0,4,3,3,1,neutral
LRD,CATTC,GAATG,1.1922480294556,0.895981833091528,2,1,3,1,4,3,neutral
LRD,CATTG,CAATG,1.19049663662876,1.2315495815369,2,1,3,1,3,1,T-rich
LRD,CATTT,AAATG,1.19002068706372,1.36072462044635,3,2,4,3,4,3,T-rich
LRD,CCATC,GATGG,1.06064100244407,1.07642636854279,1,0,2,-1,4,3,C-rich
LRD,CCATT,AATGG,1.05865952660268,1.23655264922871,2,1,3,1,4,3,neutral
LRD,CCCCC,GGGGG,0.994844508880019,0.986403806934058,0,0,0,-5,5,5,C-rich
LRD,CCCCG,CGGGG,0.993383098591532,1.00501672240803,0,0,0,-5,4,3,C-rich
LRD,CCCCT,AGGGG,0.992985953199313,1.10912224874039,1,1,1,-3,5,5,C-rich
LRD,CCCGC,GCGGG,0.949826218349992,0.890387858347386,0,0,0,-5,4,3,C-rich
LRD,CCCGG,CCGGG,0.948430939192917,0.947163274144651,0,0,0,-5,3,1,C-rich
LRD,CCCGT,ACGGG,0.948051765259041,0.995138888888889,1,1,1,-3,4,3,C-rich
LRD,CCCTA,TAGGG,1.09613814826434,1.13469721767594,1,0,2,-1,4,3,C-rich
LRD,CCCTC,GAGGG,1.09569992235187,0.881629597946963,1,1,1,-3,5,5,C-rich
LRD,CCCTG,CAGGG,1.09409035711295,1.05562015503876,1,1,1,-3,4,3,C-rich
LRD,CCCTT,AAGGG,1.09365294988847,1.2589436026936,2,2,2,-1,5,5,C-rich
LRD,CCGCC,GGCGG,0.960610616713296,0.883710801393728,0,0,0,-5,4,3,C-rich
LRD,CCGCG,CGCGG,0.959199495451668,0.994845360824742,0,0,0,-5,3,1,C-rich
LRD,CCGCT,AGCGG,0.958816016348412,1.08857395925598,1,1,1,-3,4,3,C-rich
LRD,CCGGC,GCCGG,1.00073530201946,0.888745980707396,0,0,0,-5,3,1,C-rich
LRD,CCGGT,ACCGG,0.998865741234985,1.11942257217848,1,1,1,-3,3,1,neutral
LRD,CCGTA,TACGG,1.09901638178751,1.0802752293578,1,0,2,-1,3,1,C-rich
LRD,CCGTC,GACGG,1.09857700518385,1.06957809030348,1,1,1,-3,4,3,C-rich
LRD,CCGTG,CACGG,1.09696321355738,1.19960343688037,1,1,1,-3,3,1,neutral
LRD,CCGTT,AACGG,1.09652465779141,1.31936685288641,2,2,2,-1,4,3,neutral
LRD,CCTAC,GTAGG,1.08354834320917,1.08253191117328,1,0,2,-1,4,3,C-rich
LRD,CCTAG,CTAGG,1.08195662844097,1.08383152173913,1,0,2,-1,3,1,C-rich
LRD,CCTAT,ATAGG,1.0815240721692,1.06449335059433,2,1,3,1,4,3,neutral
LRD,CCTCA,TGAGG,0.872696371971852,0.989923154994925,1,0,2,-1,4,3,C-rich
LRD,CCTCC,GGAGG,0.872347476018794,0.82678703766085,1,1,1,-3,5,5,C-rich
LRD,CCTCG,CGAGG,0.871066011865141,0.883177570093458,1,1,1,-3,4,3,C-rich
LRD,CCTCT,AGAGG,0.870717767715002,1.24565673520772,2,2,2,-1,5,5,C-rich
LRD,CCTGA,TCAGG,1.05771431277001,1.00340873876666,1,0,2,-1,3,1,C-rich
LRD,CCTGC,GCAGG,1.05729144835225,0.918451709883502,1,1,1,-3,4,3,C-rich
LRD,CCTGG,CCAGG,1.05573830453253,1.04691738142365,1,1,1,-3,3,1,neutral
LRD,CCTGT,ACAGG,1.05531623010462,1.10969496133911,2,2,2,-1,4,3,neutral
LRD,CCTTA,TAAGG,1.30032653534873,0.957371225577265,2,1,3,1,4,3,neutral
LRD,CCTTC,GAAGG,1.2998066768041,0.790510030350137,2,2,2,-1,5,5,C-rich
LRD,CCTTG,CAAGG,1.29789728208607,1.31239370748299,2,2,2,-1,4,3,neutral
LRD,CCTTT,AAAGG,1.29737839473446,1.4692547660312,3,3,3,1,5,5,T-rich
LRD,CGATC,GATCG,0.994072616919462,0.913405495420483,1,0,2,-1,3,1,C-rich
LRD,CGATT,AATCG,0.992215503277362,1.07603833865815,2,1,3,1,3,1,T-rich
LRD,CGCCC,GGGCG,0.934068562897399,0.851199216837983,0,0,0,-5,4,3,C-rich
LRD,CGCCG,CGGCG,0.932696431478081,1.1075,0,0,0,-5,3,1,C-rich
LRD,CGCCT,AGGCG,0.932323548055134,1.06073752711497,1,1,1,-3,4,3,C-rich
LRD,CGCGC,GCGCG,1.00073530201946,1,0,0,0,-5,3,1,C-rich
LRD,CGCGT,ACGCG,0.998865741234985,0.977777777777778,1,1,1,-3,3,1,neutral
LRD,CGCTA,TAGCG,1.09114364660099,1.12583668005355,1,0,2,-1,3,1,C-rich
LRD,CGCTC,GAGCG,1.09070741744417,0.932818532818533,1,1,1,-3,4,3,C-rich
LRD,CGCTG,CAGCG,1.08910518611319,1.11505681818182,1,1,1,-3,3,1,neutral
LRD,CGCTT,AAGCG,1.08866977191406,1.19682768565249,2,2,2,-1,4,3,neutral
LRD,CGGCC,GGCCG,0.918246817027221,0.899477048227775,0,0,0,-5,3,1,C-rich
LRD,CGGCT,AGCCG,0.916531360166534,1.26561514195584,1,1,1,-3,3,1,neutral
LRD,CGGGC,GCCCG,0.949826218349992,1.07106918238994,0,0,0,-5,2,-1,G-rich
LRD,CGGGT,ACCCG,0.948051765259041,1.02767662053897,1,1,1,-3,2,-1,G-rich
LRD,CGGTA,TACCG,1.10085898530481,1.00899742930591,1,0,2,-1,2,-1,G-rich
LRD,CGGTC,GACCG,1.10041887204526,0.908609271523179,1,1,1,-3,3,1,neutral
LRD,CGGTG,CACCG,1.09880237474654,1.01419278533412,1,1,1,-3,2,-1,G-rich
LRD,CGGTT,AACCG,1.09836308370092,1.34108527131783,2,2,2,-1,3,1,neutral
LRD,CGTAC,GTACG,1.02428993253101,1.05529225908373,1,0,2,-1,3,1,C-rich
LRD,CGTAG,CTACG,1.02278526739748,0.987603305785124,1,0,2,-1,2,-1,G-rich
LRD,CGTAT,ATACG,1.02237636728961,1.03624595469256,2,1,3,1,3,1,T-rich
LRD,CGTCA,TGACG,0.944634069702569,0.918006430868167,1,0,2,-1,3,1,C-rich
LRD,CGTCC,GGACG,0.944256413722064,0.892066420664207,1,1,1,-3,4,3,C-rich
LRD,CGTCG,CGACG,0.942869316516757,1.16025641025641,1,1,1,-3,3,1,neutral
LRD,CGTCT,AGACG,0.942492366068284,1.00253807106599,2,2,2,-1,4,3,neutral
LRD,CGTGA,TCACG,1.09064633541028,0.967122117847993,1,0,2,-1,2,-1,G-rich
LRD,CGTGC,GCACG,1.09021030507389,0.81375,1,1,1,-3,3,1,neutral
LRD,CGTGG,CCACG,1.08860880399283,0.94234404536862,1,1,1,-3,2,-1,G-rich
LRD,CGTGT,ACACG,1.08817358824269,1.23752151462995,2,2,2,-1,3,1,neutral
LRD,CGTTA,TAACG,1.25019765350438,0.973920130399348,2,1,3,1,3,1,T-rich
LRD,CGTTC,GAACG,1.24969783602394,0.784649776453055,2,2,2,-1,4,3,neutral
LRD,CGTTG,CAACG,1.24786205037225,1.24430823117338,2,2,2,-1,3,1,neutral
LRD,CGTTT,AAACG,1.24736316664438,1.36333173767353,3,3,3,1,4,3,T-rich
LRD,CTACC,GGTAG,1.14768700945808,1.14264511873351,1,0,2,-1,4,3,C-rich
LRD,CTACT,AGTAG,1.14554291538905,0.974589930786005,2,1,3,1,4,3,neutral
LRD,CTAGC,GCTAG,1.00073530201946,1.01424802110818,1,0,2,-1,3,1,C-rich
LRD,CTAGT,ACTAG,0.998865741234985,1.24273167777105,2,1,3,1,3,1,T-rich
LRD,CTATA,TATAG,1.1300331393966,1.05843815513627,2,0,4,3,3,1,neutral
LRD,CTATC,GATAG,1.12958136257958,0.915807773500559,2,1,3,1,4,3,neutral
LRD,CTATG,CATAG,1.12792202605993,1.08371016931328,2,1,3,1,3,1,T-rich
LRD,CTATT,AATAG,1.12747109324653,1.34095044028819,3,2,4,3,4,3,T-rich
LRD,CTCAC,GTGAG,1.06088389933183,1.0251269479951,1,0,2,-1,4,3,C-rich
LRD,CTCAG,CTGAG,1.05932547826046,1.01938493888816,1,0,2,-1,3,1,C-rich
LRD,CTCAT,ATGAG,1.05890196971361,1.08158980127484,2,1,3,1,4,3,neutral
LRD,CTCCA,TGGAG,0.880327682733494,0.96592008848334,1,0,2,-1,4,3,C-rich
LRD,CTCCC,GGGAG,0.879975735852843,0.856622733561494,1,1,1,-3,5,5,C-rich
LRD,CTCCG,CGGAG,0.878683065910441,1.08122119815668,1,1,1,-3,4,3,C-rich
LRD,CTCCT,AGGAG,0.878331776532413,1.21810905452726,2,2,2,-1,5,5,C-rich
LRD,CTCGA,TCGAG,1.1679078341755,0.875077303648732,1,0,2,-1,3,1,C-rich
LRD,CTCGC,GCGAG,1.16744091540516,0.871559633027523,1,1,1,-3,4,3,C-rich
LRD,CTCGG,CCGAG,1.16572596382253,1.11707317073171,1,1,1,-3,3,1,neutral
LRD,CTCGT,ACGAG,1.1652599173438,1.2969465648855,2,2,2,-1,4,3,neutral
LRD,CTCTA,TAGAG,1.26296953616387,0.91024205357912,2,1,3,1,4,3,neutral
LRD,CTCTC,GAGAG,1.26246461260265,0.823354086633991,2,2,2,-1,5,5,C-rich
LRD,CTCTG,CAGAG,1.26061007276528,1.20220883534137,2,2,2,-1,4,3,neutral
LRD,CTCTT,AAGAG,1.26010609249574,1.48975568541857,3,3,3,1,5,5,T-rich
LRD,CTGAC,GTCAG,1.01808639146276,1.02623529411765,1,0,2,-1,3,1,C-rich
LRD,CTGAT,ATCAG,1.01618441559677,1.13189864630337,2,1,3,1,3,1,T-rich
LRD,CTGCA,TGCAG,0.889705317525219,0.952808412413439,1,0,2,-1,3,1,C-rich
LRD,CTGCC,GGCAG,0.88934962155275,0.871360811252862,1,1,1,-3,4,3,C-rich
LRD,CTGCG,CGCAG,0.888043181525793,1.13156002875629,1,1,1,-3,3,1,neutral
LRD,CTGCT,AGCAG,0.887688150059952,1.19328836979766,2,2,2,-1,4,3,neutral
LRD,CTGGA,TCCAG,1.06398819328465,1.04674029212683,1,0,2,-1,2,-1,G-rich
LRD,CTGGC,GCCAG,1.06356282062738,0.929358330112099,1,1,1,-3,3,1,neutral
LRD,CTGGG,CCCAG,1.06200046426451,1.05846292830871,1,1,1,-3,2,-1,G-rich
LRD,CTGGT,ACCAG,1.06157588628294,1.22731707317073,2,2,2,-1,3,1,neutral
LRD,CTGTA,TACAG,1.25841775325053,0.924954857349224,2,1,3,1,3,1,T-rich
LRD,CTGTC,GACAG,1.25791464945009,0.815759784778269,2,2,2,-1,4,3,neutral
LRD,CTGTG,CACAG,1.25606679343407,1.22875624816231,2,2,2,-1,3,1,neutral
LRD,CTGTT,AACAG,1.25556462952566,1.47926622475721,3,3,3,1,4,3,T-rich
LRD,CTTAA,TTAAG,0.915805770128952,1.05557636132125,2,0,4,3,3,1,neutral
LRD,CTTAC,GTAAG,0.915439639436483,0.967211006814967,2,1,3,1,4,3,neutral
LRD,CTTAG,CTAAG,0.914094873600597,1.17647058823529,2,1,3,1,3,1,T-rich
LRD,CTTAT,ATAAG,0.913729426908765,1.24763023236306,3,2,4,3,4,3,T-rich
LRD,CTTCA,TGAAG,0.792138584741209,0.928982380438691,2,1,3,1,4,3,neutral
LRD,CTTCC,GGAAG,0.791821895047801,0.755012103531748,2,2,2,-1,5,5,C-rich
LRD,CTTCG,CGAAG,0.790658721653625,1.26724137931034,2,2,2,-1,4,3,neutral
LRD,CTTCT,AGAAG,0.790342623595819,1.39509685230024,3,3,3,1,5,5,T-rich
LRD,CTTGA,TCAAG,1.3032912894419,0.873615774808888,2,1,3,1,3,1,T-rich
LRD,CTTGC,GCAAG,1.30277024561596,0.761142195639591,2,2,2,-1,4,3,neutral
LRD,CTTGG,CCAAG,1.30085649746388,1.22056351952546,2,2,2,-1,3,1,neutral
LRD,CTTGT,ACAAG,1.30033642704529,1.58212102045119,3,3,3,1,4,3,T-rich
LRD,CTTTA,TAAAG,1.53655014419195,0.730184031299812,3,2,4,3,4,3,T-rich
LRD,CTTTC,GAAAG,1.53593584562924,0.678362842032651,3,3,3,1,5,5,T-rich
LRD,CTTTG,CAAAG,1.53367958102988,1.45471468001797,3,3,3,1,4,3,T-rich
LRD,CTTTT,AAAAG,1.53306643009183,1.73612547397449,4,4,4,3,5,5,T-rich
LRD,GACTC,GAGTC,0.949466602070435,1.08230769230769,1,0,2,-1,3,1,C-rich
LRD,GACTT,AAGTC,0.94769282080998,1.04659735349716,2,1,3,1,3,1,T-rich
LRD,GAGTT,AACTC,1.08938426606013,1.18485502486629,2,1,3,1,2,-1,neutral
LRD,GATCC,GGATC,1.00073530201946,0.931252075722351,1,0,2,-1,3,1,C-rich
LRD,GATCT,AGATC,0.998865741234985,1.14422328477705,2,1,3,1,3,1,T-rich
LRD,GATGC,GCATC,1.01859979128992,1.05834464043419,1,0,2,-1,2,-1,G-rich
LRD,GATGT,ACATC,1.01669685629699,1.22901254422644,2,1,3,1,2,-1,neutral
LRD,GATTA,TAATC,1.19351035268601,0.996302347579327,2,0,4,3,2,-1,neutral
LRD,GATTC,GAATC,1.19303319826512,1.01492537313433,2,1,3,1,3,1,T-rich
LRD,GATTG,CAATC,1.19128065203816,1.21990972918756,2,1,3,1,2,-1,neutral
LRD,GATTT,AAATC,1.190804389031,1.43094928478544,3,2,4,3,3,1,T-rich
LRD,GCATT,AATGC,1.09309886749171,1.23768141131485,2,1,3,1,3,1,T-rich
LRD,GCCCC,GGGGC,0.984144298457667,1.02279947673332,0,0,0,-5,4,3,C-rich
LRD,GCCCT,AGGGC,0.982305732772069,1.10274497776415,1,1,1,-3,4,3,C-rich
LRD,GCCGC,GCGGC,0.918246817027221,1.03636363636364,0,0,0,-5,3,1,C-rich
LRD,GCCGT,ACGGC,0.916531360166534,1.14893617021277,1,1,1,-3,3,1,neutral
LRD,GCCTA,TAGGC,1.13343894131963,0.944706994328922,1,0,2,-1,3,1,C-rich
LRD,GCCTC,GAGGC,1.13298580289444,1.213166765814,1,1,1,-3,4,3,C-rich
LRD,GCCTG,CAGGC,1.13132146530773,1.00604454748696,1,1,1,-3,3,1,neutral
LRD,GCCTT,AAGGC,1.1308691734299,1.26187619961612,2,2,2,-1,4,3,neutral
LRD,GCGCC,GGCGC,1.00073530201946,0.983017635532332,0,0,0,-5,3,1,C-rich
LRD,GCGCT,AGCGC,0.998865741234985,1.06076759061834,1,1,1,-3,3,1,neutral
LRD,GCGGT,ACCGC,0.958816016348412,1.17707362534949,1,1,1,-3,2,-1,G-rich
LRD,GCGTA,TACGC,1.10736237399744,0.950752393980848,1,0,2,-1,2,-1,G-rich
LRD,GCGTC,GACGC,1.10691966074314,1.15620437956204,1,1,1,-3,3,1,neutral
LRD,GCGTG,CACGC,1.1052936138923,1.03279515640767,1,1,1,-3,2,-1,G-rich
LRD,GCGTT,AACGC,1.10485172770919,1.2739420935412,2,2,2,-1,3,1,neutral
LRD,GCTAC,GTAGC,1.04052972419075,1.16035094269181,1,0,2,-1,3,1,C-rich
LRD,GCTAT,ATAGC,1.03858581998002,1.15031525851198,2,1,3,1,3,1,T-rich
LRD,GCTCA,TGAGC,1.10677491049285,1.07860128453461,1,0,2,-1,3,1,C-rich
LRD,GCTCC,GGAGC,1.10633243210103,0.920963172804533,1,1,1,-3,4,3,C-rich
LRD,GCTCG,CGAGC,1.10470724787944,1.13279445727483,1,1,1,-3,3,1,neutral
LRD,GCTCT,AGAGC,1.10426559612005,1.33979435054958,2,2,2,-1,4,3,neutral
LRD,GCTGA,TCAGC,1.12247262339317,1.02115333977003,1,0,2,-1,2,-1,G-rich
LRD,GCTGC,GCAGC,1.12202386920065,1.16850351878901,1,1,1,-3,3,1,neutral
LRD,GCTGG,CCAGC,1.12037563451499,1.09821000479463,1,1,1,-3,2,-1,G-rich
LRD,GCTGT,ACAGC,1.11992771867926,1.30427670016359,2,2,2,-1,3,1,neutral
LRD,GCTTA,TAAGC,1.29840338745358,0.867811799850635,2,1,3,1,3,1,T-rich
LRD,GCTTC,GAAGC,1.29788429776572,1.1504643234983,2,2,2,-1,4,3,neutral
LRD,GCTTG,CAAGC,1.29597772699101,1.22285174693107,2,2,2,-1,3,1,neutral
LRD,GCTTT,AAAGC,1.29545960705981,1.53627600202943,3,3,3,1,4,3,T-rich
LRD,GGATT,AATCC,1.01571607591843,1.22826605592137,2,1,3,1,2,-1,neutral
LRD,GGCCC,GGGCC,1.00073530201946,0.977967447399762,0,0,0,-5,3,1,C-rich
LRD,GGCCT,AGGCC,0.998865741234985,1.16958990536278,1,1,1,-3,3,1,neutral
LRD,GGCGT,ACGCC,0.932323548055134,1.00555212831585,1,1,1,-3,2,-1,G-rich
LRD,GGCTA,TAGCC,1.13290988934639,0.956546680051628,1,0,2,-1,2,-1,G-rich
LRD,GGCTC,GAGCC,1.13245696243129,1.11576184555878,1,1,1,-3,3,1,neutral
LRD,GGCTG,CAGCC,1.13079340170256,1.10961930659415,1,1,1,-3,2,-1,G-rich
LRD,GGCTT,AAGCC,1.13034132093969,1.24111948331539,2,2,2,-1,3,1,neutral
LRD,GGGCT,AGCCC,0.982305732772069,1.1501014198783,1,1,1,-3,2,-1,G-rich
LRD,GGGGT,ACCCC,0.992985953199313,1.22011005502751,1,1,1,-3,1,-3,G-rich
LRD,GGGTA,TACCC,1.17233145103153,0.935336689741976,1,0,2,-1,1,-3,G-rich
LRD,GGGTC,GACCC,1.17186276374,1.15933098591549,1,1,1,-3,2,-1,G-rich
LRD,GGGTG,CACCC,1.1701413165346,1.03632608431539,1,1,1,-3,1,-3,G-rich
LRD,GGGTT,AACCC,1.16967350483862,1.41924592009004,2,2,2,-1,2,-1,G-rich
LRD,GGTAC,GTACC,0.921219314275093,1.05618714473109,1,0,2,-1,2,-1,G-rich
LRD,GGTAT,ATACC,0.919498304233384,1.28642273153733,2,1,3,1,2,-1,neutral
LRD,GGTCA,TGACC,1.1810040803587,1.04506849315068,1,0,2,-1,2,-1,G-rich
LRD,GGTCC,GGACC,1.18053192583003,1.14753688422106,1,1,1,-3,3,1,neutral
LRD,GGTCG,CGACC,1.17879774376751,0.9933598937583,1,1,1,-3,2,-1,G-rich
LRD,GGTCT,AGACC,1.17832647131184,1.47217314487633,2,2,2,-1,3,1,neutral
LRD,GGTGA,TCACC,1.08678906365754,1.0112462006079,1,0,2,-1,1,-3,G-rich
LRD,GGTGC,GCACC,1.08635457542278,1.04172297297297,1,1,1,-3,2,-1,G-rich
LRD,GGTGG,CCACC,1.08475873834543,0.962843004948268,1,1,1,-3,1,-3,G-rich
LRD,GGTGT,ACACC,1.08432506181599,1.44919481259798,2,2,2,-1,2,-1,G-rich
LRD,GGTTA,TAACC,1.40364524925869,0.815438977983148,2,1,3,1,2,-1,neutral
LRD,GGTTC,GAACC,1.40308408484604,1.24854899283032,2,2,2,-1,3,1,neutral
LRD,GGTTG,CAACC,1.40102297730722,1.31421372461835,2,2,2,-1,2,-1,G-rich
LRD,GGTTT,AAACC,1.4004628612547,1.64301738642737,3,3,3,1,3,1,T-rich
LRD,GTACT,AGTAC,0.998865741234985,1.07225764263528,2,1,3,1,3,1,T-rich
LRD,GTAGT,ACTAC,1.14554291538905,1.35242839352428,2,1,3,1,2,-1,neutral
LRD,GTATA,TATAC,1.24868558071095,0.911638954869359,2,0,4,3,2,-1,neutral
LRD,GTATC,GATAC,1.24818636774325,1.20890581029631,2,1,3,1,3,1,T-rich
LRD,GTATG,CATAC,1.24635280241371,1.22122814152094,2,1,3,1,2,-1,neutral
LRD,GTATT,AATAC,1.24585452206923,1.42000813338756,3,2,4,3,3,1,T-rich
LRD,GTCAC,GTGAC,0.969032201152697,1.00742390497402,1,0,2,-1,3,1,C-rich
LRD,GTCAT,ATGAC,0.967221867692379,1.22192419825073,2,1,3,1,3,1,T-rich
LRD,GTCCA,TGGAC,1.1476740604712,0.915226781857451,1,0,2,-1,3,1,C-rich
LRD,GTCCC,GGGAC,1.14721523097679,1.10320222763662,1,1,1,-3,4,3,C-rich
LRD,GTCCG,CGGAC,1.1455299905933,1.15828402366864,1,1,1,-3,3,1,neutral
LRD,GTCCT,AGGAC,1.14507201827823,1.22703155543144,2,2,2,-1,4,3,neutral
LRD,GTCGA,TCGAC,1.13276037035265,0.923392612859097,1,0,2,-1,2,-1,G-rich
LRD,GTCGC,GCGAC,1.13230750321387,1.272,1,1,1,-3,3,1,neutral
LRD,GTCGG,CCGAC,1.13064416203828,1.01939058171745,1,1,1,-3,2,-1,G-rich
LRD,GTCGT,ACGAC,1.13019214094005,1.16666666666667,2,2,2,-1,3,1,neutral
LRD,GTCTA,TAGAC,1.40596210559667,0.718920804744738,2,1,3,1,3,1,T-rich
LRD,GTCTC,GAGAC,1.40540001492625,1.19345880900956,2,2,2,-1,4,3,neutral
LRD,GTCTG,CAGAC,1.40333550532408,1.37813479623824,2,2,2,-1,3,1,neutral
LRD,GTCTT,AAGAC,1.4027744647442,1.63816454416818,3,3,3,1,4,3,T-rich
LRD,GTGAT,ATCAC,0.981568784309109,1.20740243551635,2,1,3,1,2,-1,neutral
LRD,GTGCA,TGCAC,1.17066256196867,0.892227877838684,1,0,2,-1,2,-1,G-rich
LRD,GTGCC,GGCAC,1.17019454188359,1.1387987012987,1,1,1,-3,3,1,neutral
LRD,GTGCG,CGCAC,1.16847554526876,1.28771551724138,1,1,1,-3,2,-1,G-rich
LRD,GTGCT,AGCAC,1.16800839953276,1.22940687031974,2,2,2,-1,3,1,neutral
LRD,GTGGA,TCCAC,1.04043989072955,1.05467950030719,1,0,2,-1,1,-3,G-rich
LRD,GTGGC,GCCAC,1.04002393246625,0.985759308976304,1,1,1,-3,2,-1,G-rich
LRD,GTGGG,CCCAC,1.03849615434453,0.980566075343831,1,1,1,-3,1,-3,G-rich
LRD,GTGGT,ACCAC,1.03808097316909,1.26045733407697,2,2,2,-1,2,-1,G-rich
LRD,GTGTA,TACAC,1.37664883690418,0.78994793752503,2,1,3,1,2,-1,neutral
LRD,GTGTC,GACAC,1.37609846540797,1.44684177611007,2,2,2,-1,3,1,neutral
LRD,GTGTG,CACAC,1.3740769993021,1.31337325349301,2,2,2,-1,2,-1,G-rich
LRD,GTGTT,AACAC,1.37352765600282,1.49031936127745,3,3,3,1,3,1,T-rich
LRD,GTTAA,TTAAC,0.861959928445076,1.00987631530367,2,0,4,3,2,-1,neutral
LRD,GTTAC,GTAAC,0.861615324823024,1.15254237288136,2,1,3,1,3,1,T-rich
LRD,GTTAG,CTAAC,0.86034962602369,1.23142810080712,2,1,3,1,2,-1,neutral
LRD,GTTAT,ATAAC,0.860005666185681,1.32389096739711,3,2,4,3,3,1,T-rich
LRD,GTTCA,TGAAC,1.31435478607602,0.879433791457493,2,1,3,1,3,1,T-rich
LRD,GTTCC,GGAAC,1.31382931916625,1.43599348534202,2,2,2,-1,4,3,neutral
LRD,GTTCG,CGAAC,1.31189932541627,1.0450643776824,2,2,2,-1,3,1,neutral
LRD,GTTCT,AGAAC,1.311374840177,1.43834070172138,3,3,3,1,4,3,T-rich
LRD,GTTGA,TCAAC,1.38607201413572,0.70904603863501,2,1,3,1,2,-1,neutral
LRD,GTTGC,GCAAC,1.38551787534025,1.25065746219592,2,2,2,-1,3,1,neutral
LRD,GTTGG,CCAAC,1.38348257227547,1.24313038793103,2,2,2,-1,2,-1,G-rich
LRD,GTTGT,ACAAC,1.38292946871494,1.59559764525211,3,3,3,1,3,1,T-rich
LRD,GTTTA,TAAAC,1.59578934190518,0.747712672766206,3,2,4,3,3,1,T-rich
LRD,GTTTC,GAAAC,1.59515136005811,1.46611873743114,3,3,3,1,4,3,T-rich
LRD,GTTTG,CAAAC,1.59280810883797,1.55436390532544,3,3,3,1,3,1,T-rich
LRD,GTTTT,AAAAC,1.59217131886036,1.85363259227742,4,4,4,3,4,3,T-rich
LRD,TAATT,AATTA,1.04107443626706,1.23954707670617,3,1,5,5,3,1,T-rich
LRD,TACCT,AGGTA,0.919498304233384,1.02102348477079,2,1,3,1,4,3,neutral
LRD,TACGT,ACGTA,1.02237636728961,1.09058823529412,2,1,3,1,3,1,T-rich
LRD,TACTA,TAGTA,1.05589959746915,1.14083223650906,2,0,4,3,3,1,neutral
LRD,TACTC,GAGTA,1.05547745855781,1.0122123666281,2,1,3,1,4,3,neutral
LRD,TACTG,CAGTA,1.05392697945939,1.02963671128107,2,1,3,1,3,1,T-rich
LRD,TACTT,AAGTA,1.05350562918252,1.25625243474873,3,2,4,3,4,3,T-rich
LRD,TAGCT,AGCTA,1.03858581998002,1.24200042381861,2,1,3,1,3,1,T-rich
LRD,TAGGT,ACCTA,1.0815240721692,1.35311258278146,2,1,3,1,2,-1,neutral
LRD,TAGTC,GACTA,1.28359437402734,1.18359375,2,1,3,1,3,1,T-rich
LRD,TAGTG,CACTA,1.28170879491653,1.15289565651523,2,1,3,1,2,-1,neutral
LRD,TAGTT,AACTA,1.28119637957265,1.55987114588127,3,2,4,3,3,1,T-rich
LRD,TATAT,ATATA,0.998865741234985,1.08967264484299,3,1,5,5,3,1,T-rich
LRD,TATCA,TGATA,1.13139818148466,1.01527044384187,2,0,4,3,3,1,neutral
LRD,TATCC,GGATA,1.13094585893641,1.09212860310421,2,1,3,1,4,3,neutral
LRD,TATCG,CGATA,1.12928451799396,1.10109018830525,2,1,3,1,3,1,T-rich
LRD,TATCT,AGATA,1.12883304046886,1.30272495032643,3,2,4,3,4,3,T-rich
LRD,TATGA,TCATA,1.09956493300025,1.0354415790232,2,0,4,3,2,-1,neutral
LRD,TATGC,GCATA,1.09912533709087,0.986129905277402,2,1,3,1,3,1,T-rich
LRD,TATGG,CCATA,1.09751073997381,1.10297262617622,2,1,3,1,2,-1,neutral
LRD,TATGT,ACATA,1.09707196531184,1.27574257425743,3,2,4,3,3,1,T-rich
LRD,TATTA,TAATA,1.35636360345792,1.15702231763942,3,1,5,5,3,1,T-rich
LRD,TATTC,GAATA,1.35582134181078,1.20457485193002,3,2,4,3,4,3,T-rich
LRD,TATTG,CAATA,1.35382966246734,1.44571122503635,3,2,4,3,3,1,T-rich
LRD,TATTT,AAATA,1.35328841386641,1.49929094434637,4,3,5,5,4,3,T-rich
LRD,TCACT,AGTGA,0.981568784309109,1.12031878129628,2,1,3,1,4,3,neutral
LRD,TCAGT,ACTGA,1.01618441559677,1.19970069837047,2,1,3,1,3,1,T-rich
LRD,TCATC,GATGA,1.17363216380834,1.16538254793048,2,1,3,1,4,3,neutral
LRD,TCATG,CATGA,1.17190811738321,1.0729830732029,2,1,3,1,3,1,T-rich
LRD,TCATT,AATGA,1.17143959933657,1.34847198641766,3,2,4,3,4,3,T-rich
LRD,TCCAT,ATGGA,0.926603492114616,1.28029925187032,2,1,3,1,4,3,neutral
LRD,TCCCA,TGGGA,1.13101839290081,0.960683959520763,1,0,2,-1,4,3,C-rich
LRD,TCCCC,GGGGA,1.13056622218853,1.18533055317061,1,1,1,-3,5,5,C-rich
LRD,TCCCG,CGGGA,1.12890543892625,1.16336913510458,1,1,1,-3,4,3,C-rich
LRD,TCCCT,AGGGA,1.12845411295346,1.2054005838469,2,2,2,-1,5,5,C-rich
LRD,TCCGA,TCGGA,1.14006248903781,1.04077253218884,1,0,2,-1,3,1,C-rich
LRD,TCCGC,GCGGA,1.13960670257939,1.21619365609349,1,1,1,-3,4,3,C-rich
LRD,TCCGG,CCGGA,1.13793263899949,1.14022517911975,1,1,1,-3,3,1,neutral
LRD,TCCGT,ACGGA,1.13747770403545,1.18417462482947,2,2,2,-1,4,3,neutral
LRD,TCCTA,TAGGA,1.27771681219547,1.05507104360608,2,1,3,1,4,3,neutral
LRD,TCCTC,GAGGA,1.27720599280943,1.20989836500221,2,2,2,-1,5,5,C-rich
LRD,TCCTG,CAGGA,1.27532979812599,1.28296723082463,2,2,2,-1,4,3,neutral
LRD,TCCTT,AAGGA,1.27481993304614,1.46282661106405,3,3,3,1,5,5,T-rich
LRD,TCGAT,ATCGA,0.998865741234985,0.929012345679012,2,1,3,1,3,1,T-rich
LRD,TCGCA,TGCGA,1.0847649285125,1.14529058116232,1,0,2,-1,3,1,C-rich
LRD,TCGCC,GGCGA,1.08433124950829,1.14310954063604,1,1,1,-3,4,3,C-rich
LRD,TCGCG,CGCGA,1.08273838466357,0.987341772151899,1,1,1,-3,3,1,neutral
LRD,TCGCT,AGCGA,1.08230551585288,1.2088565763384,2,2,2,-1,4,3,neutral
LRD,TCGGC,GCCGA,1.1295576966154,1.2643427741467,1,1,1,-3,3,1,neutral
LRD,TCGGG,CCCGA,1.12789839486066,0.977841315225161,1,1,1,-3,2,-1,G-rich
LRD,TCGGT,ACCGA,1.1274474714948,1.24640883977901,2,2,2,-1,3,1,neutral
LRD,TCGTA,TACGA,1.25747957599603,1.09519136408243,2,1,3,1,3,1,T-rich
LRD,TCGTC,GACGA,1.2569768472702,1.26992561105207,2,2,2,-1,4,3,neutral
LRD,TCGTG,CACGA,1.25513036887022,1.16977491961415,2,2,2,-1,3,1,neutral
LRD,TCGTT,AACGA,1.25462857933571,1.45082555635319,3,3,3,1,4,3,T-rich
LRD,TCTAA,TTAGA,1.1641780480063,0.959260814783704,2,0,4,3,3,1,neutral
LRD,TCTAC,GTAGA,1.16371262037003,0.961557515109482,2,1,3,1,4,3,neutral
LRD,TCTAG,CTAGA,1.16200314559174,1.22728714965627,2,1,3,1,3,1,T-rich
LRD,TCTAT,ATAGA,1.16153858746137,1.39390955230664,3,2,4,3,4,3,T-rich
LRD,TCTCA,TGAGA,1.21786936421357,1.00947916130029,2,1,3,1,4,3,neutral
LRD,TCTCC,GGAGA,1.21738247128474,1.2880815806246,2,2,2,-1,5,5,C-rich
LRD,TCTCG,CGAGA,1.21559415637455,1.36879432624113,2,2,2,-1,4,3,neutral
LRD,TCTCT,AGAGA,1.21510817305281,1.38120722482375,3,3,3,1,5,5,T-rich
LRD,TCTGA,TCAGA,1.30199157203577,1.11531241619737,2,1,3,1,3,1,T-rich
LRD,TCTGC,GCAGA,1.30147104782484,1.30035049878673,2,2,2,-1,4,3,neutral
LRD,TCTGG,CCAGA,1.29955920817303,1.26976415510997,2,2,2,-1,3,1,neutral
LRD,TCTGT,ACAGA,1.29903965639872,1.49508339556883,3,3,3,1,4,3,T-rich
LRD,TCTTA,TAAGA,1.56932528726667,1.25779753237796,3,2,4,3,4,3,T-rich
LRD,TCTTC,GAAGA,1.56869788550434,1.47756080849606,3,3,3,1,5,5,T-rich
LRD,TCTTG,CAAGA,1.56639349400502,1.56102411135968,3,3,3,1,4,3,T-rich
LRD,TCTTT,AAAGA,1.56576726434657,1.79658456761633,4,4,4,3,5,5,T-rich
LRD,TGACT,AGTCA,0.967221867692379,1.12922066070451,2,1,3,1,3,1,T-rich
LRD,TGAGT,ACTCA,1.05890196971361,1.2177864908216,2,1,3,1,2,-1,neutral
LRD,TGATC,GATCA,1.21047795426385,1.1813985691207,2,1,3,1,3,1,T-rich
LRD,TGATG,CATCA,1.20869978197606,1.23212919026481,2,1,3,1,2,-1,neutral
LRD,TGATT,AATCA,1.20821655496156,1.37788455459316,3,2,4,3,3,1,T-rich
LRD,TGCAT,ATGCA,0.998865741234985,1.30662828815863,2,1,3,1,3,1,T-rich
LRD,TGCCA,TGGCA,1.1588773129364,0.932579921046521,1,0,2,-1,3,1,C-rich
LRD,TGCCC,GGGCA,1.15841400448507,1.12068549360367,1,1,1,-3,4,3,C-rich
LRD,TGCCG,CGGCA,1.15671231328673,1.17763751127142,1,1,1,-3,3,1,neutral
LRD,TGCCT,AGGCA,1.15624987038228,1.25524919674214,2,2,2,-1,4,3,neutral
LRD,TGCGC,GCGCA,1.17259879414317,1.07272727272727,1,1,1,-3,3,1,neutral
LRD,TGCGG,CCGCA,1.17087626572116,1.11760184473482,1,1,1,-3,2,-1,G-rich
LRD,TGCGT,ACGCA,1.17040816019928,1.34223706176962,2,2,2,-1,3,1,neutral
LRD,TGCTA,TAGCA,1.25835879508129,1.09668562463228,2,1,3,1,3,1,T-rich
LRD,TGCTC,GAGCA,1.25785571485179,1.12300633602797,2,2,2,-1,4,3,neutral
LRD,TGCTG,CAGCA,1.25600794540972,1.29939856241749,2,2,2,-1,3,1,neutral
LRD,TGCTT,AAGCA,1.25550580502821,1.42420484388678,3,3,3,1,4,3,T-rich
LRD,TGGAT,ATCCA,0.926603492114616,1.086186540732,2,1,3,1,2,-1,neutral
LRD,TGGCC,GGCCA,1.09334833768193,1.15013280979328,1,1,1,-3,3,1,neutral
LRD,TGGCG,CGCCA,1.09174222688237,0.977235772357724,1,1,1,-3,2,-1,G-rich
LRD,TGGCT,AGCCA,1.09130575841869,1.22897123202001,2,2,2,-1,3,1,neutral
LRD,TGGGC,GCCCA,1.05602925215803,1.02841034711475,1,1,1,-3,2,-1,G-rich
LRD,TGGGG,CCCCA,1.05447796248385,1.06654411764706,1,1,1,-3,1,-3,G-rich
LRD,TGGGT,ACCCA,1.05405639192905,1.22006257703612,2,2,2,-1,2,-1,G-rich
LRD,TGGTA,TACCA,1.31057522241775,1.2123779150887,2,1,3,1,2,-1,neutral
LRD,TGGTC,GACCA,1.31005126654264,1.35350509286998,2,2,2,-1,3,1,neutral
LRD,TGGTG,CACCA,1.30812682269007,1.17901761465042,2,2,2,-1,2,-1,G-rich
LRD,TGGTT,AACCA,1.30760384566258,1.52822433321155,3,3,3,1,3,1,T-rich
LRD,TGTAA,TTACA,1.1659601265156,1.03170295085754,2,0,4,3,2,-1,neutral
LRD,TGTAC,GTACA,1.1654939864208,1.09071491393391,2,1,3,1,3,1,T-rich
LRD,TGTAG,CTACA,1.16378189484496,1.28662356031522,2,1,3,1,2,-1,neutral
LRD,TGTAT,ATACA,1.16331662558706,1.34289047151277,3,2,4,3,3,1,T-rich
LRD,TGTCA,TGACA,1.36131125696505,1.22491975969056,2,1,3,1,3,1,T-rich
LRD,TGTCC,GGACA,1.36076701729171,1.26014645649746,2,2,2,-1,4,3,neutral
LRD,TGTCG,CGACA,1.35876807283199,1.34791252485089,2,2,2,-1,3,1,neutral
LRD,TGTCT,AGACA,1.35822484990019,1.53754303714014,3,3,3,1,4,3,T-rich
LRD,TGTGA,TCACA,1.28977173699607,1.16262547255899,2,1,3,1,2,-1,neutral
LRD,TGTGC,GCACA,1.28925609816238,1.33119894016339,2,2,2,-1,3,1,neutral
LRD,TGTGG,CCACA,1.28736220207156,1.16214729230527,2,2,2,-1,2,-1,G-rich
LRD,TGTGT,ACACA,1.28684752654769,1.47294076614544,3,3,3,1,3,1,T-rich
LRD,TGTTA,TAACA,1.55065947975245,1.30040197897341,3,2,4,3,3,1,T-rich
LRD,TGTTC,GAACA,1.55003954040764,1.47984818362552,3,3,3,1,4,3,T-rich
LRD,TGTTG,CAACA,1.54776255771166,1.6393864013267,3,3,3,1,3,1,T-rich
LRD,TGTTT,AAACA,1.54714377652954,1.68109215017065,4,4,4,3,4,3,T-rich
LRD,TTAAT,ATTAA,0.998865741234985,1.22283415545233,3,1,5,5,3,1,T-rich
LRD,TTACC,GGTAA,1.12174826964585,1.05465994962217,2,1,3,1,4,3,neutral
LRD,TTACG,CGTAA,1.12010043981142,1.0836751435603,2,1,3,1,3,1,T-rich
LRD,TTACT,AGTAA,1.119652633996,1.29144254278729,3,2,4,3,4,3,T-rich
LRD,TTAGC,GCTAA,1.18265445231103,1.19175538499629,2,1,3,1,3,1,T-rich
LRD,TTAGG,CCTAA,1.18091715229188,1.2325152667358,2,1,3,1,2,-1,neutral
LRD,TTAGT,ACTAA,1.18044503251625,1.4426437567119,3,2,4,3,3,1,T-rich
LRD,TTATA,TATAA,1.33004920949458,1.10386139526311,3,1,5,5,3,1,T-rich
LRD,TTATC,GATAA,1.32951746809922,1.3082093565155,3,2,4,3,4,3,T-rich
LRD,TTATG,CATAA,1.32756442871542,1.2178281777076,3,2,4,3,3,1,T-rich
LRD,TTATT,AATAA,1.32703368071247,1.56898807792963,4,3,5,5,4,3,T-rich
LRD,TTCAA,TTGAA,1.1236221641053,1.09874741005839,2,0,4,3,3,1,neutral
LRD,TTCAC,GTGAA,1.12317295033701,1.13434766070749,2,1,3,1,4,3,neutral
LRD,TTCAG,CTGAA,1.12152302766998,1.15551786948056,2,1,3,1,3,1,T-rich
LRD,TTCAT,ATGAA,1.12107465311707,1.34375,3,2,4,3,4,3,T-rich
LRD,TTCCA,TGGAA,1.32653280480382,1.22849764203907,2,1,3,1,4,3,neutral
LRD,TTCCC,GGGAA,1.32600246923459,1.29320200510069,2,2,2,-1,5,5,C-rich
LRD,TTCCG,CGGAA,1.32405459332655,1.24211423699915,2,2,2,-1,4,3,neutral
LRD,TTCCT,AGGAA,1.32352524852339,1.44853351176536,3,3,3,1,5,5,T-rich
LRD,TTCGA,TCGAA,1.15301118213417,0.799684542586751,2,1,3,1,3,1,T-rich
LRD,TTCGC,GCGAA,1.15255021890779,1.23895809739524,2,2,2,-1,4,3,neutral
LRD,TTCGG,CCGAA,1.15085714151441,1.26340996168582,2,2,2,-1,3,1,neutral
LRD,TTCGT,ACGAA,1.15039703945358,1.47533009034051,3,3,3,1,4,3,T-rich
LRD,TTCTA,TAGAA,1.48353607507068,1.28534565530485,3,2,4,3,4,3,T-rich
LRD,TTCTC,GAGAA,1.4829429710434,1.36499858637263,3,3,3,1,5,5,T-rich
LRD,TTCTG,CAGAA,1.48076455210881,1.47880864231641,3,3,3,1,4,3,T-rich
LRD,TTCTT,AAGAA,1.48017255611082,1.70088012386929,4,4,4,3,5,5,T-rich
LRD,TTGAC,GTCAA,1.25405195646768,1.11969661057123,2,1,3,1,3,1,T-rich
LRD,TTGAG,CTCAA,1.25220977468438,1.28386363636364,2,1,3,1,2,-1,neutral
LRD,TTGAT,ATCAA,1.25170915277646,1.56326936310115,3,2,4,3,3,1,T-rich
LRD,TTGCA,TGCAA,1.34832852395084,1.13798198705319,2,1,3,1,3,1,T-rich
LRD,TTGCC,GGCAA,1.34778947465431,1.4028785535863,2,2,2,-1,4,3,neutral
LRD,TTGCG,CGCAA,1.34580959399216,1.25521350546177,2,2,2,-1,3,1,neutral
LRD,TTGCT,AGCAA,1.34527155174057,1.54296398046398,3,3,3,1,4,3,T-rich
LRD,TTGGA,TCCAA,1.29941892463788,1.07678611172936,2,1,3,1,2,-1,neutral
LRD,TTGGC,GCCAA,1.29889942894763,1.34173736408173,2,2,2,-1,3,1,neutral
LRD,TTGGG,CCCAA,1.29699136696183,1.20179126302321,2,2,2,-1,2,-1,G-rich
LRD,TTGGT,ACCAA,1.29647284178673,1.66613672496025,3,3,3,1,3,1,T-rich
LRD,TTGTA,TACAA,1.62762896512435,1.45552618418232,3,2,4,3,3,1,T-rich
LRD,TTGTC,GACAA,1.62697825408985,1.60159362549801,3,3,3,1,4,3,T-rich
LRD,TTGTG,CACAA,1.62458824968369,1.48610777484186,3,3,3,1,3,1,T-rich
LRD,TTGTT,AACAA,1.62393875429915,1.87480671210125,4,4,4,3,4,3,T-rich
LRD,TTTAA,TTAAA,1.35349961833208,1.18283250501925,3,1,5,5,3,1,T-rich
LRD,TTTAC,GTAAA,1.35295850167975,1.26361181940903,3,2,4,3,4,3,T-rich
LRD,TTTAG,CTAAA,1.35097102780157,1.41513277555475,3,2,4,3,3,1,T-rich
LRD,TTTAT,ATAAA,1.35043092205639,1.53545762711864,4,3,5,5,4,3,T-rich
LRD,TTTCA,TGAAA,1.52251368021654,1.32961519323271,3,2,4,3,4,3,T-rich
LRD,TTTCC,GGAAA,1.52190499330256,1.50472006174672,3,3,3,1,5,5,T-rich
LRD,TTTCG,CGAAA,1.51966933979544,1.45957446808511,3,3,3,1,4,3,T-rich
LRD,TTTCT,AGAAA,1.5190617900225,1.68570183086312,4,4,4,3,5,5,T-rich
LRD,TTTGA,TCAAA,1.57986913902231,1.36995281847529,3,2,4,3,3,1,T-rich
LRD,TTTGC,GCAAA,1.57923752192538,1.5202786377709,3,3,3,1,4,3,T-rich
LRD,TTTGG,CCAAA,1.5769176478728,1.51374151453239,3,3,3,1,3,1,T-rich
LRD,TTTGT,ACAAA,1.57628721075478,1.8571159549927,4,4,4,3,4,3,T-rich
LRD,TTTTA,TAAAA,1.73878216538968,1.49636292294226,4,3,5,5,4,3,T-rich
LRD,TTTTC,GAAAA,1.73808701633185,1.68281990057541,4,4,4,3,5,5,T-rich
LRD,TTTTG,CAAAA,1.73553379497386,1.8646801646929,4,4,4,3,4,3,T-rich
LRD,TTTTT,AAAAA,1.73483994458452,1.85340022296544,5,5,5,5,5,5,T-rich
