repdomains,log2val,sample_strand,direction,windows
ERD,-0.248422584130325,-,Left Replicating,-1
ERD,-0.119164471086757,+,Left Replicating,-1
LRD,-0.458766853850572,-,Left Replicating,-1
LRD,-0.261236470112454,+,Left Replicating,-1
ERD,-0.15237382555685,-,Left Replicating,-10
ERD,-0.219859270655339,+,Left Replicating,-10
LRD,-0.511078555938568,-,Left Replicating,-10
LRD,-0.404919431461512,+,Left Replicating,-10
ERD,-0.183816425956181,-,Left Replicating,-100
ERD,-0.0751106857360171,+,Left Replicating,-100
LRD,-0.599600600715467,-,Left Replicating,-100
LRD,-0.347550432320529,+,Left Replicating,-100
ERD,-0.101094148083442,-,Left Replicating,-11
ERD,-0.0870462998747722,+,Left Replicating,-11
LRD,-0.330592638965063,-,Left Replicating,-11
LRD,-0.285286530350856,+,Left Replicating,-11
ERD,-0.15486700384739,-,Left Replicating,-12
ERD,-0.167822058555728,+,Left Replicating,-12
LRD,-0.373807315061967,-,Left Replicating,-12
LRD,-0.423582045608439,+,Left Replicating,-12
ERD,-0.193552578228644,-,Left Replicating,-13
ERD,-0.213023856138943,+,Left Replicating,-13
LRD,-0.496847425883647,-,Left Replicating,-13
LRD,-0.279277688694969,+,Left Replicating,-13
ERD,-0.130275204896558,-,Left Replicating,-14
ERD,-0.123754087134195,+,Left Replicating,-14
LRD,-0.610509813274534,-,Left Replicating,-14
LRD,-0.335240610142207,+,Left Replicating,-14
ERD,-0.200552814316668,-,Left Replicating,-15
ERD,-0.128539866844119,+,Left Replicating,-15
LRD,-0.57447877772598,-,Left Replicating,-15
LRD,-0.294530777747379,+,Left Replicating,-15
ERD,-0.237113751800762,-,Left Replicating,-16
ERD,-0.185428765646596,+,Left Replicating,-16
LRD,-0.520777020695355,-,Left Replicating,-16
LRD,-0.317020258911513,+,Left Replicating,-16
ERD,-0.198956203697293,-,Left Replicating,-17
ERD,-0.185688263059145,+,Left Replicating,-17
LRD,-0.615317945439651,-,Left Replicating,-17
LRD,-0.316896423219254,+,Left Replicating,-17
ERD,-0.300686795875435,-,Left Replicating,-18
ERD,-0.247172785770783,+,Left Replicating,-18
LRD,-0.586869552733875,-,Left Replicating,-18
LRD,-0.380943021106863,+,Left Replicating,-18
ERD,-0.421325018127545,-,Left Replicating,-19
ERD,-0.238208815974186,+,Left Replicating,-19
LRD,-0.541641034721992,-,Left Replicating,-19
LRD,-0.187591163342317,+,Left Replicating,-19
ERD,-0.041623003719164,-,Left Replicating,-2
ERD,-0.20294591688004,+,Left Replicating,-2
LRD,-0.469994117773919,-,Left Replicating,-2
LRD,-0.226610745649085,+,Left Replicating,-2
ERD,-0.164962842617024,-,Left Replicating,-20
ERD,-0.268305883768918,+,Left Replicating,-20
LRD,-0.524540004793796,-,Left Replicating,-20
LRD,-0.19645061471208,+,Left Replicating,-20
ERD,-0.331238621521073,-,Left Replicating,-21
ERD,-0.151506806619144,+,Left Replicating,-21
LRD,-0.500657351089067,-,Left Replicating,-21
LRD,-0.343986516933662,+,Left Replicating,-21
ERD,-0.192765534675114,-,Left Replicating,-22
ERD,-0.182053529744193,+,Left Replicating,-22
LRD,-0.439777675408413,-,Left Replicating,-22
LRD,-0.249286290336316,+,Left Replicating,-22
ERD,-0.117997581655178,-,Left Replicating,-23
ERD,-0.0883044017882116,+,Left Replicating,-23
LRD,-0.568368699319678,-,Left Replicating,-23
LRD,-0.339834147854332,+,Left Replicating,-23
ERD,-0.0492856296992635,-,Left Replicating,-24
ERD,-0.177693718264992,+,Left Replicating,-24
LRD,-0.408218242862119,-,Left Replicating,-24
LRD,-0.352912277620416,+,Left Replicating,-24
ERD,-0.0877641744776759,-,Left Replicating,-25
ERD,-0.338907055534396,+,Left Replicating,-25
LRD,-0.667335643356434,-,Left Replicating,-25
LRD,-0.22323027762169,+,Left Replicating,-25
ERD,-0.0450725635804273,-,Left Replicating,-26
ERD,-0.184127018482049,+,Left Replicating,-26
LRD,-0.592911050639573,-,Left Replicating,-26
LRD,-0.513414642502719,+,Left Replicating,-26
ERD,-0.191356322259454,-,Left Replicating,-27
ERD,-0.125664055410205,+,Left Replicating,-27
LRD,-0.653707266392113,-,Left Replicating,-27
LRD,-0.231306148314784,+,Left Replicating,-27
ERD,-0.219841771236662,-,Left Replicating,-28
ERD,-0.162084389171628,+,Left Replicating,-28
LRD,-0.575079833873431,-,Left Replicating,-28
LRD,-0.218436707941243,+,Left Replicating,-28
ERD,-0.0610858919804181,-,Left Replicating,-29
ERD,-0.0745116219480679,+,Left Replicating,-29
LRD,-0.60565177611706,-,Left Replicating,-29
LRD,-0.272233296049951,+,Left Replicating,-29
ERD,-0.161730277195249,-,Left Replicating,-3
ERD,0.0846882042566938,+,Left Replicating,-3
LRD,-0.391599799778986,-,Left Replicating,-3
LRD,-0.28878681777501,+,Left Replicating,-3
ERD,-0.183393680062885,-,Left Replicating,-30
ERD,-0.22927397881016,+,Left Replicating,-30
LRD,-0.706651588689435,-,Left Replicating,-30
LRD,-0.413333765176164,+,Left Replicating,-30
ERD,-0.275546829558637,-,Left Replicating,-31
ERD,-0.233082187607176,+,Left Replicating,-31
LRD,-0.618583045286586,-,Left Replicating,-31
LRD,-0.243112318430325,+,Left Replicating,-31
ERD,-0.24757039111271,-,Left Replicating,-32
ERD,-0.267345956388436,+,Left Replicating,-32
LRD,-0.607379437939292,-,Left Replicating,-32
LRD,-0.315573052873609,+,Left Replicating,-32
ERD,-0.301087190697168,-,Left Replicating,-33
ERD,-0.158320857271328,+,Left Replicating,-33
LRD,-0.537949773683453,-,Left Replicating,-33
LRD,-0.271460237162688,+,Left Replicating,-33
ERD,-0.268229682757876,-,Left Replicating,-34
ERD,-0.157367969812201,+,Left Replicating,-34
LRD,-0.70448251873315,-,Left Replicating,-34
LRD,-0.299776515307799,+,Left Replicating,-34
ERD,-0.185369196723986,-,Left Replicating,-35
ERD,-0.175078603847559,+,Left Replicating,-35
LRD,-0.60627885905136,-,Left Replicating,-35
LRD,-0.381497415989456,+,Left Replicating,-35
ERD,-0.263389891872826,-,Left Replicating,-36
ERD,-0.182229104470797,+,Left Replicating,-36
LRD,-0.529420796254657,-,Left Replicating,-36
LRD,-0.348434433476217,+,Left Replicating,-36
ERD,-0.273509191806108,-,Left Replicating,-37
ERD,-0.0958188207735156,+,Left Replicating,-37
LRD,-0.557489311776284,-,Left Replicating,-37
LRD,-0.0627465667471158,+,Left Replicating,-37
ERD,-0.134542198681202,-,Left Replicating,-38
ERD,-0.182056470344205,+,Left Replicating,-38
LRD,-0.486791792885008,-,Left Replicating,-38
LRD,-0.340317178616678,+,Left Replicating,-38
ERD,-0.265495014399794,-,Left Replicating,-39
ERD,-0.114416686640505,+,Left Replicating,-39
LRD,-0.707176746760715,-,Left Replicating,-39
LRD,-0.332864676834906,+,Left Replicating,-39
ERD,-0.187228139049016,-,Left Replicating,-4
ERD,-0.0844470094044817,+,Left Replicating,-4
LRD,-0.386569309089254,-,Left Replicating,-4
LRD,-0.132414785345433,+,Left Replicating,-4
ERD,-0.167620205670734,-,Left Replicating,-40
ERD,-0.130484254320179,+,Left Replicating,-40
LRD,-0.741441353494466,-,Left Replicating,-40
LRD,-0.376910047370591,+,Left Replicating,-40
ERD,-0.0957142616167185,-,Left Replicating,-41
ERD,-0.339903837078605,+,Left Replicating,-41
LRD,-0.634969802583345,-,Left Replicating,-41
LRD,-0.421805720762431,+,Left Replicating,-41
ERD,-0.105841459529396,-,Left Replicating,-42
ERD,-0.212589407715903,+,Left Replicating,-42
LRD,-0.605396250772709,-,Left Replicating,-42
LRD,-0.308314235864488,+,Left Replicating,-42
ERD,-0.169858462601582,-,Left Replicating,-43
ERD,-0.160629768703431,+,Left Replicating,-43
LRD,-0.692530956089543,-,Left Replicating,-43
LRD,-0.150377412707553,+,Left Replicating,-43
ERD,-0.167893894285062,-,Left Replicating,-44
ERD,-0.130126498829158,+,Left Replicating,-44
LRD,-0.643646365006983,-,Left Replicating,-44
LRD,-0.371640950175259,+,Left Replicating,-44
ERD,-0.170919038160756,-,Left Replicating,-45
ERD,-0.00882546119741922,+,Left Replicating,-45
LRD,-0.631577701207588,-,Left Replicating,-45
LRD,-0.293962866074769,+,Left Replicating,-45
ERD,-0.228646476349919,-,Left Replicating,-46
ERD,-0.168594089649123,+,Left Replicating,-46
LRD,-0.677841877806432,-,Left Replicating,-46
LRD,-0.240294062061397,+,Left Replicating,-46
ERD,-0.166325893426673,-,Left Replicating,-47
ERD,-0.150456099221075,+,Left Replicating,-47
LRD,-0.726531187340487,-,Left Replicating,-47
LRD,-0.545333888196471,+,Left Replicating,-47
ERD,-0.334508809102883,-,Left Replicating,-48
ERD,-0.155385433052309,+,Left Replicating,-48
LRD,-0.732040955822856,-,Left Replicating,-48
LRD,-0.498719687884567,+,Left Replicating,-48
ERD,-0.239500446739363,-,Left Replicating,-49
ERD,-0.286985847999666,+,Left Replicating,-49
LRD,-0.680928315683746,-,Left Replicating,-49
LRD,-0.438194547738886,+,Left Replicating,-49
ERD,-0.14503383072447,-,Left Replicating,-5
ERD,-0.134361563088308,+,Left Replicating,-5
LRD,-0.300996293696751,-,Left Replicating,-5
LRD,-0.157326811331229,+,Left Replicating,-5
ERD,-0.215494542378849,-,Left Replicating,-50
ERD,-0.181689551376433,+,Left Replicating,-50
LRD,-0.676362692432053,-,Left Replicating,-50
LRD,-0.276587289273068,+,Left Replicating,-50
ERD,0.0372265953156944,-,Left Replicating,-51
ERD,-0.173912323230211,+,Left Replicating,-51
LRD,-0.628437113512149,-,Left Replicating,-51
LRD,-0.453256591568069,+,Left Replicating,-51
ERD,-0.0240071353613216,-,Left Replicating,-52
ERD,-0.137576626540344,+,Left Replicating,-52
LRD,-0.361676269512205,-,Left Replicating,-52
LRD,-0.128791335576174,+,Left Replicating,-52
ERD,-0.163027838097474,-,Left Replicating,-53
ERD,-0.157200054338684,+,Left Replicating,-53
LRD,-0.770004233068391,-,Left Replicating,-53
LRD,-0.364398276890642,+,Left Replicating,-53
ERD,-0.138286441997732,-,Left Replicating,-54
ERD,-0.0653202204145387,+,Left Replicating,-54
LRD,-0.740987424965502,-,Left Replicating,-54
LRD,-0.321143410595249,+,Left Replicating,-54
ERD,-0.0922052955820927,-,Left Replicating,-55
ERD,-0.191051374620042,+,Left Replicating,-55
LRD,-0.608000738118472,-,Left Replicating,-55
LRD,-0.342051812401206,+,Left Replicating,-55
ERD,-0.133214536128404,-,Left Replicating,-56
ERD,-0.173063014197054,+,Left Replicating,-56
LRD,-0.673296447750357,-,Left Replicating,-56
LRD,-0.292935807842037,+,Left Replicating,-56
ERD,-0.132774905668449,-,Left Replicating,-57
ERD,-0.213003793339608,+,Left Replicating,-57
LRD,-0.725922892873257,-,Left Replicating,-57
LRD,-0.294090493848204,+,Left Replicating,-57
ERD,-0.238601599196856,-,Left Replicating,-58
ERD,-0.108170420614986,+,Left Replicating,-58
LRD,-0.728685461355077,-,Left Replicating,-58
LRD,-0.205191312666369,+,Left Replicating,-58
ERD,-0.107158840213432,-,Left Replicating,-59
ERD,-0.0260589742749582,+,Left Replicating,-59
LRD,-0.738001166106376,-,Left Replicating,-59
LRD,-0.444003189176623,+,Left Replicating,-59
ERD,0.0159208042480226,-,Left Replicating,-6
ERD,-0.195580485813157,+,Left Replicating,-6
LRD,-0.22062537909057,-,Left Replicating,-6
LRD,-0.03365630403114,+,Left Replicating,-6
ERD,-0.218147542565758,-,Left Replicating,-60
ERD,-0.162246052869274,+,Left Replicating,-60
LRD,-0.711159560847407,-,Left Replicating,-60
LRD,-0.337882654686256,+,Left Replicating,-60
ERD,-0.240102439425888,-,Left Replicating,-61
ERD,-0.2606094015268,+,Left Replicating,-61
LRD,-0.592649610020117,-,Left Replicating,-61
LRD,-0.264741106896657,+,Left Replicating,-61
ERD,-0.067530238576407,-,Left Replicating,-62
ERD,-0.030824463437727,+,Left Replicating,-62
LRD,-0.716508951608783,-,Left Replicating,-62
LRD,-0.301021150588073,+,Left Replicating,-62
ERD,-0.303309216953713,-,Left Replicating,-63
ERD,-0.13884256106955,+,Left Replicating,-63
LRD,-0.692896728563717,-,Left Replicating,-63
LRD,-0.484919105271795,+,Left Replicating,-63
ERD,-0.164277939854321,-,Left Replicating,-64
ERD,-0.0832998715920201,+,Left Replicating,-64
LRD,-0.511676675943736,-,Left Replicating,-64
LRD,-0.489654061680858,+,Left Replicating,-64
ERD,-0.200658819747771,-,Left Replicating,-65
ERD,-0.0789102786339425,+,Left Replicating,-65
LRD,-0.865792412480615,-,Left Replicating,-65
LRD,-0.160481434581477,+,Left Replicating,-65
ERD,-0.307399121021984,-,Left Replicating,-66
ERD,-0.122869089065809,+,Left Replicating,-66
LRD,-0.706890371294759,-,Left Replicating,-66
LRD,-0.310521344282089,+,Left Replicating,-66
ERD,-0.140650969694503,-,Left Replicating,-67
ERD,-0.0430006187807371,+,Left Replicating,-67
LRD,-0.520708919235394,-,Left Replicating,-67
LRD,-0.41020921715888,+,Left Replicating,-67
ERD,-0.177294181718129,-,Left Replicating,-68
ERD,-0.0756842972952613,+,Left Replicating,-68
LRD,-0.673156780319654,-,Left Replicating,-68
LRD,-0.289505447956335,+,Left Replicating,-68
ERD,-0.213438241699976,-,Left Replicating,-69
ERD,-0.0511658966730033,+,Left Replicating,-69
LRD,-0.671226766916382,-,Left Replicating,-69
LRD,-0.425900159732621,+,Left Replicating,-69
ERD,-0.278059984369318,-,Left Replicating,-7
ERD,-0.223911631088832,+,Left Replicating,-7
LRD,-0.445569031761117,-,Left Replicating,-7
LRD,-0.233174119975089,+,Left Replicating,-7
ERD,-0.146117163489078,-,Left Replicating,-70
ERD,-0.112074912259759,+,Left Replicating,-70
LRD,-0.579683359711631,-,Left Replicating,-70
LRD,-0.274309044933784,+,Left Replicating,-70
ERD,-0.112551197478951,-,Left Replicating,-71
ERD,-0.143221663114769,+,Left Replicating,-71
LRD,-0.71554752910539,-,Left Replicating,-71
LRD,-0.388595628109879,+,Left Replicating,-71
ERD,-0.238397672916282,-,Left Replicating,-72
ERD,-0.0885086659408724,+,Left Replicating,-72
LRD,-0.661954827064061,-,Left Replicating,-72
LRD,-0.264912675211118,+,Left Replicating,-72
ERD,-0.152888946969619,-,Left Replicating,-73
ERD,-0.103171436838446,+,Left Replicating,-73
LRD,-0.697089926901861,-,Left Replicating,-73
LRD,-0.26572222920318,+,Left Replicating,-73
ERD,-0.248108025915093,-,Left Replicating,-74
ERD,-0.160964922637207,+,Left Replicating,-74
LRD,-0.784869930844307,-,Left Replicating,-74
LRD,-0.156798161521156,+,Left Replicating,-74
ERD,-0.210304498729032,-,Left Replicating,-75
ERD,-0.112087461111566,+,Left Replicating,-75
LRD,-0.802674341349,-,Left Replicating,-75
LRD,-0.423801714111314,+,Left Replicating,-75
ERD,-0.255728374998149,-,Left Replicating,-76
ERD,-0.183264741484415,+,Left Replicating,-76
LRD,-0.740956358082535,-,Left Replicating,-76
LRD,-0.274424713811485,+,Left Replicating,-76
ERD,-0.203712765437063,-,Left Replicating,-77
ERD,-0.100189654629236,+,Left Replicating,-77
LRD,-0.684920739381679,-,Left Replicating,-77
LRD,-0.428708309592311,+,Left Replicating,-77
ERD,-0.159904403004827,-,Left Replicating,-78
ERD,-0.0710328027042821,+,Left Replicating,-78
LRD,-0.725692325997167,-,Left Replicating,-78
LRD,-0.2016596934563,+,Left Replicating,-78
ERD,-0.186373597707418,-,Left Replicating,-79
ERD,-0.105220045675894,+,Left Replicating,-79
LRD,-0.771209410469203,-,Left Replicating,-79
LRD,-0.290434658479333,+,Left Replicating,-79
ERD,-0.153004486708116,-,Left Replicating,-8
ERD,-0.182419739891593,+,Left Replicating,-8
LRD,-0.589064092470804,-,Left Replicating,-8
LRD,-0.199926018772704,+,Left Replicating,-8
ERD,-0.230213858914107,-,Left Replicating,-80
ERD,-0.247899276699721,+,Left Replicating,-80
LRD,-0.569851713399525,-,Left Replicating,-80
LRD,-0.332830090482532,+,Left Replicating,-80
ERD,-0.147551085009654,-,Left Replicating,-81
ERD,-0.171095418729296,+,Left Replicating,-81
LRD,-0.766055575989186,-,Left Replicating,-81
LRD,-0.412862087166448,+,Left Replicating,-81
ERD,-0.146642955543004,-,Left Replicating,-82
ERD,-0.159427088624802,+,Left Replicating,-82
LRD,-0.678802859336348,-,Left Replicating,-82
LRD,-0.317164020086204,+,Left Replicating,-82
ERD,-0.0612186476239708,-,Left Replicating,-83
ERD,-0.0724923949538858,+,Left Replicating,-83
LRD,-0.728894782450468,-,Left Replicating,-83
LRD,-0.358656783418389,+,Left Replicating,-83
ERD,-0.208543227604867,-,Left Replicating,-84
ERD,-0.00177977877068154,+,Left Replicating,-84
LRD,-0.84764064046967,-,Left Replicating,-84
LRD,-0.197392977265752,+,Left Replicating,-84
ERD,-0.215647828958417,-,Left Replicating,-85
ERD,-0.134623146644752,+,Left Replicating,-85
LRD,-0.802035037307294,-,Left Replicating,-85
LRD,-0.0851109300929893,+,Left Replicating,-85
ERD,-0.238616086468227,-,Left Replicating,-86
ERD,-0.174226895832994,+,Left Replicating,-86
LRD,-0.90248486364955,-,Left Replicating,-86
LRD,-0.402729156125699,+,Left Replicating,-86
ERD,-0.111120065324642,-,Left Replicating,-87
ERD,0.12051267112358,+,Left Replicating,-87
LRD,-0.890455064601661,-,Left Replicating,-87
LRD,-0.282932297208837,+,Left Replicating,-87
ERD,-0.245595604626424,-,Left Replicating,-88
ERD,-0.162891757621586,+,Left Replicating,-88
LRD,-0.811533753671836,-,Left Replicating,-88
LRD,-0.371168118200074,+,Left Replicating,-88
ERD,-0.239874664622168,-,Left Replicating,-89
ERD,-0.120960674323451,+,Left Replicating,-89
LRD,-0.716120630963221,-,Left Replicating,-89
LRD,-0.0755368943653485,+,Left Replicating,-89
ERD,-0.176308353145239,-,Left Replicating,-9
ERD,-0.209933205735697,+,Left Replicating,-9
LRD,-0.313493345608056,-,Left Replicating,-9
LRD,-0.20955830626557,+,Left Replicating,-9
ERD,-0.18508723505,-,Left Replicating,-90
ERD,-0.0930978310682316,+,Left Replicating,-90
LRD,-0.705975942809723,-,Left Replicating,-90
LRD,-0.360141617251999,+,Left Replicating,-90
ERD,-0.264575268751859,-,Left Replicating,-91
ERD,-0.101557894469219,+,Left Replicating,-91
LRD,-0.751050920732708,-,Left Replicating,-91
LRD,-0.126952871884736,+,Left Replicating,-91
ERD,-0.110519832914755,-,Left Replicating,-92
ERD,-0.0494229425113426,+,Left Replicating,-92
LRD,-0.752983369886903,-,Left Replicating,-92
LRD,-0.211857691537722,+,Left Replicating,-92
ERD,-0.0807605738054255,-,Left Replicating,-93
ERD,-0.0294327412187458,+,Left Replicating,-93
LRD,-0.827975398567408,-,Left Replicating,-93
LRD,-0.315313922607188,+,Left Replicating,-93
ERD,-0.140014622835502,-,Left Replicating,-94
ERD,-0.0446838443320246,+,Left Replicating,-94
LRD,-0.539732550023086,-,Left Replicating,-94
LRD,-0.242643253746513,+,Left Replicating,-94
ERD,-0.162740784890286,-,Left Replicating,-95
ERD,-0.102565783868873,+,Left Replicating,-95
LRD,-0.74635959286048,-,Left Replicating,-95
LRD,-0.545309713467202,+,Left Replicating,-95
ERD,-0.0306256756064476,-,Left Replicating,-96
ERD,-0.0523694968785729,+,Left Replicating,-96
LRD,-0.782661995407114,-,Left Replicating,-96
LRD,-0.476050581954971,+,Left Replicating,-96
ERD,-0.0547715528013928,-,Left Replicating,-97
ERD,-0.0929769427150708,+,Left Replicating,-97
LRD,-0.698710220317127,-,Left Replicating,-97
LRD,-0.286544477325368,+,Left Replicating,-97
ERD,-0.141117796191503,-,Left Replicating,-98
ERD,-0.0697751813085603,+,Left Replicating,-98
LRD,-0.80083575668589,-,Left Replicating,-98
LRD,-0.215470902283717,+,Left Replicating,-98
ERD,-0.149939172396722,-,Left Replicating,-99
ERD,-0.0608434357071697,+,Left Replicating,-99
LRD,-0.674508275978109,-,Left Replicating,-99
LRD,-0.283745836736732,+,Left Replicating,-99
ERD,-0.256445889582116,-,Right Replicating,1
ERD,-0.268334719433606,+,Right Replicating,1
LRD,-0.337258153853582,-,Right Replicating,1
LRD,-0.0688703007450708,+,Right Replicating,1
ERD,-0.222022155861754,-,Right Replicating,10
ERD,-0.224192903189563,+,Right Replicating,10
LRD,-0.258440803955027,-,Right Replicating,10
LRD,-0.229681441016293,+,Right Replicating,10
ERD,-0.0674681347387655,-,Right Replicating,100
ERD,-0.0790964183793278,+,Right Replicating,100
LRD,-0.607083385384468,-,Right Replicating,100
LRD,-0.854277879199069,+,Right Replicating,100
ERD,-0.181620504288429,-,Right Replicating,11
ERD,-0.182668296479831,+,Right Replicating,11
LRD,-0.243556139415053,-,Right Replicating,11
LRD,-0.312875707469486,+,Right Replicating,11
ERD,-0.186391590565706,-,Right Replicating,12
ERD,-0.117664034420226,+,Right Replicating,12
LRD,-0.290862556816926,-,Right Replicating,12
LRD,-0.232905606493039,+,Right Replicating,12
ERD,-0.238161601294959,-,Right Replicating,13
ERD,-0.243347908843731,+,Right Replicating,13
LRD,-0.174027526846407,-,Right Replicating,13
LRD,-0.264981856090804,+,Right Replicating,13
ERD,-0.262837368799341,-,Right Replicating,14
ERD,-0.0973523176491644,+,Right Replicating,14
LRD,-0.19958498582535,-,Right Replicating,14
LRD,-0.376063015467635,+,Right Replicating,14
ERD,-0.150233826602206,-,Right Replicating,15
ERD,-0.0796736978163404,+,Right Replicating,15
LRD,-0.25214483969386,-,Right Replicating,15
LRD,-0.307943309794356,+,Right Replicating,15
ERD,-0.180074775105129,-,Right Replicating,16
ERD,-0.282347939311423,+,Right Replicating,16
LRD,-0.0656958351891147,-,Right Replicating,16
LRD,-0.457935080429388,+,Right Replicating,16
ERD,-0.175596735813478,-,Right Replicating,17
ERD,-0.195439995098502,+,Right Replicating,17
LRD,-0.292937961111812,-,Right Replicating,17
LRD,-0.54021675191595,+,Right Replicating,17
ERD,-0.261273457188351,-,Right Replicating,18
ERD,-0.187021248829762,+,Right Replicating,18
LRD,-0.179325798282601,-,Right Replicating,18
LRD,-0.310821895679676,+,Right Replicating,18
ERD,-0.0983807717498833,-,Right Replicating,19
ERD,-0.268867370880459,+,Right Replicating,19
LRD,-0.268968523282357,-,Right Replicating,19
LRD,-0.364944437147718,+,Right Replicating,19
ERD,-0.32264072270267,-,Right Replicating,2
ERD,-0.125680186391211,+,Right Replicating,2
LRD,-0.36520898766932,-,Right Replicating,2
LRD,-0.147397392405849,+,Right Replicating,2
ERD,-0.0839984592168631,-,Right Replicating,20
ERD,-0.270319188057093,+,Right Replicating,20
LRD,-0.429985421423765,-,Right Replicating,20
LRD,-0.283511537770458,+,Right Replicating,20
ERD,-0.0999171224341733,-,Right Replicating,21
ERD,-0.242360844306083,+,Right Replicating,21
LRD,-0.199071358323395,-,Right Replicating,21
LRD,-0.351129332152381,+,Right Replicating,21
ERD,-0.237943764867143,-,Right Replicating,22
ERD,-0.128403999777285,+,Right Replicating,22
LRD,-0.123191287462453,-,Right Replicating,22
LRD,-0.41692087686304,+,Right Replicating,22
ERD,-0.128033080790502,-,Right Replicating,23
ERD,-0.133058287510331,+,Right Replicating,23
LRD,-0.159477264465815,-,Right Replicating,23
LRD,-0.364926114938272,+,Right Replicating,23
ERD,-0.158287197190072,-,Right Replicating,24
ERD,-0.171179512689575,+,Right Replicating,24
LRD,-0.215544668655718,-,Right Replicating,24
LRD,-0.468236552238296,+,Right Replicating,24
ERD,-0.0806354786018034,-,Right Replicating,25
ERD,-0.0959461561243976,+,Right Replicating,25
LRD,-0.378917528044006,-,Right Replicating,25
LRD,-0.54077990593413,+,Right Replicating,25
ERD,-0.296815264974939,-,Right Replicating,26
ERD,-0.0811482583393629,+,Right Replicating,26
LRD,-0.197224386907768,-,Right Replicating,26
LRD,-0.436092213246887,+,Right Replicating,26
ERD,-0.0933233890634846,-,Right Replicating,27
ERD,-0.176777701199189,+,Right Replicating,27
LRD,-0.293406490093421,-,Right Replicating,27
LRD,-0.425596097857382,+,Right Replicating,27
ERD,-0.186922078758389,-,Right Replicating,28
ERD,-0.200754221224607,+,Right Replicating,28
LRD,-0.259360534301521,-,Right Replicating,28
LRD,-0.439811234545256,+,Right Replicating,28
ERD,-0.30575876134564,-,Right Replicating,29
ERD,-0.109015255983549,+,Right Replicating,29
LRD,-0.248905709255288,-,Right Replicating,29
LRD,-0.422297150013891,+,Right Replicating,29
ERD,-0.043976627768427,-,Right Replicating,3
ERD,-0.0678082170820633,+,Right Replicating,3
LRD,-0.457294510826908,-,Right Replicating,3
LRD,-0.314662517834785,+,Right Replicating,3
ERD,-0.0960186310419075,-,Right Replicating,30
ERD,-0.0963408317820092,+,Right Replicating,30
LRD,-0.0908773842915706,-,Right Replicating,30
LRD,-0.608060222195058,+,Right Replicating,30
ERD,-0.220674016941018,-,Right Replicating,31
ERD,-0.0840687073000993,+,Right Replicating,31
LRD,-0.125787311433445,-,Right Replicating,31
LRD,-0.394927927455737,+,Right Replicating,31
ERD,-0.222598469626507,-,Right Replicating,32
ERD,-0.186061521647546,+,Right Replicating,32
LRD,-0.230371982835848,-,Right Replicating,32
LRD,-0.643006410131584,+,Right Replicating,32
ERD,-0.132194736912562,-,Right Replicating,33
ERD,-0.147965469179935,+,Right Replicating,33
LRD,-0.0969247431819782,-,Right Replicating,33
LRD,-0.558345407946218,+,Right Replicating,33
ERD,-0.202609624584337,-,Right Replicating,34
ERD,-0.207909600623175,+,Right Replicating,34
LRD,-0.124653027288585,-,Right Replicating,34
LRD,-0.675858692472181,+,Right Replicating,34
ERD,-0.412748335989064,-,Right Replicating,35
ERD,-0.188945094544499,+,Right Replicating,35
LRD,-0.0645477555512885,-,Right Replicating,35
LRD,-0.440763778374828,+,Right Replicating,35
ERD,-0.173232205674501,-,Right Replicating,36
ERD,-0.144104707247971,+,Right Replicating,36
LRD,-0.417218112512304,-,Right Replicating,36
LRD,-0.509402191935301,+,Right Replicating,36
ERD,-0.239361121541816,-,Right Replicating,37
ERD,-0.170069231358807,+,Right Replicating,37
LRD,-0.1562841210955,-,Right Replicating,37
LRD,-0.689457155326555,+,Right Replicating,37
ERD,-0.193634765408527,-,Right Replicating,38
ERD,-0.139677623308912,+,Right Replicating,38
LRD,-0.202653466140893,-,Right Replicating,38
LRD,-0.551841380624685,+,Right Replicating,38
ERD,-0.231674233238097,-,Right Replicating,39
ERD,-0.224179728485367,+,Right Replicating,39
LRD,-0.288270710324412,-,Right Replicating,39
LRD,-0.629371085036457,+,Right Replicating,39
ERD,-0.179102650181954,-,Right Replicating,4
ERD,-0.10741613585512,+,Right Replicating,4
LRD,-0.213249865250458,-,Right Replicating,4
LRD,-0.295208300639921,+,Right Replicating,4
ERD,-0.102326581149634,-,Right Replicating,40
ERD,-0.257776995708627,+,Right Replicating,40
LRD,-0.186606650262543,-,Right Replicating,40
LRD,-0.712452862081571,+,Right Replicating,40
ERD,-0.168266435547267,-,Right Replicating,41
ERD,-0.184145536909024,+,Right Replicating,41
LRD,-0.13048170852473,-,Right Replicating,41
LRD,-0.555613718218759,+,Right Replicating,41
ERD,-0.0708681099367719,-,Right Replicating,42
ERD,0.0498782705640321,+,Right Replicating,42
LRD,-0.235339538096535,-,Right Replicating,42
LRD,-0.595553485761054,+,Right Replicating,42
ERD,-0.271889410769523,-,Right Replicating,43
ERD,-0.176268154220344,+,Right Replicating,43
LRD,-0.227256934592099,-,Right Replicating,43
LRD,-0.63198479685411,+,Right Replicating,43
ERD,-0.131042923945677,-,Right Replicating,44
ERD,-0.260461174866826,+,Right Replicating,44
LRD,-0.248622132849448,-,Right Replicating,44
LRD,-0.511699846369016,+,Right Replicating,44
ERD,-0.185450513283184,-,Right Replicating,45
ERD,-0.0852160737756763,+,Right Replicating,45
LRD,-0.220189191615248,-,Right Replicating,45
LRD,-0.578608263834384,+,Right Replicating,45
ERD,-0.362167543511225,-,Right Replicating,46
ERD,-0.11575656156241,+,Right Replicating,46
LRD,-0.332413077515233,-,Right Replicating,46
LRD,-0.840861709231787,+,Right Replicating,46
ERD,-0.144893209672622,-,Right Replicating,47
ERD,-0.229803138497855,+,Right Replicating,47
LRD,-0.287802304710763,-,Right Replicating,47
LRD,-0.615002630382,+,Right Replicating,47
ERD,-0.118028270430173,-,Right Replicating,48
ERD,-0.176703196972936,+,Right Replicating,48
LRD,-0.0661573711712217,-,Right Replicating,48
LRD,-0.665539969903169,+,Right Replicating,48
ERD,-0.0906201709382758,-,Right Replicating,49
ERD,-0.120764674256248,+,Right Replicating,49
LRD,-0.31854362481026,-,Right Replicating,49
LRD,-0.65567765177516,+,Right Replicating,49
ERD,-0.130843802788767,-,Right Replicating,5
ERD,-0.241044011732552,+,Right Replicating,5
LRD,-0.333742847865308,-,Right Replicating,5
LRD,-0.307510339164801,+,Right Replicating,5
ERD,-0.0488406404063923,-,Right Replicating,50
ERD,-0.130360162972118,+,Right Replicating,50
LRD,-0.225209366445874,-,Right Replicating,50
LRD,-0.560417080021948,+,Right Replicating,50
ERD,-0.00744544231587226,-,Right Replicating,51
ERD,-0.234947274313915,+,Right Replicating,51
LRD,-0.170080681182671,-,Right Replicating,51
LRD,-0.612465991802231,+,Right Replicating,51
ERD,-0.210152096093035,-,Right Replicating,52
ERD,-0.177330952334781,+,Right Replicating,52
LRD,-0.0856046297038142,-,Right Replicating,52
LRD,-0.666709117419582,+,Right Replicating,52
ERD,-0.131641108567283,-,Right Replicating,53
ERD,-0.135148108842161,+,Right Replicating,53
LRD,-0.400521151178466,-,Right Replicating,53
LRD,-0.605369603317427,+,Right Replicating,53
ERD,-0.199330492110111,-,Right Replicating,54
ERD,-0.255723547592646,+,Right Replicating,54
LRD,-0.202050936507928,-,Right Replicating,54
LRD,-0.568086356421786,+,Right Replicating,54
ERD,-0.184142621721093,-,Right Replicating,55
ERD,-0.258959460470217,+,Right Replicating,55
LRD,-0.258632747115695,-,Right Replicating,55
LRD,-0.617533945279217,+,Right Replicating,55
ERD,-0.206116008904407,-,Right Replicating,56
ERD,-0.21122818694289,+,Right Replicating,56
LRD,0.0400994610107657,-,Right Replicating,56
LRD,-0.41320614275937,+,Right Replicating,56
ERD,-0.23208957283657,-,Right Replicating,57
ERD,-0.260815838392319,+,Right Replicating,57
LRD,-0.182144144690297,-,Right Replicating,57
LRD,-0.751509178963409,+,Right Replicating,57
ERD,-0.253013130870247,-,Right Replicating,58
ERD,-0.108250461311712,+,Right Replicating,58
LRD,-0.284990968060329,-,Right Replicating,58
LRD,-0.827777237452908,+,Right Replicating,58
ERD,0.0373663263820606,-,Right Replicating,59
ERD,-0.0875364718585301,+,Right Replicating,59
LRD,-0.375941168653354,-,Right Replicating,59
LRD,-0.601865102589967,+,Right Replicating,59
ERD,-0.18704438961036,-,Right Replicating,6
ERD,-0.159065835193214,+,Right Replicating,6
LRD,-0.345585238888568,-,Right Replicating,6
LRD,-0.217014896308641,+,Right Replicating,6
ERD,-0.131528066759968,-,Right Replicating,60
ERD,-0.0423205581331577,+,Right Replicating,60
LRD,-0.131281491783195,-,Right Replicating,60
LRD,-0.768454686200709,+,Right Replicating,60
ERD,-0.0410704066794436,-,Right Replicating,61
ERD,-0.124685170853569,+,Right Replicating,61
LRD,-0.154605506320958,-,Right Replicating,61
LRD,-0.66201679485812,+,Right Replicating,61
ERD,-0.0957738849040979,-,Right Replicating,62
ERD,-0.0433007490212427,+,Right Replicating,62
LRD,-0.336198543248383,-,Right Replicating,62
LRD,-0.531408672526223,+,Right Replicating,62
ERD,-0.174492202198083,-,Right Replicating,63
ERD,-0.212311773635637,+,Right Replicating,63
LRD,-0.360443347201942,-,Right Replicating,63
LRD,-0.657140341497011,+,Right Replicating,63
ERD,-0.0675374758899172,-,Right Replicating,64
ERD,-0.23322991572288,+,Right Replicating,64
LRD,-0.130325979536213,-,Right Replicating,64
LRD,-0.616889727171373,+,Right Replicating,64
ERD,-0.0818733899230521,-,Right Replicating,65
ERD,-0.297979087242546,+,Right Replicating,65
LRD,-0.271878152069638,-,Right Replicating,65
LRD,-0.827385514300264,+,Right Replicating,65
ERD,-0.135530287230117,-,Right Replicating,66
ERD,-0.107292639896514,+,Right Replicating,66
LRD,-0.243049085319452,-,Right Replicating,66
LRD,-0.73310866124467,+,Right Replicating,66
ERD,-0.107221858283248,-,Right Replicating,67
ERD,-0.0607706920048788,+,Right Replicating,67
LRD,-0.345553584338315,-,Right Replicating,67
LRD,-0.694168233158529,+,Right Replicating,67
ERD,-0.107575173648094,-,Right Replicating,68
ERD,-0.26673347843407,+,Right Replicating,68
LRD,-0.375187907885912,-,Right Replicating,68
LRD,-0.782385978759446,+,Right Replicating,68
ERD,-0.108225543852437,-,Right Replicating,69
ERD,-0.20669691827825,+,Right Replicating,69
LRD,-0.222833473644693,-,Right Replicating,69
LRD,-0.715048476014994,+,Right Replicating,69
ERD,-0.169616818364214,-,Right Replicating,7
ERD,-0.137652900802466,+,Right Replicating,7
LRD,-0.209088937926884,-,Right Replicating,7
LRD,-0.385355664156291,+,Right Replicating,7
ERD,-0.17398955069174,-,Right Replicating,70
ERD,-0.170984689108081,+,Right Replicating,70
LRD,-0.359396139047679,-,Right Replicating,70
LRD,-0.774342313413654,+,Right Replicating,70
ERD,-0.134305526568716,-,Right Replicating,71
ERD,-0.187247345034943,+,Right Replicating,71
LRD,-0.127511304610657,-,Right Replicating,71
LRD,-0.733396688994875,+,Right Replicating,71
ERD,0.0206785492951252,-,Right Replicating,72
ERD,-0.102382642067174,+,Right Replicating,72
LRD,-0.225465334982287,-,Right Replicating,72
LRD,-0.890539209258023,+,Right Replicating,72
ERD,-0.104864329580316,-,Right Replicating,73
ERD,-0.138454482449204,+,Right Replicating,73
LRD,-0.142626487183859,-,Right Replicating,73
LRD,-0.510147923182997,+,Right Replicating,73
ERD,-0.0094234587752297,-,Right Replicating,74
ERD,-0.332648665578628,+,Right Replicating,74
LRD,-0.454697081591635,-,Right Replicating,74
LRD,-0.625422769314838,+,Right Replicating,74
ERD,-0.147450435584004,-,Right Replicating,75
ERD,-0.212121789094768,+,Right Replicating,75
LRD,-0.268996650114275,-,Right Replicating,75
LRD,-0.684322084511282,+,Right Replicating,75
ERD,-0.146094661863641,-,Right Replicating,76
ERD,-0.265877932643714,+,Right Replicating,76
LRD,-0.467022913229438,-,Right Replicating,76
LRD,-0.667715057435326,+,Right Replicating,76
ERD,-0.0756058221227676,-,Right Replicating,77
ERD,-0.177072550274715,+,Right Replicating,77
LRD,-0.425646595817958,-,Right Replicating,77
LRD,-0.72221318109923,+,Right Replicating,77
ERD,-0.124048684395209,-,Right Replicating,78
ERD,-0.0524894429833263,+,Right Replicating,78
LRD,-0.345081545267417,-,Right Replicating,78
LRD,-0.822697622454082,+,Right Replicating,78
ERD,-0.00274936448974115,-,Right Replicating,79
ERD,-0.217088379536455,+,Right Replicating,79
LRD,-0.217111458806932,-,Right Replicating,79
LRD,-0.846909059226708,+,Right Replicating,79
ERD,-0.274598791907549,-,Right Replicating,8
ERD,-0.348022929098176,+,Right Replicating,8
LRD,-0.223571819788676,-,Right Replicating,8
LRD,-0.193935150497986,+,Right Replicating,8
ERD,-0.0416589702115123,-,Right Replicating,80
ERD,-0.151051134327374,+,Right Replicating,80
LRD,-0.284564428465721,-,Right Replicating,80
LRD,-0.696338877826804,+,Right Replicating,80
ERD,-0.0416679552717751,-,Right Replicating,81
ERD,-0.0572154522508542,+,Right Replicating,81
LRD,-0.398376600193209,-,Right Replicating,81
LRD,-0.675993256373199,+,Right Replicating,81
ERD,-0.052713975034664,-,Right Replicating,82
ERD,-0.19762116856134,+,Right Replicating,82
LRD,-0.317946509684754,-,Right Replicating,82
LRD,-0.606583746215817,+,Right Replicating,82
ERD,-0.108520754395919,-,Right Replicating,83
ERD,-0.125747466893881,+,Right Replicating,83
LRD,-0.161136890075922,-,Right Replicating,83
LRD,-0.695475359026289,+,Right Replicating,83
ERD,-0.11133261181462,-,Right Replicating,84
ERD,-0.0920138037683854,+,Right Replicating,84
LRD,-0.369549794034166,-,Right Replicating,84
LRD,-0.687104981875939,+,Right Replicating,84
ERD,-0.0368925954883772,-,Right Replicating,85
ERD,-0.250838131922061,+,Right Replicating,85
LRD,-0.300546879768646,-,Right Replicating,85
LRD,-0.691742937381322,+,Right Replicating,85
ERD,-0.0515882556922453,-,Right Replicating,86
ERD,-0.241720483625898,+,Right Replicating,86
LRD,-0.322934649898226,-,Right Replicating,86
LRD,-0.538428644521076,+,Right Replicating,86
ERD,-0.116846145947929,-,Right Replicating,87
ERD,-0.0701402449886841,+,Right Replicating,87
LRD,-0.150913557283689,-,Right Replicating,87
LRD,-0.596893980108444,+,Right Replicating,87
ERD,0.0170955869157439,-,Right Replicating,88
ERD,-0.106717744855133,+,Right Replicating,88
LRD,-0.187542006549087,-,Right Replicating,88
LRD,-0.609543648297662,+,Right Replicating,88
ERD,-0.140083514689072,-,Right Replicating,89
ERD,-0.189775611736133,+,Right Replicating,89
LRD,-0.26983430010118,-,Right Replicating,89
LRD,-0.600347423213462,+,Right Replicating,89
ERD,-0.315478400416976,-,Right Replicating,9
ERD,-0.29829408411159,+,Right Replicating,9
LRD,-0.296467668701596,-,Right Replicating,9
LRD,-0.244920600036657,+,Right Replicating,9
ERD,-0.0527012948173407,-,Right Replicating,90
ERD,-0.133904146782662,+,Right Replicating,90
LRD,-0.582751493090243,-,Right Replicating,90
LRD,-0.780293805679599,+,Right Replicating,90
ERD,-0.0516569030415328,-,Right Replicating,91
ERD,-0.122170208810201,+,Right Replicating,91
LRD,-0.186054778811416,-,Right Replicating,91
LRD,-0.706123691379272,+,Right Replicating,91
ERD,-0.145645797846167,-,Right Replicating,92
ERD,-0.137404779125438,+,Right Replicating,92
LRD,-0.239085198227427,-,Right Replicating,92
LRD,-0.540330423672856,+,Right Replicating,92
ERD,-0.0847020913703596,-,Right Replicating,93
ERD,-0.102510944881978,+,Right Replicating,93
LRD,-0.393830527028094,-,Right Replicating,93
LRD,-0.594897216345517,+,Right Replicating,93
ERD,-0.130424359092998,-,Right Replicating,94
ERD,-0.214208416070117,+,Right Replicating,94
LRD,-0.220399585775862,-,Right Replicating,94
LRD,-0.655254199650892,+,Right Replicating,94
ERD,-0.0480937705619591,-,Right Replicating,95
ERD,-0.0503187309669321,+,Right Replicating,95
LRD,-0.503554136434258,-,Right Replicating,95
LRD,-0.676575025417938,+,Right Replicating,95
ERD,-0.110256822904455,-,Right Replicating,96
ERD,-0.071680309377312,+,Right Replicating,96
LRD,-0.296926873330996,-,Right Replicating,96
LRD,-0.745657152161911,+,Right Replicating,96
ERD,-0.0697284652253649,-,Right Replicating,97
ERD,-0.124315134385174,+,Right Replicating,97
LRD,-0.295085857918494,-,Right Replicating,97
LRD,-0.899415663572312,+,Right Replicating,97
ERD,0.00547107164388734,-,Right Replicating,98
ERD,-0.219859233318648,+,Right Replicating,98
LRD,-0.353413845617324,-,Right Replicating,98
LRD,-0.632393810997931,+,Right Replicating,98
ERD,-0.11790174774728,-,Right Replicating,99
ERD,-0.14055133770743,+,Right Replicating,99
LRD,-0.267550641880252,-,Right Replicating,99
LRD,-0.703453610447493,+,Right Replicating,99
