dataset,chromosomes,start_position,end_position,score,dataset_strand,counts,sample_names,file_names,layout,cell_line,product,method,uv_exposure,treatment,phase,time_after_exposure,replicate,project,sample_source,sample_strand,mapped_reads,RPKM,windows,repdomains
iz,.,0,100,0,.,0.368275862068966,Hela_CPD_DS_NA_late_12_NA,HDLC_comb,single,HeLa_S3,CPD,Damage_seq,20J,NA,late,12,_,repair_replication,Sancar,-,19489199,0.188964083166766,-100,LRD
iz,.,0,100,0,.,0.240689655172414,Hela_CPD_DS_NA_late_12_NA,HDLC_comb,single,HeLa_S3,CPD,Damage_seq,20J,NA,late,12,_,repair_replication,Sancar,+,19489199,0.123498998174534,-100,LRD
iz,.,0,100,0,.,0.242758620689655,Hela_CPD_DS_NA_late_12_NA,HDLC_comb,single,HeLa_S3,CPD,Damage_seq,20J,NA,late,12,_,repair_replication,Sancar,+,19489199,0.124560594147381,-91,LRD
iz,.,0,100,0,.,0.358620689655172,Hela_CPD_DS_NA_late_12_NA,HDLC_comb,single,HeLa_S3,CPD,Damage_seq,20J,NA,late,12,_,repair_replication,Sancar,-,19489199,0.184009968626813,-91,LRD
iz,.,0,100,0,.,0.268965517241379,Hela_CPD_DS_NA_late_12_NA,HDLC_comb,single,HeLa_S3,CPD,Damage_seq,20J,NA,late,12,_,repair_replication,Sancar,+,19489199,0.13800747647011,-1,LRD
iz,.,0,100,0,.,0.302758620689655,Hela_CPD_DS_NA_late_12_NA,HDLC_comb,single,HeLa_S3,CPD,Damage_seq,20J,NA,late,12,_,repair_replication,Sancar,-,19489199,0.155346877359944,-1,LRD
iz,.,0,100,0,.,0.26,Hela_CPD_DS_NA_late_12_NA,HDLC_comb,single,HeLa_S3,CPD,Damage_seq,20J,NA,late,12,_,repair_replication,Sancar,+,19489199,0.13340722725444,0,LRD
iz,.,0,100,0,.,0.326206896551724,Hela_CPD_DS_NA_late_12_NA,HDLC_comb,single,HeLa_S3,CPD,Damage_seq,20J,NA,late,12,_,repair_replication,Sancar,-,19489199,0.167378298385544,0,LRD
iz,.,0,100,0,.,0.249655172413793,Hela_CPD_DS_NA_late_12_NA,HDLC_comb,single,HeLa_S3,CPD,Damage_seq,20J,NA,late,12,_,repair_replication,Sancar,+,19489199,0.128099247390205,1,LRD
iz,.,0,100,0,.,0.311724137931034,Hela_CPD_DS_NA_late_12_NA,HDLC_comb,single,HeLa_S3,CPD,Damage_seq,20J,NA,late,12,_,repair_replication,Sancar,-,19489199,0.159947126575615,1,LRD
iz,.,0,100,0,.,0.283448275862069,Hela_CPD_DS_NA_late_12_NA,HDLC_comb,single,HeLa_S3,CPD,Damage_seq,20J,NA,late,12,_,repair_replication,Sancar,-,19489199,0.145438648280039,2,LRD
iz,.,0,100,0,.,0.290344827586207,Hela_CPD_DS_NA_late_12_NA,HDLC_comb,single,HeLa_S3,CPD,Damage_seq,20J,NA,late,12,_,repair_replication,Sancar,+,19489199,0.148977301522862,2,LRD
iz,.,0,100,0,.,0.272413793103448,Hela_CPD_DS_NA_late_12_NA,HDLC_comb,single,HeLa_S3,CPD,Damage_seq,20J,NA,late,12,_,repair_replication,Sancar,+,19489199,0.139776803091522,3,LRD
iz,.,0,100,0,.,0.296551724137931,Hela_CPD_DS_NA_late_12_NA,HDLC_comb,single,HeLa_S3,CPD,Damage_seq,20J,NA,late,12,_,repair_replication,Sancar,-,19489199,0.152162089441403,3,LRD
iz,.,0,100,0,.,0.309655172413793,Hela_CPD_DS_NA_late_12_NA,HDLC_comb,single,HeLa_S3,CPD,Damage_seq,20J,NA,late,12,_,repair_replication,Sancar,-,19489199,0.158885530602768,4,LRD
iz,.,0,100,0,.,0.262758620689655,Hela_CPD_DS_NA_late_12_NA,HDLC_comb,single,HeLa_S3,CPD,Damage_seq,20J,NA,late,12,_,repair_replication,Sancar,+,19489199,0.134822688551569,4,LRD
iz,.,0,100,0,.,0.272413793103448,Hela_CPD_DS_NA_late_12_NA,HDLC_comb,single,HeLa_S3,CPD,Damage_seq,20J,NA,late,12,_,repair_replication,Sancar,+,19489199,0.139776803091522,5,LRD
iz,.,0,100,0,.,0.311034482758621,Hela_CPD_DS_NA_late_12_NA,HDLC_comb,single,HeLa_S3,CPD,Damage_seq,20J,NA,late,12,_,repair_replication,Sancar,-,19489199,0.159593261251332,5,LRD
iz,.,0,100,0,.,0.257931034482759,Hela_CPD_DS_NA_late_12_NA,HDLC_comb,single,HeLa_S3,CPD,Damage_seq,20J,NA,late,12,_,repair_replication,Sancar,+,19489199,0.132345631281593,6,LRD
iz,.,0,100,0,.,0.297931034482759,Hela_CPD_DS_NA_late_12_NA,HDLC_comb,single,HeLa_S3,CPD,Damage_seq,20J,NA,late,12,_,repair_replication,Sancar,-,19489199,0.152869820089968,6,LRD
iz,.,0,100,0,.,0.271724137931035,Hela_CPD_DS_NA_late_12_NA,HDLC_comb,single,HeLa_S3,CPD,Damage_seq,20J,NA,late,12,_,repair_replication,Sancar,+,19489199,0.139422937767239,7,LRD
iz,.,0,100,0,.,0.317931034482759,Hela_CPD_DS_NA_late_12_NA,HDLC_comb,single,HeLa_S3,CPD,Damage_seq,20J,NA,late,12,_,repair_replication,Sancar,-,19489199,0.163131914494156,7,LRD
iz,.,0,100,0,.,0.24551724137931,Hela_CPD_DS_NA_late_12_NA,HDLC_comb,single,HeLa_S3,CPD,Damage_seq,20J,NA,late,12,_,repair_replication,Sancar,+,19489199,0.125976055444511,8,LRD
iz,.,0,100,0,.,0.304827586206897,Hela_CPD_DS_NA_late_12_NA,HDLC_comb,single,HeLa_S3,CPD,Damage_seq,20J,NA,late,12,_,repair_replication,Sancar,-,19489199,0.156408473332791,8,LRD
iz,.,0,100,0,.,0.239310344827586,Hela_CPD_DS_NA_late_12_NA,HDLC_comb,single,HeLa_S3,CPD,Damage_seq,20J,NA,late,12,_,repair_replication,Sancar,+,19489199,0.12279126752597,-90,LRD
iz,.,0,100,0,.,0.337241379310345,Hela_CPD_DS_NA_late_12_NA,HDLC_comb,single,HeLa_S3,CPD,Damage_seq,20J,NA,late,12,_,repair_replication,Sancar,-,19489199,0.173040143574061,-90,LRD
iz,.,0,100,0,.,0.288965517241379,Hela_CPD_DS_NA_late_12_NA,HDLC_comb,single,HeLa_S3,CPD,Damage_seq,20J,NA,late,12,_,repair_replication,Sancar,+,19489199,0.148269570874298,9,LRD
iz,.,0,100,0,.,0.284137931034483,Hela_CPD_DS_NA_late_12_NA,HDLC_comb,single,HeLa_S3,CPD,Damage_seq,20J,NA,late,12,_,repair_replication,Sancar,-,19489199,0.145792513604321,9,LRD
iz,.,0,100,0,.,0.280689655172414,Hela_CPD_DS_NA_late_12_NA,HDLC_comb,single,HeLa_S3,CPD,Damage_seq,20J,NA,late,12,_,repair_replication,Sancar,+,19489199,0.14402318698291,10,LRD
iz,.,0,100,0,.,0.266896551724138,Hela_CPD_DS_NA_late_12_NA,HDLC_comb,single,HeLa_S3,CPD,Damage_seq,20J,NA,late,12,_,repair_replication,Sancar,-,19489199,0.136945880497263,10,LRD
iz,.,0,100,0,.,0.298620689655172,Hela_CPD_DS_NA_late_12_NA,HDLC_comb,single,HeLa_S3,CPD,Damage_seq,20J,NA,late,12,_,repair_replication,Sancar,+,19489199,0.15322368541425,11,LRD
iz,.,0,100,0,.,0.286206896551724,Hela_CPD_DS_NA_late_12_NA,HDLC_comb,single,HeLa_S3,CPD,Damage_seq,20J,NA,late,12,_,repair_replication,Sancar,-,19489199,0.146854109577168,11,LRD
iz,.,0,100,0,.,0.27448275862069,Hela_CPD_DS_NA_late_12_NA,HDLC_comb,single,HeLa_S3,CPD,Damage_seq,20J,NA,late,12,_,repair_replication,Sancar,+,19489199,0.140838399064369,12,LRD
iz,.,0,100,0,.,0.288965517241379,Hela_CPD_DS_NA_late_12_NA,HDLC_comb,single,HeLa_S3,CPD,Damage_seq,20J,NA,late,12,_,repair_replication,Sancar,-,19489199,0.148269570874298,12,LRD
iz,.,0,100,0,.,0.276551724137931,Hela_CPD_DS_NA_late_12_NA,HDLC_comb,single,HeLa_S3,CPD,Damage_seq,20J,NA,late,12,_,repair_replication,Sancar,+,19489199,0.141899995037216,13,LRD
iz,.,0,100,0,.,0.276551724137931,Hela_CPD_DS_NA_late_12_NA,HDLC_comb,single,HeLa_S3,CPD,Damage_seq,20J,NA,late,12,_,repair_replication,Sancar,-,19489199,0.141899995037216,13,LRD
iz,.,0,100,0,.,0.335862068965517,Hela_CPD_DS_NA_late_12_NA,HDLC_comb,single,HeLa_S3,CPD,Damage_seq,20J,NA,late,12,_,repair_replication,Sancar,+,19489199,0.172332412925496,14,LRD
iz,.,0,100,0,.,0.284827586206897,Hela_CPD_DS_NA_late_12_NA,HDLC_comb,single,HeLa_S3,CPD,Damage_seq,20J,NA,late,12,_,repair_replication,Sancar,-,19489199,0.146146378928604,14,LRD
iz,.,0,100,0,.,0.30551724137931,Hela_CPD_DS_NA_late_12_NA,HDLC_comb,single,HeLa_S3,CPD,Damage_seq,20J,NA,late,12,_,repair_replication,Sancar,+,19489199,0.156762338657074,15,LRD
iz,.,0,100,0,.,0.272413793103448,Hela_CPD_DS_NA_late_12_NA,HDLC_comb,single,HeLa_S3,CPD,Damage_seq,20J,NA,late,12,_,repair_replication,Sancar,-,19489199,0.139776803091522,15,LRD
iz,.,0,100,0,.,0.26551724137931,Hela_CPD_DS_NA_late_12_NA,HDLC_comb,single,HeLa_S3,CPD,Damage_seq,20J,NA,late,12,_,repair_replication,Sancar,+,19489199,0.136238149848698,16,LRD
iz,.,0,100,0,.,0.288275862068965,Hela_CPD_DS_NA_late_12_NA,HDLC_comb,single,HeLa_S3,CPD,Damage_seq,20J,NA,late,12,_,repair_replication,Sancar,-,19489199,0.147915705550015,16,LRD
iz,.,0,100,0,.,0.276551724137931,Hela_CPD_DS_NA_late_12_NA,HDLC_comb,single,HeLa_S3,CPD,Damage_seq,20J,NA,late,12,_,repair_replication,Sancar,-,19489199,0.141899995037216,17,LRD
iz,.,0,100,0,.,0.32,Hela_CPD_DS_NA_late_12_NA,HDLC_comb,single,HeLa_S3,CPD,Damage_seq,20J,NA,late,12,_,repair_replication,Sancar,+,19489199,0.164193510467003,17,LRD
iz,.,0,100,0,.,0.264827586206897,Hela_CPD_DS_NA_late_12_NA,HDLC_comb,single,HeLa_S3,CPD,Damage_seq,20J,NA,late,12,_,repair_replication,Sancar,-,19489199,0.135884284524416,18,LRD
iz,.,0,100,0,.,0.313103448275862,Hela_CPD_DS_NA_late_12_NA,HDLC_comb,single,HeLa_S3,CPD,Damage_seq,20J,NA,late,12,_,repair_replication,Sancar,+,19489199,0.160654857224179,18,LRD
iz,.,0,100,0,.,0.266896551724138,Hela_CPD_DS_NA_late_12_NA,HDLC_comb,single,HeLa_S3,CPD,Damage_seq,20J,NA,late,12,_,repair_replication,Sancar,+,19489199,0.136945880497263,-89,LRD
iz,.,0,100,0,.,0.376551724137931,Hela_CPD_DS_NA_late_12_NA,HDLC_comb,single,HeLa_S3,CPD,Damage_seq,20J,NA,late,12,_,repair_replication,Sancar,-,19489199,0.193210467058154,-89,LRD
iz,.,0,100,0,.,0.29448275862069,Hela_CPD_DS_NA_late_12_NA,HDLC_comb,single,HeLa_S3,CPD,Damage_seq,20J,NA,late,12,_,repair_replication,Sancar,+,19489199,0.151100493468556,19,LRD
iz,.,0,100,0,.,0.271724137931035,Hela_CPD_DS_NA_late_12_NA,HDLC_comb,single,HeLa_S3,CPD,Damage_seq,20J,NA,late,12,_,repair_replication,Sancar,-,19489199,0.139422937767239,19,LRD
iz,.,0,100,0,.,0.306896551724138,Hela_CPD_DS_NA_late_12_NA,HDLC_comb,single,HeLa_S3,CPD,Damage_seq,20J,NA,late,12,_,repair_replication,Sancar,+,19489199,0.157470069305638,20,LRD
iz,.,0,100,0,.,0.302758620689655,Hela_CPD_DS_NA_late_12_NA,HDLC_comb,single,HeLa_S3,CPD,Damage_seq,20J,NA,late,12,_,repair_replication,Sancar,-,19489199,0.155346877359944,20,LRD
iz,.,0,100,0,.,0.335862068965517,Hela_CPD_DS_NA_late_12_NA,HDLC_comb,single,HeLa_S3,CPD,Damage_seq,20J,NA,late,12,_,repair_replication,Sancar,+,19489199,0.172332412925496,21,LRD
iz,.,0,100,0,.,0.275172413793103,Hela_CPD_DS_NA_late_12_NA,HDLC_comb,single,HeLa_S3,CPD,Damage_seq,20J,NA,late,12,_,repair_replication,Sancar,-,19489199,0.141192264388651,21,LRD
iz,.,0,100,0,.,0.321379310344828,Hela_CPD_DS_NA_late_12_NA,HDLC_comb,single,HeLa_S3,CPD,Damage_seq,20J,NA,late,12,_,repair_replication,Sancar,+,19489199,0.164901241115567,22,LRD
iz,.,0,100,0,.,0.268965517241379,Hela_CPD_DS_NA_late_12_NA,HDLC_comb,single,HeLa_S3,CPD,Damage_seq,20J,NA,late,12,_,repair_replication,Sancar,-,19489199,0.13800747647011,22,LRD
iz,.,0,100,0,.,0.296551724137931,Hela_CPD_DS_NA_late_12_NA,HDLC_comb,single,HeLa_S3,CPD,Damage_seq,20J,NA,late,12,_,repair_replication,Sancar,+,19489199,0.152162089441403,23,LRD
iz,.,0,100,0,.,0.246896551724138,Hela_CPD_DS_NA_late_12_NA,HDLC_comb,single,HeLa_S3,CPD,Damage_seq,20J,NA,late,12,_,repair_replication,Sancar,-,19489199,0.126683786093075,23,LRD
iz,.,0,100,0,.,0.315862068965517,Hela_CPD_DS_NA_late_12_NA,HDLC_comb,single,HeLa_S3,CPD,Damage_seq,20J,NA,late,12,_,repair_replication,Sancar,+,19489199,0.162070318521309,24,LRD
iz,.,0,100,0,.,0.278620689655172,Hela_CPD_DS_NA_late_12_NA,HDLC_comb,single,HeLa_S3,CPD,Damage_seq,20J,NA,late,12,_,repair_replication,Sancar,-,19489199,0.142961591010063,24,LRD
iz,.,0,100,0,.,0.309655172413793,Hela_CPD_DS_NA_late_12_NA,HDLC_comb,single,HeLa_S3,CPD,Damage_seq,20J,NA,late,12,_,repair_replication,Sancar,+,19489199,0.158885530602768,25,LRD
iz,.,0,100,0,.,0.266896551724138,Hela_CPD_DS_NA_late_12_NA,HDLC_comb,single,HeLa_S3,CPD,Damage_seq,20J,NA,late,12,_,repair_replication,Sancar,-,19489199,0.136945880497263,25,LRD
iz,.,0,100,0,.,0.311034482758621,Hela_CPD_DS_NA_late_12_NA,HDLC_comb,single,HeLa_S3,CPD,Damage_seq,20J,NA,late,12,_,repair_replication,Sancar,+,19489199,0.159593261251332,26,LRD
iz,.,0,100,0,.,0.242758620689655,Hela_CPD_DS_NA_late_12_NA,HDLC_comb,single,HeLa_S3,CPD,Damage_seq,20J,NA,late,12,_,repair_replication,Sancar,-,19489199,0.124560594147381,26,LRD
iz,.,0,100,0,.,0.331724137931035,Hela_CPD_DS_NA_late_12_NA,HDLC_comb,single,HeLa_S3,CPD,Damage_seq,20J,NA,late,12,_,repair_replication,Sancar,+,19489199,0.170209220979802,27,LRD
iz,.,0,100,0,.,0.273103448275862,Hela_CPD_DS_NA_late_12_NA,HDLC_comb,single,HeLa_S3,CPD,Damage_seq,20J,NA,late,12,_,repair_replication,Sancar,-,19489199,0.140130668415804,27,LRD
iz,.,0,100,0,.,0.342068965517241,Hela_CPD_DS_NA_late_12_NA,HDLC_comb,single,HeLa_S3,CPD,Damage_seq,20J,NA,late,12,_,repair_replication,Sancar,+,19489199,0.175517200844037,28,LRD
iz,.,0,100,0,.,0.248965517241379,Hela_CPD_DS_NA_late_12_NA,HDLC_comb,single,HeLa_S3,CPD,Damage_seq,20J,NA,late,12,_,repair_replication,Sancar,-,19489199,0.127745382065922,28,LRD
iz,.,0,100,0,.,0.248275862068966,Hela_CPD_DS_NA_late_12_NA,HDLC_comb,single,HeLa_S3,CPD,Damage_seq,20J,NA,late,12,_,repair_replication,Sancar,+,19489199,0.12739151674164,-88,LRD
iz,.,0,100,0,.,0.380689655172414,Hela_CPD_DS_NA_late_12_NA,HDLC_comb,single,HeLa_S3,CPD,Damage_seq,20J,NA,late,12,_,repair_replication,Sancar,-,19489199,0.195333659003848,-88,LRD
iz,.,0,100,0,.,0.306206896551724,Hela_CPD_DS_NA_late_12_NA,HDLC_comb,single,HeLa_S3,CPD,Damage_seq,20J,NA,late,12,_,repair_replication,Sancar,+,19489199,0.157116203981356,29,LRD
iz,.,0,100,0,.,0.273103448275862,Hela_CPD_DS_NA_late_12_NA,HDLC_comb,single,HeLa_S3,CPD,Damage_seq,20J,NA,late,12,_,repair_replication,Sancar,-,19489199,0.140130668415804,29,LRD
iz,.,0,100,0,.,0.258620689655172,Hela_CPD_DS_NA_late_12_NA,HDLC_comb,single,HeLa_S3,CPD,Damage_seq,20J,NA,late,12,_,repair_replication,Sancar,-,19489199,0.132699496605875,30,LRD
iz,.,0,100,0,.,0.322068965517241,Hela_CPD_DS_NA_late_12_NA,HDLC_comb,single,HeLa_S3,CPD,Damage_seq,20J,NA,late,12,_,repair_replication,Sancar,+,19489199,0.16525510643985,30,LRD
iz,.,0,100,0,.,0.318620689655172,Hela_CPD_DS_NA_late_12_NA,HDLC_comb,single,HeLa_S3,CPD,Damage_seq,20J,NA,late,12,_,repair_replication,Sancar,+,19489199,0.163485779818438,31,LRD
iz,.,0,100,0,.,0.256551724137931,Hela_CPD_DS_NA_late_12_NA,HDLC_comb,single,HeLa_S3,CPD,Damage_seq,20J,NA,late,12,_,repair_replication,Sancar,-,19489199,0.131637900633028,31,LRD
iz,.,0,100,0,.,0.281379310344828,Hela_CPD_DS_NA_late_12_NA,HDLC_comb,single,HeLa_S3,CPD,Damage_seq,20J,NA,late,12,_,repair_replication,Sancar,-,19489199,0.144377052307192,32,LRD
iz,.,0,100,0,.,0.324827586206897,Hela_CPD_DS_NA_late_12_NA,HDLC_comb,single,HeLa_S3,CPD,Damage_seq,20J,NA,late,12,_,repair_replication,Sancar,+,19489199,0.166670567736979,32,LRD
iz,.,0,100,0,.,0.318620689655172,Hela_CPD_DS_NA_late_12_NA,HDLC_comb,single,HeLa_S3,CPD,Damage_seq,20J,NA,late,12,_,repair_replication,Sancar,+,19489199,0.163485779818438,33,LRD
iz,.,0,100,0,.,0.281379310344828,Hela_CPD_DS_NA_late_12_NA,HDLC_comb,single,HeLa_S3,CPD,Damage_seq,20J,NA,late,12,_,repair_replication,Sancar,-,19489199,0.144377052307192,33,LRD
iz,.,0,100,0,.,0.349655172413793,Hela_CPD_DS_NA_late_12_NA,HDLC_comb,single,HeLa_S3,CPD,Damage_seq,20J,NA,late,12,_,repair_replication,Sancar,+,19489199,0.179409719411143,34,LRD
iz,.,0,100,0,.,0.258620689655172,Hela_CPD_DS_NA_late_12_NA,HDLC_comb,single,HeLa_S3,CPD,Damage_seq,20J,NA,late,12,_,repair_replication,Sancar,-,19489199,0.132699496605875,34,LRD
iz,.,0,100,0,.,0.270344827586207,Hela_CPD_DS_NA_late_12_NA,HDLC_comb,single,HeLa_S3,CPD,Damage_seq,20J,NA,late,12,_,repair_replication,Sancar,-,19489199,0.138715207118675,35,LRD
iz,.,0,100,0,.,0.343448275862069,Hela_CPD_DS_NA_late_12_NA,HDLC_comb,single,HeLa_S3,CPD,Damage_seq,20J,NA,late,12,_,repair_replication,Sancar,+,19489199,0.176224931492602,35,LRD
iz,.,0,100,0,.,0.337241379310345,Hela_CPD_DS_NA_late_12_NA,HDLC_comb,single,HeLa_S3,CPD,Damage_seq,20J,NA,late,12,_,repair_replication,Sancar,+,19489199,0.173040143574061,36,LRD
iz,.,0,100,0,.,0.235862068965517,Hela_CPD_DS_NA_late_12_NA,HDLC_comb,single,HeLa_S3,CPD,Damage_seq,20J,NA,late,12,_,repair_replication,Sancar,-,19489199,0.121021940904558,36,LRD
iz,.,0,100,0,.,0.353103448275862,Hela_CPD_DS_NA_late_12_NA,HDLC_comb,single,HeLa_S3,CPD,Damage_seq,20J,NA,late,12,_,repair_replication,Sancar,+,19489199,0.181179046032555,37,LRD
iz,.,0,100,0,.,0.268965517241379,Hela_CPD_DS_NA_late_12_NA,HDLC_comb,single,HeLa_S3,CPD,Damage_seq,20J,NA,late,12,_,repair_replication,Sancar,-,19489199,0.13800747647011,37,LRD
iz,.,0,100,0,.,0.322068965517241,Hela_CPD_DS_NA_late_12_NA,HDLC_comb,single,HeLa_S3,CPD,Damage_seq,20J,NA,late,12,_,repair_replication,Sancar,+,19489199,0.16525510643985,38,LRD
iz,.,0,100,0,.,0.238620689655172,Hela_CPD_DS_NA_late_12_NA,HDLC_comb,single,HeLa_S3,CPD,Damage_seq,20J,NA,late,12,_,repair_replication,Sancar,-,19489199,0.122437402201687,38,LRD
iz,.,0,100,0,.,0.26,Hela_CPD_DS_NA_late_12_NA,HDLC_comb,single,HeLa_S3,CPD,Damage_seq,20J,NA,late,12,_,repair_replication,Sancar,+,19489199,0.13340722725444,-87,LRD
iz,.,0,100,0,.,0.36551724137931,Hela_CPD_DS_NA_late_12_NA,HDLC_comb,single,HeLa_S3,CPD,Damage_seq,20J,NA,late,12,_,repair_replication,Sancar,-,19489199,0.187548621869637,-87,LRD
iz,.,0,100,0,.,0.320689655172414,Hela_CPD_DS_NA_late_12_NA,HDLC_comb,single,HeLa_S3,CPD,Damage_seq,20J,NA,late,12,_,repair_replication,Sancar,+,19489199,0.164547375791285,39,LRD
iz,.,0,100,0,.,0.28551724137931,Hela_CPD_DS_NA_late_12_NA,HDLC_comb,single,HeLa_S3,CPD,Damage_seq,20J,NA,late,12,_,repair_replication,Sancar,-,19489199,0.146500244252886,39,LRD
iz,.,0,100,0,.,0.343448275862069,Hela_CPD_DS_NA_late_12_NA,HDLC_comb,single,HeLa_S3,CPD,Damage_seq,20J,NA,late,12,_,repair_replication,Sancar,+,19489199,0.176224931492602,40,LRD
iz,.,0,100,0,.,0.243448275862069,Hela_CPD_DS_NA_late_12_NA,HDLC_comb,single,HeLa_S3,CPD,Damage_seq,20J,NA,late,12,_,repair_replication,Sancar,-,19489199,0.124914459471664,40,LRD
iz,.,0,100,0,.,0.337931034482759,Hela_CPD_DS_NA_late_12_NA,HDLC_comb,single,HeLa_S3,CPD,Damage_seq,20J,NA,late,12,_,repair_replication,Sancar,+,19489199,0.173394008898343,41,LRD
iz,.,0,100,0,.,0.263448275862069,Hela_CPD_DS_NA_late_12_NA,HDLC_comb,single,HeLa_S3,CPD,Damage_seq,20J,NA,late,12,_,repair_replication,Sancar,-,19489199,0.135176553875851,41,LRD
iz,.,0,100,0,.,0.336551724137931,Hela_CPD_DS_NA_late_12_NA,HDLC_comb,single,HeLa_S3,CPD,Damage_seq,20J,NA,late,12,_,repair_replication,Sancar,+,19489199,0.172686278249779,42,LRD
iz,.,0,100,0,.,0.25448275862069,Hela_CPD_DS_NA_late_12_NA,HDLC_comb,single,HeLa_S3,CPD,Damage_seq,20J,NA,late,12,_,repair_replication,Sancar,-,19489199,0.130576304660181,42,LRD
iz,.,0,100,0,.,0.361379310344828,Hela_CPD_DS_NA_late_12_NA,HDLC_comb,single,HeLa_S3,CPD,Damage_seq,20J,NA,late,12,_,repair_replication,Sancar,+,19489199,0.185425429923943,43,LRD
iz,.,0,100,0,.,0.277241379310345,Hela_CPD_DS_NA_late_12_NA,HDLC_comb,single,HeLa_S3,CPD,Damage_seq,20J,NA,late,12,_,repair_replication,Sancar,-,19489199,0.142253860361498,43,LRD
iz,.,0,100,0,.,0.346896551724138,Hela_CPD_DS_NA_late_12_NA,HDLC_comb,single,HeLa_S3,CPD,Damage_seq,20J,NA,late,12,_,repair_replication,Sancar,+,19489199,0.177994258114014,44,LRD
iz,.,0,100,0,.,0.264137931034483,Hela_CPD_DS_NA_late_12_NA,HDLC_comb,single,HeLa_S3,CPD,Damage_seq,20J,NA,late,12,_,repair_replication,Sancar,-,19489199,0.135530419200134,44,LRD
iz,.,0,100,0,.,0.348965517241379,Hela_CPD_DS_NA_late_12_NA,HDLC_comb,single,HeLa_S3,CPD,Damage_seq,20J,NA,late,12,_,repair_replication,Sancar,+,19489199,0.179055854086861,45,LRD
iz,.,0,100,0,.,0.235862068965517,Hela_CPD_DS_NA_late_12_NA,HDLC_comb,single,HeLa_S3,CPD,Damage_seq,20J,NA,late,12,_,repair_replication,Sancar,-,19489199,0.121021940904558,45,LRD
iz,.,0,100,0,.,0.289655172413793,Hela_CPD_DS_NA_late_12_NA,HDLC_comb,single,HeLa_S3,CPD,Damage_seq,20J,NA,late,12,_,repair_replication,Sancar,-,19489199,0.14862343619858,46,LRD
iz,.,0,100,0,.,0.362068965517241,Hela_CPD_DS_NA_late_12_NA,HDLC_comb,single,HeLa_S3,CPD,Damage_seq,20J,NA,late,12,_,repair_replication,Sancar,+,19489199,0.185779295248225,46,LRD
iz,.,0,100,0,.,0.278620689655172,Hela_CPD_DS_NA_late_12_NA,HDLC_comb,single,HeLa_S3,CPD,Damage_seq,20J,NA,late,12,_,repair_replication,Sancar,-,19489199,0.142961591010063,47,LRD
iz,.,0,100,0,.,0.366206896551724,Hela_CPD_DS_NA_late_12_NA,HDLC_comb,single,HeLa_S3,CPD,Damage_seq,20J,NA,late,12,_,repair_replication,Sancar,+,19489199,0.187902487193919,47,LRD
iz,.,0,100,0,.,0.368275862068966,Hela_CPD_DS_NA_late_12_NA,HDLC_comb,single,HeLa_S3,CPD,Damage_seq,20J,NA,late,12,_,repair_replication,Sancar,+,19489199,0.188964083166766,48,LRD
iz,.,0,100,0,.,0.268275862068966,Hela_CPD_DS_NA_late_12_NA,HDLC_comb,single,HeLa_S3,CPD,Damage_seq,20J,NA,late,12,_,repair_replication,Sancar,-,19489199,0.137653611145828,48,LRD
iz,.,0,100,0,.,0.244827586206897,Hela_CPD_DS_NA_late_12_NA,HDLC_comb,single,HeLa_S3,CPD,Damage_seq,20J,NA,late,12,_,repair_replication,Sancar,+,19489199,0.125622190120228,-86,LRD
iz,.,0,100,0,.,0.373793103448276,Hela_CPD_DS_NA_late_12_NA,HDLC_comb,single,HeLa_S3,CPD,Damage_seq,20J,NA,late,12,_,repair_replication,Sancar,-,19489199,0.191795005761025,-86,LRD
iz,.,0,100,0,.,0.34551724137931,Hela_CPD_DS_NA_late_12_NA,HDLC_comb,single,HeLa_S3,CPD,Damage_seq,20J,NA,late,12,_,repair_replication,Sancar,+,19489199,0.177286527465449,49,LRD
iz,.,0,100,0,.,0.268965517241379,Hela_CPD_DS_NA_late_12_NA,HDLC_comb,single,HeLa_S3,CPD,Damage_seq,20J,NA,late,12,_,repair_replication,Sancar,-,19489199,0.13800747647011,49,LRD
iz,.,0,100,0,.,0.335172413793103,Hela_CPD_DS_NA_late_12_NA,HDLC_comb,single,HeLa_S3,CPD,Damage_seq,20J,NA,late,12,_,repair_replication,Sancar,+,19489199,0.171978547601214,50,LRD
iz,.,0,100,0,.,0.282758620689655,Hela_CPD_DS_NA_late_12_NA,HDLC_comb,single,HeLa_S3,CPD,Damage_seq,20J,NA,late,12,_,repair_replication,Sancar,-,19489199,0.145084782955757,50,LRD
iz,.,0,100,0,.,0.330344827586207,Hela_CPD_DS_NA_late_12_NA,HDLC_comb,single,HeLa_S3,CPD,Damage_seq,20J,NA,late,12,_,repair_replication,Sancar,+,19489199,0.169501490331238,51,LRD
iz,.,0,100,0,.,0.253793103448276,Hela_CPD_DS_NA_late_12_NA,HDLC_comb,single,HeLa_S3,CPD,Damage_seq,20J,NA,late,12,_,repair_replication,Sancar,-,19489199,0.130222439335899,51,LRD
iz,.,0,100,0,.,0.337241379310345,Hela_CPD_DS_NA_late_12_NA,HDLC_comb,single,HeLa_S3,CPD,Damage_seq,20J,NA,late,12,_,repair_replication,Sancar,+,19489199,0.173040143574061,52,LRD
iz,.,0,100,0,.,0.255862068965517,Hela_CPD_DS_NA_late_12_NA,HDLC_comb,single,HeLa_S3,CPD,Damage_seq,20J,NA,late,12,_,repair_replication,Sancar,-,19489199,0.131284035308746,52,LRD
iz,.,0,100,0,.,0.328965517241379,Hela_CPD_DS_NA_late_12_NA,HDLC_comb,single,HeLa_S3,CPD,Damage_seq,20J,NA,late,12,_,repair_replication,Sancar,+,19489199,0.168793759682673,53,LRD
iz,.,0,100,0,.,0.255172413793103,Hela_CPD_DS_NA_late_12_NA,HDLC_comb,single,HeLa_S3,CPD,Damage_seq,20J,NA,late,12,_,repair_replication,Sancar,-,19489199,0.130930169984463,53,LRD
iz,.,0,100,0,.,0.351034482758621,Hela_CPD_DS_NA_late_12_NA,HDLC_comb,single,HeLa_S3,CPD,Damage_seq,20J,NA,late,12,_,repair_replication,Sancar,+,19489199,0.180117450059708,54,LRD
iz,.,0,100,0,.,0.286896551724138,Hela_CPD_DS_NA_late_12_NA,HDLC_comb,single,HeLa_S3,CPD,Damage_seq,20J,NA,late,12,_,repair_replication,Sancar,-,19489199,0.147207974901451,54,LRD
iz,.,0,100,0,.,0.251724137931034,Hela_CPD_DS_NA_late_12_NA,HDLC_comb,single,HeLa_S3,CPD,Damage_seq,20J,NA,late,12,_,repair_replication,Sancar,-,19489199,0.129160843363052,55,LRD
iz,.,0,100,0,.,0.339310344827586,Hela_CPD_DS_NA_late_12_NA,HDLC_comb,single,HeLa_S3,CPD,Damage_seq,20J,NA,late,12,_,repair_replication,Sancar,+,19489199,0.174101739546908,55,LRD
iz,.,0,100,0,.,0.368275862068966,Hela_CPD_DS_NA_late_12_NA,HDLC_comb,single,HeLa_S3,CPD,Damage_seq,20J,NA,late,12,_,repair_replication,Sancar,+,19489199,0.188964083166766,56,LRD
iz,.,0,100,0,.,0.246206896551724,Hela_CPD_DS_NA_late_12_NA,HDLC_comb,single,HeLa_S3,CPD,Damage_seq,20J,NA,late,12,_,repair_replication,Sancar,-,19489199,0.126329920768793,56,LRD
iz,.,0,100,0,.,0.277931034482759,Hela_CPD_DS_NA_late_12_NA,HDLC_comb,single,HeLa_S3,CPD,Damage_seq,20J,NA,late,12,_,repair_replication,Sancar,-,19489199,0.14260772568578,57,LRD
iz,.,0,100,0,.,0.358620689655172,Hela_CPD_DS_NA_late_12_NA,HDLC_comb,single,HeLa_S3,CPD,Damage_seq,20J,NA,late,12,_,repair_replication,Sancar,+,19489199,0.184009968626813,57,LRD
iz,.,0,100,0,.,0.357931034482759,Hela_CPD_DS_NA_late_12_NA,HDLC_comb,single,HeLa_S3,CPD,Damage_seq,20J,NA,late,12,_,repair_replication,Sancar,+,19489199,0.183656103302531,58,LRD
iz,.,0,100,0,.,0.273793103448276,Hela_CPD_DS_NA_late_12_NA,HDLC_comb,single,HeLa_S3,CPD,Damage_seq,20J,NA,late,12,_,repair_replication,Sancar,-,19489199,0.140484533740086,58,LRD
iz,.,0,100,0,.,0.375172413793103,Hela_CPD_DS_NA_late_12_NA,HDLC_comb,single,HeLa_S3,CPD,Damage_seq,20J,NA,late,12,_,repair_replication,Sancar,-,19489199,0.192502736409589,-85,LRD
iz,.,0,100,0,.,0.243448275862069,Hela_CPD_DS_NA_late_12_NA,HDLC_comb,single,HeLa_S3,CPD,Damage_seq,20J,NA,late,12,_,repair_replication,Sancar,+,19489199,0.124914459471664,-85,LRD
iz,.,0,100,0,.,0.360689655172414,Hela_CPD_DS_NA_late_12_NA,HDLC_comb,single,HeLa_S3,CPD,Damage_seq,20J,NA,late,12,_,repair_replication,Sancar,+,19489199,0.18507156459966,59,LRD
iz,.,0,100,0,.,0.261379310344828,Hela_CPD_DS_NA_late_12_NA,HDLC_comb,single,HeLa_S3,CPD,Damage_seq,20J,NA,late,12,_,repair_replication,Sancar,-,19489199,0.134114957903004,59,LRD
iz,.,0,100,0,.,0.262068965517241,Hela_CPD_DS_NA_late_12_NA,HDLC_comb,single,HeLa_S3,CPD,Damage_seq,20J,NA,late,12,_,repair_replication,Sancar,-,19489199,0.134468823227287,60,LRD
iz,.,0,100,0,.,0.379310344827586,Hela_CPD_DS_NA_late_12_NA,HDLC_comb,single,HeLa_S3,CPD,Damage_seq,20J,NA,late,12,_,repair_replication,Sancar,+,19489199,0.194625928355283,60,LRD
iz,.,0,100,0,.,0.24551724137931,Hela_CPD_DS_NA_late_12_NA,HDLC_comb,single,HeLa_S3,CPD,Damage_seq,20J,NA,late,12,_,repair_replication,Sancar,-,19489199,0.125976055444511,61,LRD
iz,.,0,100,0,.,0.350344827586207,Hela_CPD_DS_NA_late_12_NA,HDLC_comb,single,HeLa_S3,CPD,Damage_seq,20J,NA,late,12,_,repair_replication,Sancar,+,19489199,0.179763584735425,61,LRD
iz,.,0,100,0,.,0.382068965517241,Hela_CPD_DS_NA_late_12_NA,HDLC_comb,single,HeLa_S3,CPD,Damage_seq,20J,NA,late,12,_,repair_replication,Sancar,+,19489199,0.196041389652413,62,LRD
iz,.,0,100,0,.,0.26551724137931,Hela_CPD_DS_NA_late_12_NA,HDLC_comb,single,HeLa_S3,CPD,Damage_seq,20J,NA,late,12,_,repair_replication,Sancar,-,19489199,0.136238149848698,62,LRD
iz,.,0,100,0,.,0.363448275862069,Hela_CPD_DS_NA_late_12_NA,HDLC_comb,single,HeLa_S3,CPD,Damage_seq,20J,NA,late,12,_,repair_replication,Sancar,+,19489199,0.18648702589679,63,LRD
iz,.,0,100,0,.,0.280689655172414,Hela_CPD_DS_NA_late_12_NA,HDLC_comb,single,HeLa_S3,CPD,Damage_seq,20J,NA,late,12,_,repair_replication,Sancar,-,19489199,0.14402318698291,63,LRD
iz,.,0,100,0,.,0.377931034482759,Hela_CPD_DS_NA_late_12_NA,HDLC_comb,single,HeLa_S3,CPD,Damage_seq,20J,NA,late,12,_,repair_replication,Sancar,+,19489199,0.193918197706719,64,LRD
iz,.,0,100,0,.,0.277931034482759,Hela_CPD_DS_NA_late_12_NA,HDLC_comb,single,HeLa_S3,CPD,Damage_seq,20J,NA,late,12,_,repair_replication,Sancar,-,19489199,0.14260772568578,64,LRD
iz,.,0,100,0,.,0.257241379310345,Hela_CPD_DS_NA_late_12_NA,HDLC_comb,single,HeLa_S3,CPD,Damage_seq,20J,NA,late,12,_,repair_replication,Sancar,-,19489199,0.13199176595731,65,LRD
iz,.,0,100,0,.,0.364827586206897,Hela_CPD_DS_NA_late_12_NA,HDLC_comb,single,HeLa_S3,CPD,Damage_seq,20J,NA,late,12,_,repair_replication,Sancar,+,19489199,0.187194756545354,65,LRD
iz,.,0,100,0,.,0.231034482758621,Hela_CPD_DS_NA_late_12_NA,HDLC_comb,single,HeLa_S3,CPD,Damage_seq,20J,NA,late,12,_,repair_replication,Sancar,-,19489199,0.118544883634582,66,LRD
iz,.,0,100,0,.,0.377241379310345,Hela_CPD_DS_NA_late_12_NA,HDLC_comb,single,HeLa_S3,CPD,Damage_seq,20J,NA,late,12,_,repair_replication,Sancar,+,19489199,0.193564332382437,66,LRD
iz,.,0,100,0,.,0.279310344827586,Hela_CPD_DS_NA_late_12_NA,HDLC_comb,single,HeLa_S3,CPD,Damage_seq,20J,NA,late,12,_,repair_replication,Sancar,-,19489199,0.143315456334345,67,LRD
iz,.,0,100,0,.,0.384827586206897,Hela_CPD_DS_NA_late_12_NA,HDLC_comb,single,HeLa_S3,CPD,Damage_seq,20J,NA,late,12,_,repair_replication,Sancar,+,19489199,0.197456850949542,67,LRD
iz,.,0,100,0,.,0.267586206896552,Hela_CPD_DS_NA_late_12_NA,HDLC_comb,single,HeLa_S3,CPD,Damage_seq,20J,NA,late,12,_,repair_replication,Sancar,-,19489199,0.137299745821545,68,LRD
iz,.,0,100,0,.,0.366206896551724,Hela_CPD_DS_NA_late_12_NA,HDLC_comb,single,HeLa_S3,CPD,Damage_seq,20J,NA,late,12,_,repair_replication,Sancar,+,19489199,0.187902487193919,68,LRD
iz,.,0,100,0,.,0.248275862068966,Hela_CPD_DS_NA_late_12_NA,HDLC_comb,single,HeLa_S3,CPD,Damage_seq,20J,NA,late,12,_,repair_replication,Sancar,+,19489199,0.12739151674164,-84,LRD
iz,.,0,100,0,.,0.376551724137931,Hela_CPD_DS_NA_late_12_NA,HDLC_comb,single,HeLa_S3,CPD,Damage_seq,20J,NA,late,12,_,repair_replication,Sancar,-,19489199,0.193210467058154,-84,LRD
iz,.,0,100,0,.,0.377241379310345,Hela_CPD_DS_NA_late_12_NA,HDLC_comb,single,HeLa_S3,CPD,Damage_seq,20J,NA,late,12,_,repair_replication,Sancar,+,19489199,0.193564332382437,69,LRD
iz,.,0,100,0,.,0.257931034482759,Hela_CPD_DS_NA_late_12_NA,HDLC_comb,single,HeLa_S3,CPD,Damage_seq,20J,NA,late,12,_,repair_replication,Sancar,-,19489199,0.132345631281593,69,LRD
iz,.,0,100,0,.,0.256551724137931,Hela_CPD_DS_NA_late_12_NA,HDLC_comb,single,HeLa_S3,CPD,Damage_seq,20J,NA,late,12,_,repair_replication,Sancar,-,19489199,0.131637900633028,70,LRD
iz,.,0,100,0,.,0.362068965517241,Hela_CPD_DS_NA_late_12_NA,HDLC_comb,single,HeLa_S3,CPD,Damage_seq,20J,NA,late,12,_,repair_replication,Sancar,+,19489199,0.185779295248225,70,LRD
iz,.,0,100,0,.,0.250344827586207,Hela_CPD_DS_NA_late_12_NA,HDLC_comb,single,HeLa_S3,CPD,Damage_seq,20J,NA,late,12,_,repair_replication,Sancar,-,19489199,0.128453112714487,71,LRD
iz,.,0,100,0,.,0.362068965517241,Hela_CPD_DS_NA_late_12_NA,HDLC_comb,single,HeLa_S3,CPD,Damage_seq,20J,NA,late,12,_,repair_replication,Sancar,+,19489199,0.185779295248225,71,LRD
iz,.,0,100,0,.,0.249655172413793,Hela_CPD_DS_NA_late_12_NA,HDLC_comb,single,HeLa_S3,CPD,Damage_seq,20J,NA,late,12,_,repair_replication,Sancar,-,19489199,0.128099247390205,72,LRD
iz,.,0,100,0,.,0.387586206896552,Hela_CPD_DS_NA_late_12_NA,HDLC_comb,single,HeLa_S3,CPD,Damage_seq,20J,NA,late,12,_,repair_replication,Sancar,+,19489199,0.198872312246671,72,LRD
iz,.,0,100,0,.,0.368965517241379,Hela_CPD_DS_NA_late_12_NA,HDLC_comb,single,HeLa_S3,CPD,Damage_seq,20J,NA,late,12,_,repair_replication,Sancar,+,19489199,0.189317948491048,73,LRD
iz,.,0,100,0,.,0.242068965517241,Hela_CPD_DS_NA_late_12_NA,HDLC_comb,single,HeLa_S3,CPD,Damage_seq,20J,NA,late,12,_,repair_replication,Sancar,-,19489199,0.124206728823099,73,LRD
iz,.,0,100,0,.,0.382758620689655,Hela_CPD_DS_NA_late_12_NA,HDLC_comb,single,HeLa_S3,CPD,Damage_seq,20J,NA,late,12,_,repair_replication,Sancar,+,19489199,0.196395254976695,74,LRD
iz,.,0,100,0,.,0.246896551724138,Hela_CPD_DS_NA_late_12_NA,HDLC_comb,single,HeLa_S3,CPD,Damage_seq,20J,NA,late,12,_,repair_replication,Sancar,-,19489199,0.126683786093075,74,LRD
iz,.,0,100,0,.,0.348965517241379,Hela_CPD_DS_NA_late_12_NA,HDLC_comb,single,HeLa_S3,CPD,Damage_seq,20J,NA,late,12,_,repair_replication,Sancar,+,19489199,0.179055854086861,75,LRD
iz,.,0,100,0,.,0.26551724137931,Hela_CPD_DS_NA_late_12_NA,HDLC_comb,single,HeLa_S3,CPD,Damage_seq,20J,NA,late,12,_,repair_replication,Sancar,-,19489199,0.136238149848698,75,LRD
iz,.,0,100,0,.,0.253793103448276,Hela_CPD_DS_NA_late_12_NA,HDLC_comb,single,HeLa_S3,CPD,Damage_seq,20J,NA,late,12,_,repair_replication,Sancar,-,19489199,0.130222439335899,76,LRD
iz,.,0,100,0,.,0.343448275862069,Hela_CPD_DS_NA_late_12_NA,HDLC_comb,single,HeLa_S3,CPD,Damage_seq,20J,NA,late,12,_,repair_replication,Sancar,+,19489199,0.176224931492602,76,LRD
iz,.,0,100,0,.,0.250344827586207,Hela_CPD_DS_NA_late_12_NA,HDLC_comb,single,HeLa_S3,CPD,Damage_seq,20J,NA,late,12,_,repair_replication,Sancar,-,19489199,0.128453112714487,77,LRD
iz,.,0,100,0,.,0.358620689655172,Hela_CPD_DS_NA_late_12_NA,HDLC_comb,single,HeLa_S3,CPD,Damage_seq,20J,NA,late,12,_,repair_replication,Sancar,+,19489199,0.184009968626813,77,LRD
iz,.,0,100,0,.,0.239310344827586,Hela_CPD_DS_NA_late_12_NA,HDLC_comb,single,HeLa_S3,CPD,Damage_seq,20J,NA,late,12,_,repair_replication,Sancar,-,19489199,0.12279126752597,78,LRD
iz,.,0,100,0,.,0.370344827586207,Hela_CPD_DS_NA_late_12_NA,HDLC_comb,single,HeLa_S3,CPD,Damage_seq,20J,NA,late,12,_,repair_replication,Sancar,+,19489199,0.190025679139613,78,LRD
iz,.,0,100,0,.,0.247586206896552,Hela_CPD_DS_NA_late_12_NA,HDLC_comb,single,HeLa_S3,CPD,Damage_seq,20J,NA,late,12,_,repair_replication,Sancar,+,19489199,0.127037651417358,-83,LRD
iz,.,0,100,0,.,0.36551724137931,Hela_CPD_DS_NA_late_12_NA,HDLC_comb,single,HeLa_S3,CPD,Damage_seq,20J,NA,late,12,_,repair_replication,Sancar,-,19489199,0.187548621869637,-83,LRD
iz,.,0,100,0,.,0.246206896551724,Hela_CPD_DS_NA_late_12_NA,HDLC_comb,single,HeLa_S3,CPD,Damage_seq,20J,NA,late,12,_,repair_replication,Sancar,-,19489199,0.126329920768793,79,LRD
iz,.,0,100,0,.,0.369655172413793,Hela_CPD_DS_NA_late_12_NA,HDLC_comb,single,HeLa_S3,CPD,Damage_seq,20J,NA,late,12,_,repair_replication,Sancar,+,19489199,0.189671813815331,79,LRD
iz,.,0,100,0,.,0.252413793103448,Hela_CPD_DS_NA_late_12_NA,HDLC_comb,single,HeLa_S3,CPD,Damage_seq,20J,NA,late,12,_,repair_replication,Sancar,-,19489199,0.129514708687334,80,LRD
iz,.,0,100,0,.,0.335862068965517,Hela_CPD_DS_NA_late_12_NA,HDLC_comb,single,HeLa_S3,CPD,Damage_seq,20J,NA,late,12,_,repair_replication,Sancar,+,19489199,0.172332412925496,80,LRD
iz,.,0,100,0,.,0.237931034482759,Hela_CPD_DS_NA_late_12_NA,HDLC_comb,single,HeLa_S3,CPD,Damage_seq,20J,NA,late,12,_,repair_replication,Sancar,-,19489199,0.122083536877405,81,LRD
iz,.,0,100,0,.,0.342068965517241,Hela_CPD_DS_NA_late_12_NA,HDLC_comb,single,HeLa_S3,CPD,Damage_seq,20J,NA,late,12,_,repair_replication,Sancar,+,19489199,0.175517200844037,81,LRD
iz,.,0,100,0,.,0.244137931034483,Hela_CPD_DS_NA_late_12_NA,HDLC_comb,single,HeLa_S3,CPD,Damage_seq,20J,NA,late,12,_,repair_replication,Sancar,-,19489199,0.125268324795946,82,LRD
iz,.,0,100,0,.,0.346896551724138,Hela_CPD_DS_NA_late_12_NA,HDLC_comb,single,HeLa_S3,CPD,Damage_seq,20J,NA,late,12,_,repair_replication,Sancar,+,19489199,0.177994258114014,82,LRD
iz,.,0,100,0,.,0.24551724137931,Hela_CPD_DS_NA_late_12_NA,HDLC_comb,single,HeLa_S3,CPD,Damage_seq,20J,NA,late,12,_,repair_replication,Sancar,-,19489199,0.125976055444511,83,LRD
iz,.,0,100,0,.,0.343448275862069,Hela_CPD_DS_NA_late_12_NA,HDLC_comb,single,HeLa_S3,CPD,Damage_seq,20J,NA,late,12,_,repair_replication,Sancar,+,19489199,0.176224931492602,83,LRD
iz,.,0,100,0,.,0.244827586206897,Hela_CPD_DS_NA_late_12_NA,HDLC_comb,single,HeLa_S3,CPD,Damage_seq,20J,NA,late,12,_,repair_replication,Sancar,-,19489199,0.125622190120228,84,LRD
iz,.,0,100,0,.,0.375862068965517,Hela_CPD_DS_NA_late_12_NA,HDLC_comb,single,HeLa_S3,CPD,Damage_seq,20J,NA,late,12,_,repair_replication,Sancar,+,19489199,0.192856601733872,84,LRD
iz,.,0,100,0,.,0.231724137931034,Hela_CPD_DS_NA_late_12_NA,HDLC_comb,single,HeLa_S3,CPD,Damage_seq,20J,NA,late,12,_,repair_replication,Sancar,-,19489199,0.118898748958864,85,LRD
iz,.,0,100,0,.,0.364827586206897,Hela_CPD_DS_NA_late_12_NA,HDLC_comb,single,HeLa_S3,CPD,Damage_seq,20J,NA,late,12,_,repair_replication,Sancar,+,19489199,0.187194756545354,85,LRD
iz,.,0,100,0,.,0.26,Hela_CPD_DS_NA_late_12_NA,HDLC_comb,single,HeLa_S3,CPD,Damage_seq,20J,NA,late,12,_,repair_replication,Sancar,-,19489199,0.13340722725444,86,LRD
iz,.,0,100,0,.,0.384137931034483,Hela_CPD_DS_NA_late_12_NA,HDLC_comb,single,HeLa_S3,CPD,Damage_seq,20J,NA,late,12,_,repair_replication,Sancar,+,19489199,0.19710298562526,86,LRD
iz,.,0,100,0,.,0.268275862068966,Hela_CPD_DS_NA_late_12_NA,HDLC_comb,single,HeLa_S3,CPD,Damage_seq,20J,NA,late,12,_,repair_replication,Sancar,-,19489199,0.137653611145828,87,LRD
iz,.,0,100,0,.,0.371724137931034,Hela_CPD_DS_NA_late_12_NA,HDLC_comb,single,HeLa_S3,CPD,Damage_seq,20J,NA,late,12,_,repair_replication,Sancar,+,19489199,0.190733409788178,87,LRD
iz,.,0,100,0,.,0.377931034482759,Hela_CPD_DS_NA_late_12_NA,HDLC_comb,single,HeLa_S3,CPD,Damage_seq,20J,NA,late,12,_,repair_replication,Sancar,+,19489199,0.193918197706719,88,LRD
iz,.,0,100,0,.,0.268965517241379,Hela_CPD_DS_NA_late_12_NA,HDLC_comb,single,HeLa_S3,CPD,Damage_seq,20J,NA,late,12,_,repair_replication,Sancar,-,19489199,0.13800747647011,88,LRD
iz,.,0,100,0,.,0.363448275862069,Hela_CPD_DS_NA_late_12_NA,HDLC_comb,single,HeLa_S3,CPD,Damage_seq,20J,NA,late,12,_,repair_replication,Sancar,-,19489199,0.18648702589679,-82,LRD
iz,.,0,100,0,.,0.235862068965517,Hela_CPD_DS_NA_late_12_NA,HDLC_comb,single,HeLa_S3,CPD,Damage_seq,20J,NA,late,12,_,repair_replication,Sancar,+,19489199,0.121021940904558,-82,LRD
iz,.,0,100,0,.,0.384827586206897,Hela_CPD_DS_NA_late_12_NA,HDLC_comb,single,HeLa_S3,CPD,Damage_seq,20J,NA,late,12,_,repair_replication,Sancar,+,19489199,0.197456850949542,89,LRD
iz,.,0,100,0,.,0.24551724137931,Hela_CPD_DS_NA_late_12_NA,HDLC_comb,single,HeLa_S3,CPD,Damage_seq,20J,NA,late,12,_,repair_replication,Sancar,-,19489199,0.125976055444511,89,LRD
iz,.,0,100,0,.,0.375862068965517,Hela_CPD_DS_NA_late_12_NA,HDLC_comb,single,HeLa_S3,CPD,Damage_seq,20J,NA,late,12,_,repair_replication,Sancar,+,19489199,0.192856601733872,90,LRD
iz,.,0,100,0,.,0.264137931034483,Hela_CPD_DS_NA_late_12_NA,HDLC_comb,single,HeLa_S3,CPD,Damage_seq,20J,NA,late,12,_,repair_replication,Sancar,-,19489199,0.135530419200134,90,LRD
iz,.,0,100,0,.,0.377931034482759,Hela_CPD_DS_NA_late_12_NA,HDLC_comb,single,HeLa_S3,CPD,Damage_seq,20J,NA,late,12,_,repair_replication,Sancar,+,19489199,0.193918197706719,91,LRD
iz,.,0,100,0,.,0.252413793103448,Hela_CPD_DS_NA_late_12_NA,HDLC_comb,single,HeLa_S3,CPD,Damage_seq,20J,NA,late,12,_,repair_replication,Sancar,-,19489199,0.129514708687334,91,LRD
iz,.,0,100,0,.,0.411034482758621,Hela_CPD_DS_NA_late_12_NA,HDLC_comb,single,HeLa_S3,CPD,Damage_seq,20J,NA,late,12,_,repair_replication,Sancar,+,19489199,0.210903733272271,92,LRD
iz,.,0,100,0,.,0.248275862068966,Hela_CPD_DS_NA_late_12_NA,HDLC_comb,single,HeLa_S3,CPD,Damage_seq,20J,NA,late,12,_,repair_replication,Sancar,-,19489199,0.12739151674164,92,LRD
iz,.,0,100,0,.,0.377241379310345,Hela_CPD_DS_NA_late_12_NA,HDLC_comb,single,HeLa_S3,CPD,Damage_seq,20J,NA,late,12,_,repair_replication,Sancar,+,19489199,0.193564332382437,93,LRD
iz,.,0,100,0,.,0.269655172413793,Hela_CPD_DS_NA_late_12_NA,HDLC_comb,single,HeLa_S3,CPD,Damage_seq,20J,NA,late,12,_,repair_replication,Sancar,-,19489199,0.138361341794392,93,LRD
iz,.,0,100,0,.,0.23448275862069,Hela_CPD_DS_NA_late_12_NA,HDLC_comb,single,HeLa_S3,CPD,Damage_seq,20J,NA,late,12,_,repair_replication,Sancar,-,19489199,0.120314210255993,94,LRD
iz,.,0,100,0,.,0.31448275862069,Hela_CPD_DS_NA_late_12_NA,HDLC_comb,single,HeLa_S3,CPD,Damage_seq,20J,NA,late,12,_,repair_replication,Sancar,+,19489199,0.161362587872744,94,LRD
iz,.,0,100,0,.,0.23448275862069,Hela_CPD_DS_NA_late_12_NA,HDLC_comb,single,HeLa_S3,CPD,Damage_seq,20J,NA,late,12,_,repair_replication,Sancar,-,19489199,0.120314210255993,95,LRD
iz,.,0,100,0,.,0.364137931034483,Hela_CPD_DS_NA_late_12_NA,HDLC_comb,single,HeLa_S3,CPD,Damage_seq,20J,NA,late,12,_,repair_replication,Sancar,+,19489199,0.186840891221072,95,LRD
iz,.,0,100,0,.,0.255172413793103,Hela_CPD_DS_NA_late_12_NA,HDLC_comb,single,HeLa_S3,CPD,Damage_seq,20J,NA,late,12,_,repair_replication,Sancar,-,19489199,0.130930169984463,96,LRD
iz,.,0,100,0,.,0.367586206896552,Hela_CPD_DS_NA_late_12_NA,HDLC_comb,single,HeLa_S3,CPD,Damage_seq,20J,NA,late,12,_,repair_replication,Sancar,+,19489199,0.188610217842484,96,LRD
iz,.,0,100,0,.,0.262068965517241,Hela_CPD_DS_NA_late_12_NA,HDLC_comb,single,HeLa_S3,CPD,Damage_seq,20J,NA,late,12,_,repair_replication,Sancar,-,19489199,0.134468823227287,97,LRD
iz,.,0,100,0,.,0.36,Hela_CPD_DS_NA_late_12_NA,HDLC_comb,single,HeLa_S3,CPD,Damage_seq,20J,NA,late,12,_,repair_replication,Sancar,+,19489199,0.184717699275378,97,LRD
iz,.,0,100,0,.,0.257241379310345,Hela_CPD_DS_NA_late_12_NA,HDLC_comb,single,HeLa_S3,CPD,Damage_seq,20J,NA,late,12,_,repair_replication,Sancar,-,19489199,0.13199176595731,98,LRD
iz,.,0,100,0,.,0.37448275862069,Hela_CPD_DS_NA_late_12_NA,HDLC_comb,single,HeLa_S3,CPD,Damage_seq,20J,NA,late,12,_,repair_replication,Sancar,+,19489199,0.192148871085307,98,LRD
iz,.,0,100,0,.,0.251034482758621,Hela_CPD_DS_NA_late_12_NA,HDLC_comb,single,HeLa_S3,CPD,Damage_seq,20J,NA,late,12,_,repair_replication,Sancar,+,19489199,0.128806978038769,-99,LRD
iz,.,0,100,0,.,0.361379310344828,Hela_CPD_DS_NA_late_12_NA,HDLC_comb,single,HeLa_S3,CPD,Damage_seq,20J,NA,late,12,_,repair_replication,Sancar,-,19489199,0.185425429923943,-99,LRD
iz,.,0,100,0,.,0.353103448275862,Hela_CPD_DS_NA_late_12_NA,HDLC_comb,single,HeLa_S3,CPD,Damage_seq,20J,NA,late,12,_,repair_replication,Sancar,-,19489199,0.181179046032555,-81,LRD
iz,.,0,100,0,.,0.25448275862069,Hela_CPD_DS_NA_late_12_NA,HDLC_comb,single,HeLa_S3,CPD,Damage_seq,20J,NA,late,12,_,repair_replication,Sancar,+,19489199,0.130576304660181,-81,LRD
iz,.,0,100,0,.,0.24551724137931,Hela_CPD_DS_NA_late_12_NA,HDLC_comb,single,HeLa_S3,CPD,Damage_seq,20J,NA,late,12,_,repair_replication,Sancar,-,19489199,0.125976055444511,99,LRD
iz,.,0,100,0,.,0.364137931034483,Hela_CPD_DS_NA_late_12_NA,HDLC_comb,single,HeLa_S3,CPD,Damage_seq,20J,NA,late,12,_,repair_replication,Sancar,+,19489199,0.186840891221072,99,LRD
iz,.,0,100,0,.,0.266206896551724,Hela_CPD_DS_NA_late_12_NA,HDLC_comb,single,HeLa_S3,CPD,Damage_seq,20J,NA,late,12,_,repair_replication,Sancar,-,19489199,0.136592015172981,100,LRD
iz,.,0,100,0,.,0.336551724137931,Hela_CPD_DS_NA_late_12_NA,HDLC_comb,single,HeLa_S3,CPD,Damage_seq,20J,NA,late,12,_,repair_replication,Sancar,+,19489199,0.172686278249779,100,LRD
iz,.,0,100,0,.,0.246206896551724,Hela_CPD_DS_NA_late_12_NA,HDLC_comb,single,HeLa_S3,CPD,Damage_seq,20J,NA,late,12,_,repair_replication,Sancar,+,19489199,0.126329920768793,-80,LRD
iz,.,0,100,0,.,0.366206896551724,Hela_CPD_DS_NA_late_12_NA,HDLC_comb,single,HeLa_S3,CPD,Damage_seq,20J,NA,late,12,_,repair_replication,Sancar,-,19489199,0.187902487193919,-80,LRD
iz,.,0,100,0,.,0.259310344827586,Hela_CPD_DS_NA_late_12_NA,HDLC_comb,single,HeLa_S3,CPD,Damage_seq,20J,NA,late,12,_,repair_replication,Sancar,+,19489199,0.133053361930157,-79,LRD
iz,.,0,100,0,.,0.368965517241379,Hela_CPD_DS_NA_late_12_NA,HDLC_comb,single,HeLa_S3,CPD,Damage_seq,20J,NA,late,12,_,repair_replication,Sancar,-,19489199,0.189317948491048,-79,LRD
iz,.,0,100,0,.,0.263448275862069,Hela_CPD_DS_NA_late_12_NA,HDLC_comb,single,HeLa_S3,CPD,Damage_seq,20J,NA,late,12,_,repair_replication,Sancar,+,19489199,0.135176553875851,-78,LRD
iz,.,0,100,0,.,0.356551724137931,Hela_CPD_DS_NA_late_12_NA,HDLC_comb,single,HeLa_S3,CPD,Damage_seq,20J,NA,late,12,_,repair_replication,Sancar,-,19489199,0.182948372653966,-78,LRD
iz,.,0,100,0,.,0.31448275862069,Hela_CPD_DS_NA_late_12_NA,HDLC_comb,single,HeLa_S3,CPD,Damage_seq,20J,NA,late,12,_,repair_replication,Sancar,-,19489199,0.161362587872744,-77,LRD
iz,.,0,100,0,.,0.246206896551724,Hela_CPD_DS_NA_late_12_NA,HDLC_comb,single,HeLa_S3,CPD,Damage_seq,20J,NA,late,12,_,repair_replication,Sancar,+,19489199,0.126329920768793,-77,LRD
iz,.,0,100,0,.,0.227586206896552,Hela_CPD_DS_NA_late_12_NA,HDLC_comb,single,HeLa_S3,CPD,Damage_seq,20J,NA,late,12,_,repair_replication,Sancar,+,19489199,0.11677555701317,-76,LRD
iz,.,0,100,0,.,0.35448275862069,Hela_CPD_DS_NA_late_12_NA,HDLC_comb,single,HeLa_S3,CPD,Damage_seq,20J,NA,late,12,_,repair_replication,Sancar,-,19489199,0.181886776681119,-76,LRD
iz,.,0,100,0,.,0.253103448275862,Hela_CPD_DS_NA_late_12_NA,HDLC_comb,single,HeLa_S3,CPD,Damage_seq,20J,NA,late,12,_,repair_replication,Sancar,+,19489199,0.129868574011616,-75,LRD
iz,.,0,100,0,.,0.362068965517241,Hela_CPD_DS_NA_late_12_NA,HDLC_comb,single,HeLa_S3,CPD,Damage_seq,20J,NA,late,12,_,repair_replication,Sancar,-,19489199,0.185779295248225,-75,LRD
iz,.,0,100,0,.,0.339310344827586,Hela_CPD_DS_NA_late_12_NA,HDLC_comb,single,HeLa_S3,CPD,Damage_seq,20J,NA,late,12,_,repair_replication,Sancar,-,19489199,0.174101739546908,-74,LRD
iz,.,0,100,0,.,0.255862068965517,Hela_CPD_DS_NA_late_12_NA,HDLC_comb,single,HeLa_S3,CPD,Damage_seq,20J,NA,late,12,_,repair_replication,Sancar,+,19489199,0.131284035308746,-74,LRD
iz,.,0,100,0,.,0.248275862068966,Hela_CPD_DS_NA_late_12_NA,HDLC_comb,single,HeLa_S3,CPD,Damage_seq,20J,NA,late,12,_,repair_replication,Sancar,+,19489199,0.12739151674164,-73,LRD
iz,.,0,100,0,.,0.367586206896552,Hela_CPD_DS_NA_late_12_NA,HDLC_comb,single,HeLa_S3,CPD,Damage_seq,20J,NA,late,12,_,repair_replication,Sancar,-,19489199,0.188610217842484,-73,LRD
iz,.,0,100,0,.,0.261379310344828,Hela_CPD_DS_NA_late_12_NA,HDLC_comb,single,HeLa_S3,CPD,Damage_seq,20J,NA,late,12,_,repair_replication,Sancar,+,19489199,0.134114957903004,-72,LRD
iz,.,0,100,0,.,0.349655172413793,Hela_CPD_DS_NA_late_12_NA,HDLC_comb,single,HeLa_S3,CPD,Damage_seq,20J,NA,late,12,_,repair_replication,Sancar,-,19489199,0.179409719411143,-72,LRD
iz,.,0,100,0,.,0.232413793103448,Hela_CPD_DS_NA_late_12_NA,HDLC_comb,single,HeLa_S3,CPD,Damage_seq,20J,NA,late,12,_,repair_replication,Sancar,+,19489199,0.119252614283146,-98,LRD
iz,.,0,100,0,.,0.331034482758621,Hela_CPD_DS_NA_late_12_NA,HDLC_comb,single,HeLa_S3,CPD,Damage_seq,20J,NA,late,12,_,repair_replication,Sancar,-,19489199,0.16985535565552,-98,LRD
iz,.,0,100,0,.,0.255172413793103,Hela_CPD_DS_NA_late_12_NA,HDLC_comb,single,HeLa_S3,CPD,Damage_seq,20J,NA,late,12,_,repair_replication,Sancar,+,19489199,0.130930169984463,-71,LRD
iz,.,0,100,0,.,0.352413793103448,Hela_CPD_DS_NA_late_12_NA,HDLC_comb,single,HeLa_S3,CPD,Damage_seq,20J,NA,late,12,_,repair_replication,Sancar,-,19489199,0.180825180708272,-71,LRD
iz,.,0,100,0,.,0.258620689655172,Hela_CPD_DS_NA_late_12_NA,HDLC_comb,single,HeLa_S3,CPD,Damage_seq,20J,NA,late,12,_,repair_replication,Sancar,+,19489199,0.132699496605875,-70,LRD
iz,.,0,100,0,.,0.332413793103448,Hela_CPD_DS_NA_late_12_NA,HDLC_comb,single,HeLa_S3,CPD,Damage_seq,20J,NA,late,12,_,repair_replication,Sancar,-,19489199,0.170563086304085,-70,LRD
iz,.,0,100,0,.,0.242068965517241,Hela_CPD_DS_NA_late_12_NA,HDLC_comb,single,HeLa_S3,CPD,Damage_seq,20J,NA,late,12,_,repair_replication,Sancar,+,19489199,0.124206728823099,-69,LRD
iz,.,0,100,0,.,0.358620689655172,Hela_CPD_DS_NA_late_12_NA,HDLC_comb,single,HeLa_S3,CPD,Damage_seq,20J,NA,late,12,_,repair_replication,Sancar,-,19489199,0.184009968626813,-69,LRD
iz,.,0,100,0,.,0.26,Hela_CPD_DS_NA_late_12_NA,HDLC_comb,single,HeLa_S3,CPD,Damage_seq,20J,NA,late,12,_,repair_replication,Sancar,+,19489199,0.13340722725444,-68,LRD
iz,.,0,100,0,.,0.37448275862069,Hela_CPD_DS_NA_late_12_NA,HDLC_comb,single,HeLa_S3,CPD,Damage_seq,20J,NA,late,12,_,repair_replication,Sancar,-,19489199,0.192148871085307,-68,LRD
iz,.,0,100,0,.,0.268965517241379,Hela_CPD_DS_NA_late_12_NA,HDLC_comb,single,HeLa_S3,CPD,Damage_seq,20J,NA,late,12,_,repair_replication,Sancar,+,19489199,0.13800747647011,-67,LRD
iz,.,0,100,0,.,0.355862068965517,Hela_CPD_DS_NA_late_12_NA,HDLC_comb,single,HeLa_S3,CPD,Damage_seq,20J,NA,late,12,_,repair_replication,Sancar,-,19489199,0.182594507329684,-67,LRD
iz,.,0,100,0,.,0.238620689655172,Hela_CPD_DS_NA_late_12_NA,HDLC_comb,single,HeLa_S3,CPD,Damage_seq,20J,NA,late,12,_,repair_replication,Sancar,+,19489199,0.122437402201687,-66,LRD
iz,.,0,100,0,.,0.388275862068966,Hela_CPD_DS_NA_late_12_NA,HDLC_comb,single,HeLa_S3,CPD,Damage_seq,20J,NA,late,12,_,repair_replication,Sancar,-,19489199,0.199226177570954,-66,LRD
iz,.,0,100,0,.,0.279310344827586,Hela_CPD_DS_NA_late_12_NA,HDLC_comb,single,HeLa_S3,CPD,Damage_seq,20J,NA,late,12,_,repair_replication,Sancar,+,19489199,0.143315456334345,-65,LRD
iz,.,0,100,0,.,0.389655172413793,Hela_CPD_DS_NA_late_12_NA,HDLC_comb,single,HeLa_S3,CPD,Damage_seq,20J,NA,late,12,_,repair_replication,Sancar,-,19489199,0.199933908219518,-65,LRD
iz,.,0,100,0,.,0.251724137931034,Hela_CPD_DS_NA_late_12_NA,HDLC_comb,single,HeLa_S3,CPD,Damage_seq,20J,NA,late,12,_,repair_replication,Sancar,+,19489199,0.129160843363052,-64,LRD
iz,.,0,100,0,.,0.357241379310345,Hela_CPD_DS_NA_late_12_NA,HDLC_comb,single,HeLa_S3,CPD,Damage_seq,20J,NA,late,12,_,repair_replication,Sancar,-,19489199,0.183302237978249,-64,LRD
iz,.,0,100,0,.,0.241379310344828,Hela_CPD_DS_NA_late_12_NA,HDLC_comb,single,HeLa_S3,CPD,Damage_seq,20J,NA,late,12,_,repair_replication,Sancar,+,19489199,0.123852863498817,-63,LRD
iz,.,0,100,0,.,0.356551724137931,Hela_CPD_DS_NA_late_12_NA,HDLC_comb,single,HeLa_S3,CPD,Damage_seq,20J,NA,late,12,_,repair_replication,Sancar,-,19489199,0.182948372653966,-63,LRD
iz,.,0,100,0,.,0.351034482758621,Hela_CPD_DS_NA_late_12_NA,HDLC_comb,single,HeLa_S3,CPD,Damage_seq,20J,NA,late,12,_,repair_replication,Sancar,-,19489199,0.180117450059708,-62,LRD
iz,.,0,100,0,.,0.22551724137931,Hela_CPD_DS_NA_late_12_NA,HDLC_comb,single,HeLa_S3,CPD,Damage_seq,20J,NA,late,12,_,repair_replication,Sancar,+,19489199,0.115713961040323,-62,LRD
iz,.,0,100,0,.,0.251724137931034,Hela_CPD_DS_NA_late_12_NA,HDLC_comb,single,HeLa_S3,CPD,Damage_seq,20J,NA,late,12,_,repair_replication,Sancar,+,19489199,0.129160843363052,-97,LRD
iz,.,0,100,0,.,0.378620689655172,Hela_CPD_DS_NA_late_12_NA,HDLC_comb,single,HeLa_S3,CPD,Damage_seq,20J,NA,late,12,_,repair_replication,Sancar,-,19489199,0.194272063031001,-97,LRD
iz,.,0,100,0,.,0.264137931034483,Hela_CPD_DS_NA_late_12_NA,HDLC_comb,single,HeLa_S3,CPD,Damage_seq,20J,NA,late,12,_,repair_replication,Sancar,+,19489199,0.135530419200134,-61,LRD
iz,.,0,100,0,.,0.361379310344828,Hela_CPD_DS_NA_late_12_NA,HDLC_comb,single,HeLa_S3,CPD,Damage_seq,20J,NA,late,12,_,repair_replication,Sancar,-,19489199,0.185425429923943,-61,LRD
iz,.,0,100,0,.,0.356551724137931,Hela_CPD_DS_NA_late_12_NA,HDLC_comb,single,HeLa_S3,CPD,Damage_seq,20J,NA,late,12,_,repair_replication,Sancar,-,19489199,0.182948372653966,-60,LRD
iz,.,0,100,0,.,0.250344827586207,Hela_CPD_DS_NA_late_12_NA,HDLC_comb,single,HeLa_S3,CPD,Damage_seq,20J,NA,late,12,_,repair_replication,Sancar,+,19489199,0.128453112714487,-60,LRD
iz,.,0,100,0,.,0.260689655172414,Hela_CPD_DS_NA_late_12_NA,HDLC_comb,single,HeLa_S3,CPD,Damage_seq,20J,NA,late,12,_,repair_replication,Sancar,+,19489199,0.133761092578722,-59,LRD
iz,.,0,100,0,.,0.36,Hela_CPD_DS_NA_late_12_NA,HDLC_comb,single,HeLa_S3,CPD,Damage_seq,20J,NA,late,12,_,repair_replication,Sancar,-,19489199,0.184717699275378,-59,LRD
iz,.,0,100,0,.,0.252413793103448,Hela_CPD_DS_NA_late_12_NA,HDLC_comb,single,HeLa_S3,CPD,Damage_seq,20J,NA,late,12,_,repair_replication,Sancar,+,19489199,0.129514708687334,-58,LRD
iz,.,0,100,0,.,0.344827586206897,Hela_CPD_DS_NA_late_12_NA,HDLC_comb,single,HeLa_S3,CPD,Damage_seq,20J,NA,late,12,_,repair_replication,Sancar,-,19489199,0.176932662141167,-58,LRD
iz,.,0,100,0,.,0.244137931034483,Hela_CPD_DS_NA_late_12_NA,HDLC_comb,single,HeLa_S3,CPD,Damage_seq,20J,NA,late,12,_,repair_replication,Sancar,+,19489199,0.125268324795946,-57,LRD
iz,.,0,100,0,.,0.351034482758621,Hela_CPD_DS_NA_late_12_NA,HDLC_comb,single,HeLa_S3,CPD,Damage_seq,20J,NA,late,12,_,repair_replication,Sancar,-,19489199,0.180117450059708,-57,LRD
iz,.,0,100,0,.,0.257931034482759,Hela_CPD_DS_NA_late_12_NA,HDLC_comb,single,HeLa_S3,CPD,Damage_seq,20J,NA,late,12,_,repair_replication,Sancar,+,19489199,0.132345631281593,-56,LRD
iz,.,0,100,0,.,0.362758620689655,Hela_CPD_DS_NA_late_12_NA,HDLC_comb,single,HeLa_S3,CPD,Damage_seq,20J,NA,late,12,_,repair_replication,Sancar,-,19489199,0.186133160572507,-56,LRD
iz,.,0,100,0,.,0.248275862068966,Hela_CPD_DS_NA_late_12_NA,HDLC_comb,single,HeLa_S3,CPD,Damage_seq,20J,NA,late,12,_,repair_replication,Sancar,+,19489199,0.12739151674164,-55,LRD
iz,.,0,100,0,.,0.364827586206897,Hela_CPD_DS_NA_late_12_NA,HDLC_comb,single,HeLa_S3,CPD,Damage_seq,20J,NA,late,12,_,repair_replication,Sancar,-,19489199,0.187194756545354,-55,LRD
iz,.,0,100,0,.,0.239310344827586,Hela_CPD_DS_NA_late_12_NA,HDLC_comb,single,HeLa_S3,CPD,Damage_seq,20J,NA,late,12,_,repair_replication,Sancar,+,19489199,0.12279126752597,-54,LRD
iz,.,0,100,0,.,0.36,Hela_CPD_DS_NA_late_12_NA,HDLC_comb,single,HeLa_S3,CPD,Damage_seq,20J,NA,late,12,_,repair_replication,Sancar,-,19489199,0.184717699275378,-54,LRD
iz,.,0,100,0,.,0.272413793103448,Hela_CPD_DS_NA_late_12_NA,HDLC_comb,single,HeLa_S3,CPD,Damage_seq,20J,NA,late,12,_,repair_replication,Sancar,+,19489199,0.139776803091522,-53,LRD
iz,.,0,100,0,.,0.331724137931035,Hela_CPD_DS_NA_late_12_NA,HDLC_comb,single,HeLa_S3,CPD,Damage_seq,20J,NA,late,12,_,repair_replication,Sancar,-,19489199,0.170209220979802,-53,LRD
iz,.,0,100,0,.,0.253103448275862,Hela_CPD_DS_NA_late_12_NA,HDLC_comb,single,HeLa_S3,CPD,Damage_seq,20J,NA,late,12,_,repair_replication,Sancar,+,19489199,0.129868574011616,-52,LRD
iz,.,0,100,0,.,0.35448275862069,Hela_CPD_DS_NA_late_12_NA,HDLC_comb,single,HeLa_S3,CPD,Damage_seq,20J,NA,late,12,_,repair_replication,Sancar,-,19489199,0.181886776681119,-52,LRD
iz,.,0,100,0,.,0.291034482758621,Hela_CPD_DS_NA_late_12_NA,HDLC_comb,single,HeLa_S3,CPD,Damage_seq,20J,NA,late,12,_,repair_replication,Sancar,+,19489199,0.149331166847145,-96,LRD
iz,.,0,100,0,.,0.36551724137931,Hela_CPD_DS_NA_late_12_NA,HDLC_comb,single,HeLa_S3,CPD,Damage_seq,20J,NA,late,12,_,repair_replication,Sancar,-,19489199,0.187548621869637,-96,LRD
iz,.,0,100,0,.,0.257241379310345,Hela_CPD_DS_NA_late_12_NA,HDLC_comb,single,HeLa_S3,CPD,Damage_seq,20J,NA,late,12,_,repair_replication,Sancar,+,19489199,0.13199176595731,-51,LRD
iz,.,0,100,0,.,0.37448275862069,Hela_CPD_DS_NA_late_12_NA,HDLC_comb,single,HeLa_S3,CPD,Damage_seq,20J,NA,late,12,_,repair_replication,Sancar,-,19489199,0.192148871085307,-51,LRD
iz,.,0,100,0,.,0.256551724137931,Hela_CPD_DS_NA_late_12_NA,HDLC_comb,single,HeLa_S3,CPD,Damage_seq,20J,NA,late,12,_,repair_replication,Sancar,+,19489199,0.131637900633028,-50,LRD
iz,.,0,100,0,.,0.339310344827586,Hela_CPD_DS_NA_late_12_NA,HDLC_comb,single,HeLa_S3,CPD,Damage_seq,20J,NA,late,12,_,repair_replication,Sancar,-,19489199,0.174101739546908,-50,LRD
iz,.,0,100,0,.,0.226896551724138,Hela_CPD_DS_NA_late_12_NA,HDLC_comb,single,HeLa_S3,CPD,Damage_seq,20J,NA,late,12,_,repair_replication,Sancar,+,19489199,0.116421691688888,-49,LRD
iz,.,0,100,0,.,0.368275862068966,Hela_CPD_DS_NA_late_12_NA,HDLC_comb,single,HeLa_S3,CPD,Damage_seq,20J,NA,late,12,_,repair_replication,Sancar,-,19489199,0.188964083166766,-49,LRD
iz,.,0,100,0,.,0.371034482758621,Hela_CPD_DS_NA_late_12_NA,HDLC_comb,single,HeLa_S3,CPD,Damage_seq,20J,NA,late,12,_,repair_replication,Sancar,-,19489199,0.190379544463895,-48,LRD
iz,.,0,100,0,.,0.255862068965517,Hela_CPD_DS_NA_late_12_NA,HDLC_comb,single,HeLa_S3,CPD,Damage_seq,20J,NA,late,12,_,repair_replication,Sancar,+,19489199,0.131284035308746,-48,LRD
iz,.,0,100,0,.,0.248275862068966,Hela_CPD_DS_NA_late_12_NA,HDLC_comb,single,HeLa_S3,CPD,Damage_seq,20J,NA,late,12,_,repair_replication,Sancar,+,19489199,0.12739151674164,-47,LRD
iz,.,0,100,0,.,0.370344827586207,Hela_CPD_DS_NA_late_12_NA,HDLC_comb,single,HeLa_S3,CPD,Damage_seq,20J,NA,late,12,_,repair_replication,Sancar,-,19489199,0.190025679139613,-47,LRD
iz,.,0,100,0,.,0.242068965517241,Hela_CPD_DS_NA_late_12_NA,HDLC_comb,single,HeLa_S3,CPD,Damage_seq,20J,NA,late,12,_,repair_replication,Sancar,+,19489199,0.124206728823099,-46,LRD
iz,.,0,100,0,.,0.344827586206897,Hela_CPD_DS_NA_late_12_NA,HDLC_comb,single,HeLa_S3,CPD,Damage_seq,20J,NA,late,12,_,repair_replication,Sancar,-,19489199,0.176932662141167,-46,LRD
iz,.,0,100,0,.,0.241379310344828,Hela_CPD_DS_NA_late_12_NA,HDLC_comb,single,HeLa_S3,CPD,Damage_seq,20J,NA,late,12,_,repair_replication,Sancar,+,19489199,0.123852863498817,-45,LRD
iz,.,0,100,0,.,0.336551724137931,Hela_CPD_DS_NA_late_12_NA,HDLC_comb,single,HeLa_S3,CPD,Damage_seq,20J,NA,late,12,_,repair_replication,Sancar,-,19489199,0.172686278249779,-45,LRD
iz,.,0,100,0,.,0.237241379310345,Hela_CPD_DS_NA_late_12_NA,HDLC_comb,single,HeLa_S3,CPD,Damage_seq,20J,NA,late,12,_,repair_replication,Sancar,+,19489199,0.121729671553123,-44,LRD
iz,.,0,100,0,.,0.384827586206897,Hela_CPD_DS_NA_late_12_NA,HDLC_comb,single,HeLa_S3,CPD,Damage_seq,20J,NA,late,12,_,repair_replication,Sancar,-,19489199,0.197456850949542,-44,LRD
iz,.,0,100,0,.,0.26551724137931,Hela_CPD_DS_NA_late_12_NA,HDLC_comb,single,HeLa_S3,CPD,Damage_seq,20J,NA,late,12,_,repair_replication,Sancar,+,19489199,0.136238149848698,-43,LRD
iz,.,0,100,0,.,0.355862068965517,Hela_CPD_DS_NA_late_12_NA,HDLC_comb,single,HeLa_S3,CPD,Damage_seq,20J,NA,late,12,_,repair_replication,Sancar,-,19489199,0.182594507329684,-43,LRD
iz,.,0,100,0,.,0.253793103448276,Hela_CPD_DS_NA_late_12_NA,HDLC_comb,single,HeLa_S3,CPD,Damage_seq,20J,NA,late,12,_,repair_replication,Sancar,+,19489199,0.130222439335899,-42,LRD
iz,.,0,100,0,.,0.359310344827586,Hela_CPD_DS_NA_late_12_NA,HDLC_comb,single,HeLa_S3,CPD,Damage_seq,20J,NA,late,12,_,repair_replication,Sancar,-,19489199,0.184363833951096,-42,LRD
iz,.,0,100,0,.,0.22551724137931,Hela_CPD_DS_NA_late_12_NA,HDLC_comb,single,HeLa_S3,CPD,Damage_seq,20J,NA,late,12,_,repair_replication,Sancar,+,19489199,0.115713961040323,-95,LRD
iz,.,0,100,0,.,0.32551724137931,Hela_CPD_DS_NA_late_12_NA,HDLC_comb,single,HeLa_S3,CPD,Damage_seq,20J,NA,late,12,_,repair_replication,Sancar,-,19489199,0.167024433061261,-95,LRD
iz,.,0,100,0,.,0.35448275862069,Hela_CPD_DS_NA_late_12_NA,HDLC_comb,single,HeLa_S3,CPD,Damage_seq,20J,NA,late,12,_,repair_replication,Sancar,-,19489199,0.181886776681119,-41,LRD
iz,.,0,100,0,.,0.296551724137931,Hela_CPD_DS_NA_late_12_NA,HDLC_comb,single,HeLa_S3,CPD,Damage_seq,20J,NA,late,12,_,repair_replication,Sancar,+,19489199,0.152162089441403,-41,LRD
iz,.,0,100,0,.,0.277241379310345,Hela_CPD_DS_NA_late_12_NA,HDLC_comb,single,HeLa_S3,CPD,Damage_seq,20J,NA,late,12,_,repair_replication,Sancar,+,19489199,0.142253860361498,-40,LRD
iz,.,0,100,0,.,0.35448275862069,Hela_CPD_DS_NA_late_12_NA,HDLC_comb,single,HeLa_S3,CPD,Damage_seq,20J,NA,late,12,_,repair_replication,Sancar,-,19489199,0.181886776681119,-40,LRD
iz,.,0,100,0,.,0.235862068965517,Hela_CPD_DS_NA_late_12_NA,HDLC_comb,single,HeLa_S3,CPD,Damage_seq,20J,NA,late,12,_,repair_replication,Sancar,+,19489199,0.121021940904558,-39,LRD
iz,.,0,100,0,.,0.377931034482759,Hela_CPD_DS_NA_late_12_NA,HDLC_comb,single,HeLa_S3,CPD,Damage_seq,20J,NA,late,12,_,repair_replication,Sancar,-,19489199,0.193918197706719,-39,LRD
iz,.,0,100,0,.,0.266206896551724,Hela_CPD_DS_NA_late_12_NA,HDLC_comb,single,HeLa_S3,CPD,Damage_seq,20J,NA,late,12,_,repair_replication,Sancar,+,19489199,0.136592015172981,-38,LRD
iz,.,0,100,0,.,0.373793103448276,Hela_CPD_DS_NA_late_12_NA,HDLC_comb,single,HeLa_S3,CPD,Damage_seq,20J,NA,late,12,_,repair_replication,Sancar,-,19489199,0.191795005761025,-38,LRD
iz,.,0,100,0,.,0.273103448275862,Hela_CPD_DS_NA_late_12_NA,HDLC_comb,single,HeLa_S3,CPD,Damage_seq,20J,NA,late,12,_,repair_replication,Sancar,+,19489199,0.140130668415804,-37,LRD
iz,.,0,100,0,.,0.366206896551724,Hela_CPD_DS_NA_late_12_NA,HDLC_comb,single,HeLa_S3,CPD,Damage_seq,20J,NA,late,12,_,repair_replication,Sancar,-,19489199,0.187902487193919,-37,LRD
iz,.,0,100,0,.,0.259310344827586,Hela_CPD_DS_NA_late_12_NA,HDLC_comb,single,HeLa_S3,CPD,Damage_seq,20J,NA,late,12,_,repair_replication,Sancar,+,19489199,0.133053361930157,-36,LRD
iz,.,0,100,0,.,0.34551724137931,Hela_CPD_DS_NA_late_12_NA,HDLC_comb,single,HeLa_S3,CPD,Damage_seq,20J,NA,late,12,_,repair_replication,Sancar,-,19489199,0.177286527465449,-36,LRD
iz,.,0,100,0,.,0.250344827586207,Hela_CPD_DS_NA_late_12_NA,HDLC_comb,single,HeLa_S3,CPD,Damage_seq,20J,NA,late,12,_,repair_replication,Sancar,+,19489199,0.128453112714487,-35,LRD
iz,.,0,100,0,.,0.375862068965517,Hela_CPD_DS_NA_late_12_NA,HDLC_comb,single,HeLa_S3,CPD,Damage_seq,20J,NA,late,12,_,repair_replication,Sancar,-,19489199,0.192856601733872,-35,LRD
iz,.,0,100,0,.,0.275172413793103,Hela_CPD_DS_NA_late_12_NA,HDLC_comb,single,HeLa_S3,CPD,Damage_seq,20J,NA,late,12,_,repair_replication,Sancar,+,19489199,0.141192264388651,-34,LRD
iz,.,0,100,0,.,0.366896551724138,Hela_CPD_DS_NA_late_12_NA,HDLC_comb,single,HeLa_S3,CPD,Damage_seq,20J,NA,late,12,_,repair_replication,Sancar,-,19489199,0.188256352518201,-34,LRD
iz,.,0,100,0,.,0.261379310344828,Hela_CPD_DS_NA_late_12_NA,HDLC_comb,single,HeLa_S3,CPD,Damage_seq,20J,NA,late,12,_,repair_replication,Sancar,+,19489199,0.134114957903004,-33,LRD
iz,.,0,100,0,.,0.337241379310345,Hela_CPD_DS_NA_late_12_NA,HDLC_comb,single,HeLa_S3,CPD,Damage_seq,20J,NA,late,12,_,repair_replication,Sancar,-,19489199,0.173040143574061,-33,LRD
iz,.,0,100,0,.,0.343448275862069,Hela_CPD_DS_NA_late_12_NA,HDLC_comb,single,HeLa_S3,CPD,Damage_seq,20J,NA,late,12,_,repair_replication,Sancar,-,19489199,0.176224931492602,-32,LRD
iz,.,0,100,0,.,0.28551724137931,Hela_CPD_DS_NA_late_12_NA,HDLC_comb,single,HeLa_S3,CPD,Damage_seq,20J,NA,late,12,_,repair_replication,Sancar,+,19489199,0.146500244252886,-32,LRD
iz,.,0,100,0,.,0.242758620689655,Hela_CPD_DS_NA_late_12_NA,HDLC_comb,single,HeLa_S3,CPD,Damage_seq,20J,NA,late,12,_,repair_replication,Sancar,+,19489199,0.124560594147381,-94,LRD
iz,.,0,100,0,.,0.319310344827586,Hela_CPD_DS_NA_late_12_NA,HDLC_comb,single,HeLa_S3,CPD,Damage_seq,20J,NA,late,12,_,repair_replication,Sancar,-,19489199,0.16383964514272,-94,LRD
iz,.,0,100,0,.,0.255862068965517,Hela_CPD_DS_NA_late_12_NA,HDLC_comb,single,HeLa_S3,CPD,Damage_seq,20J,NA,late,12,_,repair_replication,Sancar,+,19489199,0.131284035308746,-31,LRD
iz,.,0,100,0,.,0.350344827586207,Hela_CPD_DS_NA_late_12_NA,HDLC_comb,single,HeLa_S3,CPD,Damage_seq,20J,NA,late,12,_,repair_replication,Sancar,-,19489199,0.179763584735425,-31,LRD
iz,.,0,100,0,.,0.269655172413793,Hela_CPD_DS_NA_late_12_NA,HDLC_comb,single,HeLa_S3,CPD,Damage_seq,20J,NA,late,12,_,repair_replication,Sancar,+,19489199,0.138361341794392,-30,LRD
iz,.,0,100,0,.,0.370344827586207,Hela_CPD_DS_NA_late_12_NA,HDLC_comb,single,HeLa_S3,CPD,Damage_seq,20J,NA,late,12,_,repair_replication,Sancar,-,19489199,0.190025679139613,-30,LRD
iz,.,0,100,0,.,0.287586206896552,Hela_CPD_DS_NA_late_12_NA,HDLC_comb,single,HeLa_S3,CPD,Damage_seq,20J,NA,late,12,_,repair_replication,Sancar,+,19489199,0.147561840225733,-29,LRD
iz,.,0,100,0,.,0.346896551724138,Hela_CPD_DS_NA_late_12_NA,HDLC_comb,single,HeLa_S3,CPD,Damage_seq,20J,NA,late,12,_,repair_replication,Sancar,-,19489199,0.177994258114014,-29,LRD
iz,.,0,100,0,.,0.264137931034483,Hela_CPD_DS_NA_late_12_NA,HDLC_comb,single,HeLa_S3,CPD,Damage_seq,20J,NA,late,12,_,repair_replication,Sancar,+,19489199,0.135530419200134,-28,LRD
iz,.,0,100,0,.,0.343448275862069,Hela_CPD_DS_NA_late_12_NA,HDLC_comb,single,HeLa_S3,CPD,Damage_seq,20J,NA,late,12,_,repair_replication,Sancar,-,19489199,0.176224931492602,-28,LRD
iz,.,0,100,0,.,0.266206896551724,Hela_CPD_DS_NA_late_12_NA,HDLC_comb,single,HeLa_S3,CPD,Damage_seq,20J,NA,late,12,_,repair_replication,Sancar,+,19489199,0.136592015172981,-27,LRD
iz,.,0,100,0,.,0.318620689655172,Hela_CPD_DS_NA_late_12_NA,HDLC_comb,single,HeLa_S3,CPD,Damage_seq,20J,NA,late,12,_,repair_replication,Sancar,-,19489199,0.163485779818438,-27,LRD
iz,.,0,100,0,.,0.255172413793103,Hela_CPD_DS_NA_late_12_NA,HDLC_comb,single,HeLa_S3,CPD,Damage_seq,20J,NA,late,12,_,repair_replication,Sancar,+,19489199,0.130930169984463,-26,LRD
iz,.,0,100,0,.,0.367586206896552,Hela_CPD_DS_NA_late_12_NA,HDLC_comb,single,HeLa_S3,CPD,Damage_seq,20J,NA,late,12,_,repair_replication,Sancar,-,19489199,0.188610217842484,-26,LRD
iz,.,0,100,0,.,0.236551724137931,Hela_CPD_DS_NA_late_12_NA,HDLC_comb,single,HeLa_S3,CPD,Damage_seq,20J,NA,late,12,_,repair_replication,Sancar,+,19489199,0.12137580622884,-25,LRD
iz,.,0,100,0,.,0.367586206896552,Hela_CPD_DS_NA_late_12_NA,HDLC_comb,single,HeLa_S3,CPD,Damage_seq,20J,NA,late,12,_,repair_replication,Sancar,-,19489199,0.188610217842484,-25,LRD
iz,.,0,100,0,.,0.355862068965517,Hela_CPD_DS_NA_late_12_NA,HDLC_comb,single,HeLa_S3,CPD,Damage_seq,20J,NA,late,12,_,repair_replication,Sancar,-,19489199,0.182594507329684,-24,LRD
iz,.,0,100,0,.,0.240689655172414,Hela_CPD_DS_NA_late_12_NA,HDLC_comb,single,HeLa_S3,CPD,Damage_seq,20J,NA,late,12,_,repair_replication,Sancar,+,19489199,0.123498998174534,-24,LRD
iz,.,0,100,0,.,0.360689655172414,Hela_CPD_DS_NA_late_12_NA,HDLC_comb,single,HeLa_S3,CPD,Damage_seq,20J,NA,late,12,_,repair_replication,Sancar,-,19489199,0.18507156459966,-23,LRD
iz,.,0,100,0,.,0.291724137931034,Hela_CPD_DS_NA_late_12_NA,HDLC_comb,single,HeLa_S3,CPD,Damage_seq,20J,NA,late,12,_,repair_replication,Sancar,+,19489199,0.149685032171427,-23,LRD
iz,.,0,100,0,.,0.264827586206897,Hela_CPD_DS_NA_late_12_NA,HDLC_comb,single,HeLa_S3,CPD,Damage_seq,20J,NA,late,12,_,repair_replication,Sancar,+,19489199,0.135884284524416,-22,LRD
iz,.,0,100,0,.,0.329655172413793,Hela_CPD_DS_NA_late_12_NA,HDLC_comb,single,HeLa_S3,CPD,Damage_seq,20J,NA,late,12,_,repair_replication,Sancar,-,19489199,0.169147625006955,-22,LRD
iz,.,0,100,0,.,0.233103448275862,Hela_CPD_DS_NA_late_12_NA,HDLC_comb,single,HeLa_S3,CPD,Damage_seq,20J,NA,late,12,_,repair_replication,Sancar,+,19489199,0.119606479607429,-93,LRD
iz,.,0,100,0,.,0.359310344827586,Hela_CPD_DS_NA_late_12_NA,HDLC_comb,single,HeLa_S3,CPD,Damage_seq,20J,NA,late,12,_,repair_replication,Sancar,-,19489199,0.184363833951096,-93,LRD
iz,.,0,100,0,.,0.318620689655172,Hela_CPD_DS_NA_late_12_NA,HDLC_comb,single,HeLa_S3,CPD,Damage_seq,20J,NA,late,12,_,repair_replication,Sancar,-,19489199,0.163485779818438,-21,LRD
iz,.,0,100,0,.,0.293793103448276,Hela_CPD_DS_NA_late_12_NA,HDLC_comb,single,HeLa_S3,CPD,Damage_seq,20J,NA,late,12,_,repair_replication,Sancar,+,19489199,0.150746628144274,-21,LRD
iz,.,0,100,0,.,0.253793103448276,Hela_CPD_DS_NA_late_12_NA,HDLC_comb,single,HeLa_S3,CPD,Damage_seq,20J,NA,late,12,_,repair_replication,Sancar,+,19489199,0.130222439335899,-20,LRD
iz,.,0,100,0,.,0.307586206896552,Hela_CPD_DS_NA_late_12_NA,HDLC_comb,single,HeLa_S3,CPD,Damage_seq,20J,NA,late,12,_,repair_replication,Sancar,-,19489199,0.157823934629921,-20,LRD
iz,.,0,100,0,.,0.311034482758621,Hela_CPD_DS_NA_late_12_NA,HDLC_comb,single,HeLa_S3,CPD,Damage_seq,20J,NA,late,12,_,repair_replication,Sancar,-,19489199,0.159593261251332,-19,LRD
iz,.,0,100,0,.,0.26551724137931,Hela_CPD_DS_NA_late_12_NA,HDLC_comb,single,HeLa_S3,CPD,Damage_seq,20J,NA,late,12,_,repair_replication,Sancar,+,19489199,0.136238149848698,-19,LRD
iz,.,0,100,0,.,0.332413793103448,Hela_CPD_DS_NA_late_12_NA,HDLC_comb,single,HeLa_S3,CPD,Damage_seq,20J,NA,late,12,_,repair_replication,Sancar,-,19489199,0.170563086304085,-18,LRD
iz,.,0,100,0,.,0.284137931034483,Hela_CPD_DS_NA_late_12_NA,HDLC_comb,single,HeLa_S3,CPD,Damage_seq,20J,NA,late,12,_,repair_replication,Sancar,+,19489199,0.145792513604321,-18,LRD
iz,.,0,100,0,.,0.337241379310345,Hela_CPD_DS_NA_late_12_NA,HDLC_comb,single,HeLa_S3,CPD,Damage_seq,20J,NA,late,12,_,repair_replication,Sancar,-,19489199,0.173040143574061,-17,LRD
iz,.,0,100,0,.,0.243448275862069,Hela_CPD_DS_NA_late_12_NA,HDLC_comb,single,HeLa_S3,CPD,Damage_seq,20J,NA,late,12,_,repair_replication,Sancar,+,19489199,0.124914459471664,-17,LRD
iz,.,0,100,0,.,0.275862068965517,Hela_CPD_DS_NA_late_12_NA,HDLC_comb,single,HeLa_S3,CPD,Damage_seq,20J,NA,late,12,_,repair_replication,Sancar,+,19489199,0.141546129712933,-16,LRD
iz,.,0,100,0,.,0.33448275862069,Hela_CPD_DS_NA_late_12_NA,HDLC_comb,single,HeLa_S3,CPD,Damage_seq,20J,NA,late,12,_,repair_replication,Sancar,-,19489199,0.171624682276932,-16,LRD
iz,.,0,100,0,.,0.257931034482759,Hela_CPD_DS_NA_late_12_NA,HDLC_comb,single,HeLa_S3,CPD,Damage_seq,20J,NA,late,12,_,repair_replication,Sancar,+,19489199,0.132345631281593,-15,LRD
iz,.,0,100,0,.,0.312413793103448,Hela_CPD_DS_NA_late_12_NA,HDLC_comb,single,HeLa_S3,CPD,Damage_seq,20J,NA,late,12,_,repair_replication,Sancar,-,19489199,0.160300991899897,-15,LRD
iz,.,0,100,0,.,0.232413793103448,Hela_CPD_DS_NA_late_12_NA,HDLC_comb,single,HeLa_S3,CPD,Damage_seq,20J,NA,late,12,_,repair_replication,Sancar,+,19489199,0.119252614283146,-14,LRD
iz,.,0,100,0,.,0.348965517241379,Hela_CPD_DS_NA_late_12_NA,HDLC_comb,single,HeLa_S3,CPD,Damage_seq,20J,NA,late,12,_,repair_replication,Sancar,-,19489199,0.179055854086861,-14,LRD
iz,.,0,100,0,.,0.229655172413793,Hela_CPD_DS_NA_late_12_NA,HDLC_comb,single,HeLa_S3,CPD,Damage_seq,20J,NA,late,12,_,repair_replication,Sancar,+,19489199,0.117837152986017,-13,LRD
iz,.,0,100,0,.,0.328275862068966,Hela_CPD_DS_NA_late_12_NA,HDLC_comb,single,HeLa_S3,CPD,Damage_seq,20J,NA,late,12,_,repair_replication,Sancar,-,19489199,0.168439894358391,-13,LRD
iz,.,0,100,0,.,0.273793103448276,Hela_CPD_DS_NA_late_12_NA,HDLC_comb,single,HeLa_S3,CPD,Damage_seq,20J,NA,late,12,_,repair_replication,Sancar,+,19489199,0.140484533740086,-12,LRD
iz,.,0,100,0,.,0.323448275862069,Hela_CPD_DS_NA_late_12_NA,HDLC_comb,single,HeLa_S3,CPD,Damage_seq,20J,NA,late,12,_,repair_replication,Sancar,-,19489199,0.165962837088414,-12,LRD
iz,.,0,100,0,.,0.368275862068966,Hela_CPD_DS_NA_late_12_NA,HDLC_comb,single,HeLa_S3,CPD,Damage_seq,20J,NA,late,12,_,repair_replication,Sancar,-,19489199,0.188964083166766,-92,LRD
iz,.,0,100,0,.,0.249655172413793,Hela_CPD_DS_NA_late_12_NA,HDLC_comb,single,HeLa_S3,CPD,Damage_seq,20J,NA,late,12,_,repair_replication,Sancar,+,19489199,0.128099247390205,-92,LRD
iz,.,0,100,0,.,0.26551724137931,Hela_CPD_DS_NA_late_12_NA,HDLC_comb,single,HeLa_S3,CPD,Damage_seq,20J,NA,late,12,_,repair_replication,Sancar,+,19489199,0.136238149848698,-11,LRD
iz,.,0,100,0,.,0.317241379310345,Hela_CPD_DS_NA_late_12_NA,HDLC_comb,single,HeLa_S3,CPD,Damage_seq,20J,NA,late,12,_,repair_replication,Sancar,-,19489199,0.162778049169873,-11,LRD
iz,.,0,100,0,.,0.264137931034483,Hela_CPD_DS_NA_late_12_NA,HDLC_comb,single,HeLa_S3,CPD,Damage_seq,20J,NA,late,12,_,repair_replication,Sancar,+,19489199,0.135530419200134,-10,LRD
iz,.,0,100,0,.,0.326896551724138,Hela_CPD_DS_NA_late_12_NA,HDLC_comb,single,HeLa_S3,CPD,Damage_seq,20J,NA,late,12,_,repair_replication,Sancar,-,19489199,0.167732163709826,-10,LRD
iz,.,0,100,0,.,0.357241379310345,Hela_CPD_DS_NA_late_12_NA,HDLC_comb,single,HeLa_S3,CPD,Damage_seq,20J,NA,late,12,_,repair_replication,Sancar,-,19489199,0.183302237978249,-9,LRD
iz,.,0,100,0,.,0.246206896551724,Hela_CPD_DS_NA_late_12_NA,HDLC_comb,single,HeLa_S3,CPD,Damage_seq,20J,NA,late,12,_,repair_replication,Sancar,+,19489199,0.126329920768793,-9,LRD
iz,.,0,100,0,.,0.30551724137931,Hela_CPD_DS_NA_late_12_NA,HDLC_comb,single,HeLa_S3,CPD,Damage_seq,20J,NA,late,12,_,repair_replication,Sancar,-,19489199,0.156762338657074,-8,LRD
iz,.,0,100,0,.,0.240689655172414,Hela_CPD_DS_NA_late_12_NA,HDLC_comb,single,HeLa_S3,CPD,Damage_seq,20J,NA,late,12,_,repair_replication,Sancar,+,19489199,0.123498998174534,-8,LRD
iz,.,0,100,0,.,0.264827586206897,Hela_CPD_DS_NA_late_12_NA,HDLC_comb,single,HeLa_S3,CPD,Damage_seq,20J,NA,late,12,_,repair_replication,Sancar,+,19489199,0.135884284524416,-7,LRD
iz,.,0,100,0,.,0.315862068965517,Hela_CPD_DS_NA_late_12_NA,HDLC_comb,single,HeLa_S3,CPD,Damage_seq,20J,NA,late,12,_,repair_replication,Sancar,-,19489199,0.162070318521309,-7,LRD
iz,.,0,100,0,.,0.276551724137931,Hela_CPD_DS_NA_late_12_NA,HDLC_comb,single,HeLa_S3,CPD,Damage_seq,20J,NA,late,12,_,repair_replication,Sancar,+,19489199,0.141899995037216,-6,LRD
iz,.,0,100,0,.,0.304827586206897,Hela_CPD_DS_NA_late_12_NA,HDLC_comb,single,HeLa_S3,CPD,Damage_seq,20J,NA,late,12,_,repair_replication,Sancar,-,19489199,0.156408473332791,-6,LRD
iz,.,0,100,0,.,0.297241379310345,Hela_CPD_DS_NA_late_12_NA,HDLC_comb,single,HeLa_S3,CPD,Damage_seq,20J,NA,late,12,_,repair_replication,Sancar,+,19489199,0.152515954765686,-5,LRD
iz,.,0,100,0,.,0.31448275862069,Hela_CPD_DS_NA_late_12_NA,HDLC_comb,single,HeLa_S3,CPD,Damage_seq,20J,NA,late,12,_,repair_replication,Sancar,-,19489199,0.161362587872744,-5,LRD
iz,.,0,100,0,.,0.269655172413793,Hela_CPD_DS_NA_late_12_NA,HDLC_comb,single,HeLa_S3,CPD,Damage_seq,20J,NA,late,12,_,repair_replication,Sancar,+,19489199,0.138361341794392,-4,LRD
iz,.,0,100,0,.,0.32,Hela_CPD_DS_NA_late_12_NA,HDLC_comb,single,HeLa_S3,CPD,Damage_seq,20J,NA,late,12,_,repair_replication,Sancar,-,19489199,0.164193510467003,-4,LRD
iz,.,0,100,0,.,0.241379310344828,Hela_CPD_DS_NA_late_12_NA,HDLC_comb,single,HeLa_S3,CPD,Damage_seq,20J,NA,late,12,_,repair_replication,Sancar,+,19489199,0.123852863498817,-3,LRD
iz,.,0,100,0,.,0.303448275862069,Hela_CPD_DS_NA_late_12_NA,HDLC_comb,single,HeLa_S3,CPD,Damage_seq,20J,NA,late,12,_,repair_replication,Sancar,-,19489199,0.155700742684227,-3,LRD
iz,.,0,100,0,.,0.270344827586207,Hela_CPD_DS_NA_late_12_NA,HDLC_comb,single,HeLa_S3,CPD,Damage_seq,20J,NA,late,12,_,repair_replication,Sancar,+,19489199,0.138715207118675,-2,LRD
iz,.,0,100,0,.,0.31448275862069,Hela_CPD_DS_NA_late_12_NA,HDLC_comb,single,HeLa_S3,CPD,Damage_seq,20J,NA,late,12,_,repair_replication,Sancar,-,19489199,0.161362587872744,-2,LRD
