repdomains,log2val,sample_strand,direction,windows
ERD,-0.226021114349535,-,Left Replicating,-1
ERD,-0.0748617194044094,+,Left Replicating,-1
LRD,-0.122296879331329,-,Left Replicating,-1
LRD,-0.103135601090291,+,Left Replicating,-1
ERD,-0.220408429206536,-,Left Replicating,-10
ERD,-0.233859919076901,+,Left Replicating,-10
LRD,-0.31280256562033,-,Left Replicating,-10
LRD,-0.107557798252286,+,Left Replicating,-10
ERD,-0.256008053313991,-,Left Replicating,-100
ERD,-0.13420613192534,+,Left Replicating,-100
LRD,-0.591353303610093,-,Left Replicating,-100
LRD,-0.00208127035143229,+,Left Replicating,-100
ERD,-0.132086734863882,-,Left Replicating,-11
ERD,-0.184166777984777,+,Left Replicating,-11
LRD,-0.320858169830875,-,Left Replicating,-11
LRD,-0.127681895032931,+,Left Replicating,-11
ERD,-0.275996732511886,-,Left Replicating,-12
ERD,-0.326619867128419,+,Left Replicating,-12
LRD,-0.155643165759453,-,Left Replicating,-12
LRD,-0.166716357831621,+,Left Replicating,-12
ERD,-0.219423784051734,-,Left Replicating,-13
ERD,-0.22098599101815,+,Left Replicating,-13
LRD,-0.337215006481962,-,Left Replicating,-13
LRD,0.00316089760472521,+,Left Replicating,-13
ERD,-0.194736032247803,-,Left Replicating,-14
ERD,-0.239907618276393,+,Left Replicating,-14
LRD,-0.360250768353862,-,Left Replicating,-14
LRD,0.0328447436638972,+,Left Replicating,-14
ERD,-0.294840001885745,-,Left Replicating,-15
ERD,-0.153263333872307,+,Left Replicating,-15
LRD,-0.372545686046212,-,Left Replicating,-15
LRD,-0.0356552607196638,+,Left Replicating,-15
ERD,-0.204563985622139,-,Left Replicating,-16
ERD,-0.229481291874892,+,Left Replicating,-16
LRD,-0.427796652625848,-,Left Replicating,-16
LRD,0.0423608591899976,+,Left Replicating,-16
ERD,-0.0903547666252275,-,Left Replicating,-17
ERD,-0.270205270178651,+,Left Replicating,-17
LRD,-0.31535447711322,-,Left Replicating,-17
LRD,-0.183320583646388,+,Left Replicating,-17
ERD,-0.329287155886099,-,Left Replicating,-18
ERD,-0.242076209093834,+,Left Replicating,-18
LRD,-0.264332943982912,-,Left Replicating,-18
LRD,-0.278108888563718,+,Left Replicating,-18
ERD,-0.329627349328871,-,Left Replicating,-19
ERD,-0.154562999982677,+,Left Replicating,-19
LRD,-0.312481788279327,-,Left Replicating,-19
LRD,-0.0083325896092928,+,Left Replicating,-19
ERD,-0.267644225722722,-,Left Replicating,-2
ERD,-0.368982459792625,+,Left Replicating,-2
LRD,-0.169932237853766,-,Left Replicating,-2
LRD,-0.104532997595422,+,Left Replicating,-2
ERD,-0.13340010671509,-,Left Replicating,-20
ERD,-0.243459387293905,+,Left Replicating,-20
LRD,-0.369036224002283,-,Left Replicating,-20
LRD,-0.225358682966233,+,Left Replicating,-20
ERD,-0.149742103717216,-,Left Replicating,-21
ERD,-0.262578800536552,+,Left Replicating,-21
LRD,-0.364446453273587,-,Left Replicating,-21
LRD,-0.100974234437774,+,Left Replicating,-21
ERD,-0.140491602620269,-,Left Replicating,-22
ERD,-0.256630217037673,+,Left Replicating,-22
LRD,-0.349422468540894,-,Left Replicating,-22
LRD,-0.0718948172149405,+,Left Replicating,-22
ERD,-0.267576671703555,-,Left Replicating,-23
ERD,-0.147619410490852,+,Left Replicating,-23
LRD,-0.343179399446024,-,Left Replicating,-23
LRD,-0.14680771834771,+,Left Replicating,-23
ERD,-0.272644123736414,-,Left Replicating,-24
ERD,-0.172984900301378,+,Left Replicating,-24
LRD,-0.293455460059293,-,Left Replicating,-24
LRD,0.026709045161478,+,Left Replicating,-24
ERD,-0.271084621550582,-,Left Replicating,-25
ERD,-0.227699653483884,+,Left Replicating,-25
LRD,-0.359972166542874,-,Left Replicating,-25
LRD,-0.0227929003691003,+,Left Replicating,-25
ERD,-0.170051367476862,-,Left Replicating,-26
ERD,-0.200546306489146,+,Left Replicating,-26
LRD,-0.341150670919024,-,Left Replicating,-26
LRD,-0.130324389556381,+,Left Replicating,-26
ERD,-0.24149860668024,-,Left Replicating,-27
ERD,-0.203918129654739,+,Left Replicating,-27
LRD,-0.360945633368198,-,Left Replicating,-27
LRD,-0.0925826227176441,+,Left Replicating,-27
ERD,-0.170322392130232,-,Left Replicating,-28
ERD,-0.113044457564161,+,Left Replicating,-28
LRD,-0.289804206215014,-,Left Replicating,-28
LRD,-0.107662224185858,+,Left Replicating,-28
ERD,-0.264524847716757,-,Left Replicating,-29
ERD,-0.114067495228822,+,Left Replicating,-29
LRD,-0.359304318169636,-,Left Replicating,-29
LRD,0.0387907291083769,+,Left Replicating,-29
ERD,-0.124490186116428,-,Left Replicating,-3
ERD,-0.236311781236338,+,Left Replicating,-3
LRD,-0.248637653605495,-,Left Replicating,-3
LRD,-0.041300681926632,+,Left Replicating,-3
ERD,-0.229005262239505,-,Left Replicating,-30
ERD,-0.0679212889884659,+,Left Replicating,-30
LRD,-0.413649101676602,-,Left Replicating,-30
LRD,-0.105522975109442,+,Left Replicating,-30
ERD,-0.31515571856146,-,Left Replicating,-31
ERD,-0.235241478758349,+,Left Replicating,-31
LRD,-0.334161107968071,-,Left Replicating,-31
LRD,-0.107502346795798,+,Left Replicating,-31
ERD,-0.293276789287847,-,Left Replicating,-32
ERD,-0.264929162098029,+,Left Replicating,-32
LRD,-0.389026098566547,-,Left Replicating,-32
LRD,-0.00737339693754744,+,Left Replicating,-32
ERD,-0.357625840315603,-,Left Replicating,-33
ERD,-0.195071327420461,+,Left Replicating,-33
LRD,-0.483144369885532,-,Left Replicating,-33
LRD,-0.0559303171185933,+,Left Replicating,-33
ERD,-0.281689132002324,-,Left Replicating,-34
ERD,-0.151043717817176,+,Left Replicating,-34
LRD,-0.445846008351059,-,Left Replicating,-34
LRD,-0.118152015411014,+,Left Replicating,-34
ERD,-0.257635891786307,-,Left Replicating,-35
ERD,-0.195037525524436,+,Left Replicating,-35
LRD,-0.426496862080899,-,Left Replicating,-35
LRD,0.0421816632747211,+,Left Replicating,-35
ERD,-0.23892612885917,-,Left Replicating,-36
ERD,-0.262812234540506,+,Left Replicating,-36
LRD,-0.412464543708922,-,Left Replicating,-36
LRD,-0.0637060676713664,+,Left Replicating,-36
ERD,-0.202068305474744,-,Left Replicating,-37
ERD,-0.119485561342995,+,Left Replicating,-37
LRD,-0.399078530123803,-,Left Replicating,-37
LRD,0.0953134509079451,+,Left Replicating,-37
ERD,-0.069588670286501,-,Left Replicating,-38
ERD,-0.208874787411722,+,Left Replicating,-38
LRD,-0.434828586335265,-,Left Replicating,-38
LRD,0.0274334409326104,+,Left Replicating,-38
ERD,-0.239277182438452,-,Left Replicating,-39
ERD,-0.119212893164586,+,Left Replicating,-39
LRD,-0.513845016211208,-,Left Replicating,-39
LRD,0.0435765926865488,+,Left Replicating,-39
ERD,-0.145725616281575,-,Left Replicating,-4
ERD,-0.178295494137608,+,Left Replicating,-4
LRD,-0.221398208412466,-,Left Replicating,-4
LRD,-0.175094398625842,+,Left Replicating,-4
ERD,-0.253155273701549,-,Left Replicating,-40
ERD,-0.0704054131295942,+,Left Replicating,-40
LRD,-0.638325478244422,-,Left Replicating,-40
LRD,-0.11234057636386,+,Left Replicating,-40
ERD,-0.106842706817875,-,Left Replicating,-41
ERD,-0.189064682507312,+,Left Replicating,-41
LRD,-0.364761219741165,-,Left Replicating,-41
LRD,-0.137050374821335,+,Left Replicating,-41
ERD,-0.314624554765441,-,Left Replicating,-42
ERD,-0.170014402819917,+,Left Replicating,-42
LRD,-0.518021462377819,-,Left Replicating,-42
LRD,-0.118745943302955,+,Left Replicating,-42
ERD,-0.190647763312716,-,Left Replicating,-43
ERD,-0.165066457568364,+,Left Replicating,-43
LRD,-0.536909450912404,-,Left Replicating,-43
LRD,-0.100377455082824,+,Left Replicating,-43
ERD,-0.287906506459178,-,Left Replicating,-44
ERD,-0.16637821664155,+,Left Replicating,-44
LRD,-0.332843741545433,-,Left Replicating,-44
LRD,-0.117676537500377,+,Left Replicating,-44
ERD,-0.286597074815594,-,Left Replicating,-45
ERD,-0.160438614602197,+,Left Replicating,-45
LRD,-0.508323994318368,-,Left Replicating,-45
LRD,-0.00288054427970664,+,Left Replicating,-45
ERD,-0.265341754828423,-,Left Replicating,-46
ERD,-0.212973595279651,+,Left Replicating,-46
LRD,-0.531146939563667,-,Left Replicating,-46
LRD,-0.217343318509783,+,Left Replicating,-46
ERD,-0.289264269432244,-,Left Replicating,-47
ERD,-0.0889703493515185,+,Left Replicating,-47
LRD,-0.578801962722216,-,Left Replicating,-47
LRD,-0.0104477792868586,+,Left Replicating,-47
ERD,-0.340959394331853,-,Left Replicating,-48
ERD,-0.185571847532873,+,Left Replicating,-48
LRD,-0.551131466706169,-,Left Replicating,-48
LRD,-0.194727045222397,+,Left Replicating,-48
ERD,-0.225571152044728,-,Left Replicating,-49
ERD,-0.213207262346262,+,Left Replicating,-49
LRD,-0.350079129968028,-,Left Replicating,-49
LRD,-0.123823817762786,+,Left Replicating,-49
ERD,-0.168536499284749,-,Left Replicating,-5
ERD,-0.244998957089404,+,Left Replicating,-5
LRD,-0.192003143398493,-,Left Replicating,-5
LRD,-0.125243132677391,+,Left Replicating,-5
ERD,-0.270721389231861,-,Left Replicating,-50
ERD,-0.148200098444967,+,Left Replicating,-50
LRD,-0.228526245356806,-,Left Replicating,-50
LRD,-0.0297030343684515,+,Left Replicating,-50
ERD,-0.0756037537784995,-,Left Replicating,-51
ERD,-0.192578827640301,+,Left Replicating,-51
LRD,-0.543411551389775,-,Left Replicating,-51
LRD,-0.214605008009252,+,Left Replicating,-51
ERD,-0.0885631660211588,-,Left Replicating,-52
ERD,-0.0470499889438002,+,Left Replicating,-52
LRD,-0.338946592117472,-,Left Replicating,-52
LRD,-0.0723251784088609,+,Left Replicating,-52
ERD,-0.303059368916408,-,Left Replicating,-53
ERD,-0.142584182834263,+,Left Replicating,-53
LRD,-0.462174310520349,-,Left Replicating,-53
LRD,-0.0565324478061651,+,Left Replicating,-53
ERD,-0.160185891307814,-,Left Replicating,-54
ERD,-0.181130831836627,+,Left Replicating,-54
LRD,-0.31838437531562,-,Left Replicating,-54
LRD,-0.114320932163475,+,Left Replicating,-54
ERD,-0.238607928258534,-,Left Replicating,-55
ERD,-0.107329814116959,+,Left Replicating,-55
LRD,-0.380354157740958,-,Left Replicating,-55
LRD,-0.145398128866857,+,Left Replicating,-55
ERD,-0.158818889536197,-,Left Replicating,-56
ERD,-0.163615469529332,+,Left Replicating,-56
LRD,-0.452877561150364,-,Left Replicating,-56
LRD,-0.237812336379918,+,Left Replicating,-56
ERD,-0.229316318290551,-,Left Replicating,-57
ERD,-0.181567212170213,+,Left Replicating,-57
LRD,-0.360208486849296,-,Left Replicating,-57
LRD,-0.0437104988944698,+,Left Replicating,-57
ERD,-0.052759301309189,-,Left Replicating,-58
ERD,-0.156935868337214,+,Left Replicating,-58
LRD,-0.447473697729209,-,Left Replicating,-58
LRD,-0.137923650400476,+,Left Replicating,-58
ERD,-0.170238770500954,-,Left Replicating,-59
ERD,-0.118885566832883,+,Left Replicating,-59
LRD,-0.530976300446681,-,Left Replicating,-59
LRD,-0.0136744873400263,+,Left Replicating,-59
ERD,-0.0148540520041794,-,Left Replicating,-6
ERD,-0.186979082925751,+,Left Replicating,-6
LRD,-0.123441438400584,-,Left Replicating,-6
LRD,-0.204688437596526,+,Left Replicating,-6
ERD,-0.261061402610898,-,Left Replicating,-60
ERD,-0.0876771546071517,+,Left Replicating,-60
LRD,-0.411815706875095,-,Left Replicating,-60
LRD,-0.293889371182331,+,Left Replicating,-60
ERD,-0.227672748778859,-,Left Replicating,-61
ERD,-0.282072810886101,+,Left Replicating,-61
LRD,-0.401844763610443,-,Left Replicating,-61
LRD,-0.0158906027554163,+,Left Replicating,-61
ERD,-0.131305388646826,-,Left Replicating,-62
ERD,-0.131149532040629,+,Left Replicating,-62
LRD,-0.658484611227513,-,Left Replicating,-62
LRD,-0.0624652317080326,+,Left Replicating,-62
ERD,-0.156263077434869,-,Left Replicating,-63
ERD,-0.164225898501052,+,Left Replicating,-63
LRD,-0.418500342055696,-,Left Replicating,-63
LRD,-0.12002031495765,+,Left Replicating,-63
ERD,-0.189425567536443,-,Left Replicating,-64
ERD,-0.056721876206952,+,Left Replicating,-64
LRD,-0.367265334411754,-,Left Replicating,-64
LRD,-0.0401992789159346,+,Left Replicating,-64
ERD,-0.0929795874511604,-,Left Replicating,-65
ERD,-0.194500182940033,+,Left Replicating,-65
LRD,-0.59729893178943,-,Left Replicating,-65
LRD,-0.0603310696002515,+,Left Replicating,-65
ERD,-0.337891661950325,-,Left Replicating,-66
ERD,-0.206272135574741,+,Left Replicating,-66
LRD,-0.44958791324391,-,Left Replicating,-66
LRD,-0.139176085611233,+,Left Replicating,-66
ERD,-0.139143260156378,-,Left Replicating,-67
ERD,-0.218870189050087,+,Left Replicating,-67
LRD,-0.473298223450287,-,Left Replicating,-67
LRD,-0.16926711788891,+,Left Replicating,-67
ERD,-0.165464987366703,-,Left Replicating,-68
ERD,-0.112166807676879,+,Left Replicating,-68
LRD,-0.489435431533318,-,Left Replicating,-68
LRD,-0.184325767557108,+,Left Replicating,-68
ERD,-0.227951425735066,-,Left Replicating,-69
ERD,-0.224555641159233,+,Left Replicating,-69
LRD,-0.367352042558028,-,Left Replicating,-69
LRD,0.0389856167238872,+,Left Replicating,-69
ERD,-0.234888820152884,-,Left Replicating,-7
ERD,-0.178346600735402,+,Left Replicating,-7
LRD,-0.37074483356974,-,Left Replicating,-7
LRD,0.01545197161105,+,Left Replicating,-7
ERD,-0.222074824864538,-,Left Replicating,-70
ERD,-0.237524367537553,+,Left Replicating,-70
LRD,-0.595701377373994,-,Left Replicating,-70
LRD,-0.255994878354257,+,Left Replicating,-70
ERD,-0.124949474315845,-,Left Replicating,-71
ERD,-0.168129312176103,+,Left Replicating,-71
LRD,-0.398137177888547,-,Left Replicating,-71
LRD,0.0547699567254104,+,Left Replicating,-71
ERD,-0.19418825979451,-,Left Replicating,-72
ERD,-0.157456862700342,+,Left Replicating,-72
LRD,-0.421003498940601,-,Left Replicating,-72
LRD,-0.0022427625274476,+,Left Replicating,-72
ERD,-0.150144510010233,-,Left Replicating,-73
ERD,-0.10520372976831,+,Left Replicating,-73
LRD,-0.487199889943579,-,Left Replicating,-73
LRD,-0.182211488374968,+,Left Replicating,-73
ERD,-0.279942927851031,-,Left Replicating,-74
ERD,-0.142640749871687,+,Left Replicating,-74
LRD,-0.455028975836265,-,Left Replicating,-74
LRD,-0.00238086880898219,+,Left Replicating,-74
ERD,-0.208885585582182,-,Left Replicating,-75
ERD,-0.235089584681917,+,Left Replicating,-75
LRD,-0.336586731071445,-,Left Replicating,-75
LRD,0.0170542229024286,+,Left Replicating,-75
ERD,-0.263148729714694,-,Left Replicating,-76
ERD,-0.266175010995461,+,Left Replicating,-76
LRD,-0.488927870878478,-,Left Replicating,-76
LRD,-0.0227673653628966,+,Left Replicating,-76
ERD,-0.229859004958722,-,Left Replicating,-77
ERD,-0.165047790517596,+,Left Replicating,-77
LRD,-0.452528817315933,-,Left Replicating,-77
LRD,-0.183436761285137,+,Left Replicating,-77
ERD,-0.292463136763595,-,Left Replicating,-78
ERD,-0.132704898857533,+,Left Replicating,-78
LRD,-0.473371734095904,-,Left Replicating,-78
LRD,-0.062675743605069,+,Left Replicating,-78
ERD,-0.161420716538951,-,Left Replicating,-79
ERD,-0.271662213658122,+,Left Replicating,-79
LRD,-0.5156561395223,-,Left Replicating,-79
LRD,0.0309700635417991,+,Left Replicating,-79
ERD,-0.146806789110408,-,Left Replicating,-8
ERD,-0.259657597824252,+,Left Replicating,-8
LRD,-0.455141229391353,-,Left Replicating,-8
LRD,-0.14163442838324,+,Left Replicating,-8
ERD,-0.4167733581156,-,Left Replicating,-80
ERD,-0.0477802759092571,+,Left Replicating,-80
LRD,-0.319485950622726,-,Left Replicating,-80
LRD,-0.0833039679690966,+,Left Replicating,-80
ERD,-0.181049554135277,-,Left Replicating,-81
ERD,-0.213121240885826,+,Left Replicating,-81
LRD,-0.463253368345783,-,Left Replicating,-81
LRD,-0.0269148616791243,+,Left Replicating,-81
ERD,-0.223065239310567,-,Left Replicating,-82
ERD,-0.159738361394551,+,Left Replicating,-82
LRD,-0.484477752550201,-,Left Replicating,-82
LRD,-0.236591104074243,+,Left Replicating,-82
ERD,-0.137293943827376,-,Left Replicating,-83
ERD,-0.107883266404482,+,Left Replicating,-83
LRD,-0.575169429146236,-,Left Replicating,-83
LRD,-0.213505575226519,+,Left Replicating,-83
ERD,-0.29977002433411,-,Left Replicating,-84
ERD,-0.0970941664784591,+,Left Replicating,-84
LRD,-0.537445636239352,-,Left Replicating,-84
LRD,-0.146316931191324,+,Left Replicating,-84
ERD,-0.306080424778216,-,Left Replicating,-85
ERD,-0.136395926316004,+,Left Replicating,-85
LRD,-0.605686804160458,-,Left Replicating,-85
LRD,-0.144185645748191,+,Left Replicating,-85
ERD,-0.253252561432293,-,Left Replicating,-86
ERD,-0.133487193471184,+,Left Replicating,-86
LRD,-0.571308071376231,-,Left Replicating,-86
LRD,-0.240139681189345,+,Left Replicating,-86
ERD,-0.15010205369182,-,Left Replicating,-87
ERD,-0.0603641043298504,+,Left Replicating,-87
LRD,-0.60005206800042,-,Left Replicating,-87
LRD,-0.192872417619696,+,Left Replicating,-87
ERD,-0.321685625708417,-,Left Replicating,-88
ERD,-0.033295831970673,+,Left Replicating,-88
LRD,-0.513024254430863,-,Left Replicating,-88
LRD,-0.102450983409176,+,Left Replicating,-88
ERD,-0.239516422958578,-,Left Replicating,-89
ERD,-0.285685323188844,+,Left Replicating,-89
LRD,-0.643663745123726,-,Left Replicating,-89
LRD,-0.229242638055198,+,Left Replicating,-89
ERD,-0.364625072579497,-,Left Replicating,-9
ERD,-0.245985638184716,+,Left Replicating,-9
LRD,-0.151116961538265,-,Left Replicating,-9
LRD,-0.182684026649289,+,Left Replicating,-9
ERD,-0.208426748623203,-,Left Replicating,-90
ERD,-0.161034514615661,+,Left Replicating,-90
LRD,-0.493296149282409,-,Left Replicating,-90
LRD,-0.144939323061435,+,Left Replicating,-90
ERD,-0.252301173447307,-,Left Replicating,-91
ERD,-0.223997711594396,+,Left Replicating,-91
LRD,-0.647419414433603,-,Left Replicating,-91
LRD,-0.096309177706758,+,Left Replicating,-91
ERD,-0.132439858052075,-,Left Replicating,-92
ERD,-0.0795341201255097,+,Left Replicating,-92
LRD,-0.442113891028464,-,Left Replicating,-92
LRD,-0.0534489502770901,+,Left Replicating,-92
ERD,-0.115624774351374,-,Left Replicating,-93
ERD,-0.0844104050518817,+,Left Replicating,-93
LRD,-0.617484559403882,-,Left Replicating,-93
LRD,-0.0283226832836319,+,Left Replicating,-93
ERD,-0.184132984675866,-,Left Replicating,-94
ERD,0.0115099438333347,+,Left Replicating,-94
LRD,-0.474794830683612,-,Left Replicating,-94
LRD,-0.311511849748141,+,Left Replicating,-94
ERD,-0.202430962712803,-,Left Replicating,-95
ERD,-0.0848200632296929,+,Left Replicating,-95
LRD,-0.536642538628219,-,Left Replicating,-95
LRD,-0.20441214308394,+,Left Replicating,-95
ERD,-0.0804708459440272,-,Left Replicating,-96
ERD,-0.0689539261774173,+,Left Replicating,-96
LRD,-0.656053631669783,-,Left Replicating,-96
LRD,-0.0917280074590134,+,Left Replicating,-96
ERD,-0.15251039113825,-,Left Replicating,-97
ERD,-0.137390940027387,+,Left Replicating,-97
LRD,-0.632050501352471,-,Left Replicating,-97
LRD,0.0218169215005357,+,Left Replicating,-97
ERD,-0.217947132989347,-,Left Replicating,-98
ERD,-0.0717391346418814,+,Left Replicating,-98
LRD,-0.412069491594087,-,Left Replicating,-98
LRD,0.103052847475556,+,Left Replicating,-98
ERD,-0.161475333785933,-,Left Replicating,-99
ERD,-0.108400405293534,+,Left Replicating,-99
LRD,-0.461616638353581,-,Left Replicating,-99
LRD,-0.0701362656835736,+,Left Replicating,-99
ERD,-0.301754319915536,-,Right Replicating,1
ERD,-0.299812553805552,+,Right Replicating,1
LRD,-0.179163338578543,-,Right Replicating,1
LRD,0.0158804689120201,+,Right Replicating,1
ERD,-0.353882065615327,-,Right Replicating,10
ERD,-0.384574059441208,+,Right Replicating,10
LRD,-0.0561433325209968,-,Right Replicating,10
LRD,-0.259800127217794,+,Right Replicating,10
ERD,-0.130040552219338,-,Right Replicating,100
ERD,-0.0991695646093652,+,Right Replicating,100
LRD,-0.233298409179943,-,Right Replicating,100
LRD,-0.661872131475867,+,Right Replicating,100
ERD,-0.332710075510279,-,Right Replicating,11
ERD,-0.139852318846585,+,Right Replicating,11
LRD,-0.138593494833142,-,Right Replicating,11
LRD,-0.0466108975600762,+,Right Replicating,11
ERD,-0.183501244540478,-,Right Replicating,12
ERD,-0.233429036367154,+,Right Replicating,12
LRD,-0.036673335015821,-,Right Replicating,12
LRD,-0.107620657407431,+,Right Replicating,12
ERD,-0.271936601811876,-,Right Replicating,13
ERD,-0.226120689123436,+,Right Replicating,13
LRD,-0.00959262479644511,-,Right Replicating,13
LRD,-0.0700020366801997,+,Right Replicating,13
ERD,-0.293323337478064,-,Right Replicating,14
ERD,-0.23542797337144,+,Right Replicating,14
LRD,-0.00205247222408785,-,Right Replicating,14
LRD,-0.0980486022613081,+,Right Replicating,14
ERD,-0.193625595257008,-,Right Replicating,15
ERD,-0.188831778029977,+,Right Replicating,15
LRD,-0.154993335565418,-,Right Replicating,15
LRD,-0.196705924988275,+,Right Replicating,15
ERD,-0.190855200344155,-,Right Replicating,16
ERD,-0.302528853504029,+,Right Replicating,16
LRD,-0.0379351150422899,-,Right Replicating,16
LRD,-0.250180680784759,+,Right Replicating,16
ERD,-0.104954799695961,-,Right Replicating,17
ERD,-0.193006527831489,+,Right Replicating,17
LRD,-0.191418077142228,-,Right Replicating,17
LRD,-0.160557329968018,+,Right Replicating,17
ERD,-0.274633777727558,-,Right Replicating,18
ERD,-0.156825622251061,+,Right Replicating,18
LRD,-0.0679008691065602,-,Right Replicating,18
LRD,-0.213646963555589,+,Right Replicating,18
ERD,-0.147194256543925,-,Right Replicating,19
ERD,-0.165959143922398,+,Right Replicating,19
LRD,0.0806070562258805,-,Right Replicating,19
LRD,-0.310119695073127,+,Right Replicating,19
ERD,-0.274731209232554,-,Right Replicating,2
ERD,-0.210374495023441,+,Right Replicating,2
LRD,-0.186675920931539,-,Right Replicating,2
LRD,0.0647720684348029,+,Right Replicating,2
ERD,-0.199555258957071,-,Right Replicating,20
ERD,-0.305167661799608,+,Right Replicating,20
LRD,-0.054653024063812,-,Right Replicating,20
LRD,-0.281850082117849,+,Right Replicating,20
ERD,-0.180903044465859,-,Right Replicating,21
ERD,-0.0711157725532157,+,Right Replicating,21
LRD,-0.141025751689826,-,Right Replicating,21
LRD,-0.126832021422493,+,Right Replicating,21
ERD,-0.146469966848071,-,Right Replicating,22
ERD,-0.232008638564318,+,Right Replicating,22
LRD,-0.0476674632292016,-,Right Replicating,22
LRD,-0.146088851492888,+,Right Replicating,22
ERD,-0.191093228508264,-,Right Replicating,23
ERD,-0.249856078606641,+,Right Replicating,23
LRD,0.0125026852404114,-,Right Replicating,23
LRD,-0.143096936280818,+,Right Replicating,23
ERD,-0.110712062381376,-,Right Replicating,24
ERD,-0.225988934111759,+,Right Replicating,24
LRD,-0.0213125265316976,-,Right Replicating,24
LRD,-0.255689390192912,+,Right Replicating,24
ERD,-0.272416555105541,-,Right Replicating,25
ERD,-0.114128889785245,+,Right Replicating,25
LRD,0.151099362823427,-,Right Replicating,25
LRD,-0.235591514863036,+,Right Replicating,25
ERD,-0.169654110976058,-,Right Replicating,26
ERD,-0.182364290621787,+,Right Replicating,26
LRD,-0.00228044922642286,-,Right Replicating,26
LRD,-0.116206769996534,+,Right Replicating,26
ERD,-0.173775883347841,-,Right Replicating,27
ERD,-0.261504260200263,+,Right Replicating,27
LRD,-0.171193642062808,-,Right Replicating,27
LRD,-0.331390773457257,+,Right Replicating,27
ERD,-0.138382296375612,-,Right Replicating,28
ERD,-0.244277853158683,+,Right Replicating,28
LRD,0.0417802556361367,-,Right Replicating,28
LRD,-0.27275993904209,+,Right Replicating,28
ERD,-0.265412473268494,-,Right Replicating,29
ERD,-0.450382394006439,+,Right Replicating,29
LRD,-0.0428031009638318,-,Right Replicating,29
LRD,-0.317827794238716,+,Right Replicating,29
ERD,-0.170422709522443,-,Right Replicating,3
ERD,-0.195883814547156,+,Right Replicating,3
LRD,-0.273572694026691,-,Right Replicating,3
LRD,-0.138572067389671,+,Right Replicating,3
ERD,-0.217645837839607,-,Right Replicating,30
ERD,-0.183222094771261,+,Right Replicating,30
LRD,0.0519829170256702,-,Right Replicating,30
LRD,-0.293522527935632,+,Right Replicating,30
ERD,-0.187185587439213,-,Right Replicating,31
ERD,-0.239374694173698,+,Right Replicating,31
LRD,-0.135198777098267,-,Right Replicating,31
LRD,-0.302063471597946,+,Right Replicating,31
ERD,-0.0767996812937209,-,Right Replicating,32
ERD,-0.263128900710497,+,Right Replicating,32
LRD,0.102028755163624,-,Right Replicating,32
LRD,-0.188249796231055,+,Right Replicating,32
ERD,-0.166048198228389,-,Right Replicating,33
ERD,-0.110519521456676,+,Right Replicating,33
LRD,0.238514993315867,-,Right Replicating,33
LRD,-0.297782049397483,+,Right Replicating,33
ERD,-0.240523719659592,-,Right Replicating,34
ERD,-0.191402297173869,+,Right Replicating,34
LRD,0.0484285691924008,-,Right Replicating,34
LRD,-0.436283411563322,+,Right Replicating,34
ERD,-0.157318186973356,-,Right Replicating,35
ERD,-0.237619579816057,+,Right Replicating,35
LRD,0.0275078600494735,-,Right Replicating,35
LRD,-0.30483646680651,+,Right Replicating,35
ERD,-0.307333944336658,-,Right Replicating,36
ERD,-0.253450381566031,+,Right Replicating,36
LRD,0.0207491046194112,-,Right Replicating,36
LRD,-0.366578979953767,+,Right Replicating,36
ERD,-0.20179621209766,-,Right Replicating,37
ERD,-0.166063479442308,+,Right Replicating,37
LRD,-0.209363598975059,-,Right Replicating,37
LRD,-0.353928658634034,+,Right Replicating,37
ERD,-0.183840407735353,-,Right Replicating,38
ERD,-0.287737205449152,+,Right Replicating,38
LRD,-0.0492703197108999,-,Right Replicating,38
LRD,-0.212900454412678,+,Right Replicating,38
ERD,-0.213026909820838,-,Right Replicating,39
ERD,-0.261659368624738,+,Right Replicating,39
LRD,0.0474993935333877,-,Right Replicating,39
LRD,-0.450767128850703,+,Right Replicating,39
ERD,-0.312458745744568,-,Right Replicating,4
ERD,-0.157317120271331,+,Right Replicating,4
LRD,-0.102807440596819,-,Right Replicating,4
LRD,-0.122627648941393,+,Right Replicating,4
ERD,-0.247059984646157,-,Right Replicating,40
ERD,-0.210392469412949,+,Right Replicating,40
LRD,-0.0234892006537033,-,Right Replicating,40
LRD,-0.434344130315965,+,Right Replicating,40
ERD,-0.182897553362422,-,Right Replicating,41
ERD,-0.249789329072442,+,Right Replicating,41
LRD,0.10278370734749,-,Right Replicating,41
LRD,-0.484734816418049,+,Right Replicating,41
ERD,-0.189551573592134,-,Right Replicating,42
ERD,-0.219246988421011,+,Right Replicating,42
LRD,-0.0218387927555821,-,Right Replicating,42
LRD,-0.365411530292237,+,Right Replicating,42
ERD,-0.225029788660451,-,Right Replicating,43
ERD,-0.328840898484737,+,Right Replicating,43
LRD,-0.0711125545942288,-,Right Replicating,43
LRD,-0.386150315268523,+,Right Replicating,43
ERD,-0.269534395836338,-,Right Replicating,44
ERD,-0.156540042462753,+,Right Replicating,44
LRD,-0.0492889136745818,-,Right Replicating,44
LRD,-0.458561558596403,+,Right Replicating,44
ERD,-0.182164356725347,-,Right Replicating,45
ERD,-0.201466276068598,+,Right Replicating,45
LRD,0.154233281128043,-,Right Replicating,45
LRD,-0.372723565461501,+,Right Replicating,45
ERD,-0.277050699057213,-,Right Replicating,46
ERD,-0.185650298134253,+,Right Replicating,46
LRD,-0.233347312512116,-,Right Replicating,46
LRD,-0.523191317653388,+,Right Replicating,46
ERD,-0.226596511272169,-,Right Replicating,47
ERD,-0.142297222879008,+,Right Replicating,47
LRD,-0.0489394129854875,-,Right Replicating,47
LRD,-0.448223509958026,+,Right Replicating,47
ERD,-0.22361873870369,-,Right Replicating,48
ERD,-0.197411744787997,+,Right Replicating,48
LRD,-0.131399726247313,-,Right Replicating,48
LRD,-0.422079932950882,+,Right Replicating,48
ERD,-0.174905264351984,-,Right Replicating,49
ERD,-0.231748855605623,+,Right Replicating,49
LRD,-0.034049689317248,-,Right Replicating,49
LRD,-0.51900277602411,+,Right Replicating,49
ERD,-0.194202168736527,-,Right Replicating,5
ERD,-0.253673987950701,+,Right Replicating,5
LRD,-0.0936101474167398,-,Right Replicating,5
LRD,-0.0166155907735137,+,Right Replicating,5
ERD,-0.186664856435241,-,Right Replicating,50
ERD,-0.138095236778033,+,Right Replicating,50
LRD,0.0387088345257052,-,Right Replicating,50
LRD,-0.478204894894741,+,Right Replicating,50
ERD,-0.154904322331705,-,Right Replicating,51
ERD,-0.197696285496947,+,Right Replicating,51
LRD,-0.0324095332980307,-,Right Replicating,51
LRD,-0.44923444403159,+,Right Replicating,51
ERD,-0.182706454020178,-,Right Replicating,52
ERD,-0.192008301218328,+,Right Replicating,52
LRD,-0.234449044407521,-,Right Replicating,52
LRD,-0.369171893874916,+,Right Replicating,52
ERD,-0.284666066617178,-,Right Replicating,53
ERD,-0.18434526300047,+,Right Replicating,53
LRD,-0.0832105314297398,-,Right Replicating,53
LRD,-0.445184226557394,+,Right Replicating,53
ERD,-0.116242116052174,-,Right Replicating,54
ERD,-0.14651663435777,+,Right Replicating,54
LRD,-0.130079719340728,-,Right Replicating,54
LRD,-0.362666425847363,+,Right Replicating,54
ERD,-0.22641358831925,-,Right Replicating,55
ERD,-0.0962591788448336,+,Right Replicating,55
LRD,-0.117287700706145,-,Right Replicating,55
LRD,-0.485371347392439,+,Right Replicating,55
ERD,-0.0905747088086261,-,Right Replicating,56
ERD,-0.0595109664037109,+,Right Replicating,56
LRD,0.132322684911856,-,Right Replicating,56
LRD,-0.502864967403484,+,Right Replicating,56
ERD,-0.00939421687195528,-,Right Replicating,57
ERD,-0.283417127628008,+,Right Replicating,57
LRD,-0.0358829514511085,-,Right Replicating,57
LRD,-0.608743316206531,+,Right Replicating,57
ERD,-0.260556271520221,-,Right Replicating,58
ERD,-0.104341278956933,+,Right Replicating,58
LRD,-0.209353879930434,-,Right Replicating,58
LRD,-0.521668804408588,+,Right Replicating,58
ERD,-0.240759662477113,-,Right Replicating,59
ERD,-0.254116398910382,+,Right Replicating,59
LRD,-0.163146957131006,-,Right Replicating,59
LRD,-0.444464625689257,+,Right Replicating,59
ERD,-0.166000036571957,-,Right Replicating,6
ERD,-0.217933133062791,+,Right Replicating,6
LRD,0.126872501874044,-,Right Replicating,6
LRD,-0.0808517281936202,+,Right Replicating,6
ERD,-0.127864983309932,-,Right Replicating,60
ERD,-0.228192575457678,+,Right Replicating,60
LRD,-0.11571620255087,-,Right Replicating,60
LRD,-0.402798533123213,+,Right Replicating,60
ERD,-0.0679927014690471,-,Right Replicating,61
ERD,-0.141642016879119,+,Right Replicating,61
LRD,-0.100299547539868,-,Right Replicating,61
LRD,-0.374067851325815,+,Right Replicating,61
ERD,-0.0974248136578794,-,Right Replicating,62
ERD,-0.171774227544811,+,Right Replicating,62
LRD,-0.00763311528695204,-,Right Replicating,62
LRD,-0.484958435778942,+,Right Replicating,62
ERD,-0.111270857729413,-,Right Replicating,63
ERD,-0.310393284368347,+,Right Replicating,63
LRD,-0.152394524265083,-,Right Replicating,63
LRD,-0.484504222943759,+,Right Replicating,63
ERD,-0.214654969858976,-,Right Replicating,64
ERD,-0.159914013499688,+,Right Replicating,64
LRD,0.0846825506008498,-,Right Replicating,64
LRD,-0.476839713913395,+,Right Replicating,64
ERD,-0.108898423887202,-,Right Replicating,65
ERD,-0.266440618354228,+,Right Replicating,65
LRD,-0.147851922348993,-,Right Replicating,65
LRD,-0.540825240324533,+,Right Replicating,65
ERD,-0.104605649994131,-,Right Replicating,66
ERD,-0.262996129429917,+,Right Replicating,66
LRD,-0.158111924557516,-,Right Replicating,66
LRD,-0.435732612469025,+,Right Replicating,66
ERD,-0.17268055811465,-,Right Replicating,67
ERD,-0.162491998248882,+,Right Replicating,67
LRD,-0.111005554228245,-,Right Replicating,67
LRD,-0.367337356554545,+,Right Replicating,67
ERD,-0.179002223341916,-,Right Replicating,68
ERD,-0.200550098610249,+,Right Replicating,68
LRD,-0.258669916472664,-,Right Replicating,68
LRD,-0.547131174617813,+,Right Replicating,68
ERD,-0.109212327663589,-,Right Replicating,69
ERD,-0.261050404606676,+,Right Replicating,69
LRD,-0.176638104496699,-,Right Replicating,69
LRD,-0.417236753491657,+,Right Replicating,69
ERD,-0.201590199540871,-,Right Replicating,7
ERD,-0.209946051787742,+,Right Replicating,7
LRD,-0.0518090184693899,-,Right Replicating,7
LRD,-0.0234270025619262,+,Right Replicating,7
ERD,-0.148780672156614,-,Right Replicating,70
ERD,-0.19714288761339,+,Right Replicating,70
LRD,-0.227434606507253,-,Right Replicating,70
LRD,-0.568033679419642,+,Right Replicating,70
ERD,-0.184726443783764,-,Right Replicating,71
ERD,-0.35189005865834,+,Right Replicating,71
LRD,-0.10442944507827,-,Right Replicating,71
LRD,-0.387641751517733,+,Right Replicating,71
ERD,-0.120219811747331,-,Right Replicating,72
ERD,-0.272250230154449,+,Right Replicating,72
LRD,-0.117751440541124,-,Right Replicating,72
LRD,-0.625244357901977,+,Right Replicating,72
ERD,-0.212958041408277,-,Right Replicating,73
ERD,-0.147173014022358,+,Right Replicating,73
LRD,0.0160447289563712,-,Right Replicating,73
LRD,-0.460372259310803,+,Right Replicating,73
ERD,-0.114402638646058,-,Right Replicating,74
ERD,-0.338619409313985,+,Right Replicating,74
LRD,-0.23412371108175,-,Right Replicating,74
LRD,-0.470248491304917,+,Right Replicating,74
ERD,-0.213014155775169,-,Right Replicating,75
ERD,-0.264283915411593,+,Right Replicating,75
LRD,-0.0325246488651282,-,Right Replicating,75
LRD,-0.411260742956543,+,Right Replicating,75
ERD,-0.18420019521441,-,Right Replicating,76
ERD,-0.280894775940979,+,Right Replicating,76
LRD,-0.0817018534560635,-,Right Replicating,76
LRD,-0.435339769231201,+,Right Replicating,76
ERD,-0.167085556594986,-,Right Replicating,77
ERD,-0.105931682422207,+,Right Replicating,77
LRD,-0.14775944898007,-,Right Replicating,77
LRD,-0.434448785512665,+,Right Replicating,77
ERD,-0.116151518460212,-,Right Replicating,78
ERD,-0.0701728847343943,+,Right Replicating,78
LRD,-0.204013927186371,-,Right Replicating,78
LRD,-0.549157047188529,+,Right Replicating,78
ERD,-0.117137492358251,-,Right Replicating,79
ERD,-0.234888324462171,+,Right Replicating,79
LRD,-0.0287126807839457,-,Right Replicating,79
LRD,-0.521258447704626,+,Right Replicating,79
ERD,-0.260125960512127,-,Right Replicating,8
ERD,-0.27732813533492,+,Right Replicating,8
LRD,-0.230558226924406,-,Right Replicating,8
LRD,-0.0969100171964485,+,Right Replicating,8
ERD,-0.164776891255189,-,Right Replicating,80
ERD,-0.286206409353418,+,Right Replicating,80
LRD,-0.327313801196601,-,Right Replicating,80
LRD,-0.615581733381575,+,Right Replicating,80
ERD,-0.104507209220487,-,Right Replicating,81
ERD,-0.201445139297102,+,Right Replicating,81
LRD,-0.139976883077627,-,Right Replicating,81
LRD,-0.554549463052051,+,Right Replicating,81
ERD,-0.111944394444297,-,Right Replicating,82
ERD,-0.261873470137574,+,Right Replicating,82
LRD,-0.168985900433773,-,Right Replicating,82
LRD,-0.445199890537888,+,Right Replicating,82
ERD,-0.104579368215708,-,Right Replicating,83
ERD,-0.12752304616391,+,Right Replicating,83
LRD,-0.162212757199295,-,Right Replicating,83
LRD,-0.599933197435331,+,Right Replicating,83
ERD,-0.224682008708662,-,Right Replicating,84
ERD,-0.232119909891621,+,Right Replicating,84
LRD,-0.0398553455535977,-,Right Replicating,84
LRD,-0.546988250333972,+,Right Replicating,84
ERD,-0.268448094787222,-,Right Replicating,85
ERD,-0.167022677887898,+,Right Replicating,85
LRD,-0.00874761290403722,-,Right Replicating,85
LRD,-0.374172479767009,+,Right Replicating,85
ERD,-0.0202288428683356,-,Right Replicating,86
ERD,-0.219376584097827,+,Right Replicating,86
LRD,-0.128197147985369,-,Right Replicating,86
LRD,-0.473481225479321,+,Right Replicating,86
ERD,-0.202805363669619,-,Right Replicating,87
ERD,-0.145595060451479,+,Right Replicating,87
LRD,-0.014411784193049,-,Right Replicating,87
LRD,-0.595628475932097,+,Right Replicating,87
ERD,0.048843291619936,-,Right Replicating,88
ERD,-0.134259925182123,+,Right Replicating,88
LRD,0.0577606739026753,-,Right Replicating,88
LRD,-0.62207561316762,+,Right Replicating,88
ERD,-0.156735969194061,-,Right Replicating,89
ERD,-0.133689710830361,+,Right Replicating,89
LRD,-0.213484990861678,-,Right Replicating,89
LRD,-0.517014675676125,+,Right Replicating,89
ERD,-0.205501786783544,-,Right Replicating,9
ERD,-0.26698875511242,+,Right Replicating,9
LRD,-0.253621961416902,-,Right Replicating,9
LRD,0.0447440565438665,+,Right Replicating,9
ERD,-0.16386981499607,-,Right Replicating,90
ERD,-0.0899427465547716,+,Right Replicating,90
LRD,-0.0303703844801752,-,Right Replicating,90
LRD,-0.471373595520884,+,Right Replicating,90
ERD,-0.0774975932868368,-,Right Replicating,91
ERD,-0.117822602164489,+,Right Replicating,91
LRD,-0.145571417333828,-,Right Replicating,91
LRD,-0.383737120195061,+,Right Replicating,91
ERD,-0.138115303560821,-,Right Replicating,92
ERD,-0.119151546414165,+,Right Replicating,92
LRD,0.289691491125629,-,Right Replicating,92
LRD,-0.428207136915897,+,Right Replicating,92
ERD,-0.151669268336434,-,Right Replicating,93
ERD,-0.230502499604887,+,Right Replicating,93
LRD,-0.078954989229227,-,Right Replicating,93
LRD,-0.616763547564204,+,Right Replicating,93
ERD,-0.145241579493657,-,Right Replicating,94
ERD,-0.184697115424593,+,Right Replicating,94
LRD,-0.103260021515191,-,Right Replicating,94
LRD,-0.40228267784249,+,Right Replicating,94
ERD,-0.12179687428092,-,Right Replicating,95
ERD,-0.134006356480478,+,Right Replicating,95
LRD,-0.0797910247026231,-,Right Replicating,95
LRD,-0.560677241491769,+,Right Replicating,95
ERD,-0.0315217244894793,-,Right Replicating,96
ERD,-0.170851665184736,+,Right Replicating,96
LRD,-0.0266998256860061,-,Right Replicating,96
LRD,-0.556186782743534,+,Right Replicating,96
ERD,-0.10925902584866,-,Right Replicating,97
ERD,-0.273975724066414,+,Right Replicating,97
LRD,-0.122584624770263,-,Right Replicating,97
LRD,-0.450189149942906,+,Right Replicating,97
ERD,-0.0573317863843839,-,Right Replicating,98
ERD,-0.0730198802077782,+,Right Replicating,98
LRD,-0.0828098292112881,-,Right Replicating,98
LRD,-0.598986593588486,+,Right Replicating,98
ERD,-0.069412131162472,-,Right Replicating,99
ERD,-0.138799201721785,+,Right Replicating,99
LRD,0.10967773693082,-,Right Replicating,99
LRD,-0.593138900087439,+,Right Replicating,99
