dataset,chromosomes,start_position,end_position,score,dataset_strand,counts,sample_names,file_names,layout,cell_line,product,method,uv_exposure,treatment,phase,time_after_exposure,replicate,project,sample_source,sample_strand,mapped_reads,RPKM,windows,repdomains
iz,.,0,100,0,.,0.329655172413793,Hela_CPD_DS_NA_late_12_NA,HDLC_comb,single,HeLa_S3,CPD,Damage_seq,20J,NA,late,12,_,repair_replication,Sancar,-,17759688,0.185619912024239,-100,LRD
iz,.,0,100,0,.,0.288275862068965,Hela_CPD_DS_NA_late_12_NA,HDLC_comb,single,HeLa_S3,CPD,Damage_seq,20J,NA,late,12,_,repair_replication,Sancar,+,17759688,0.162320341477263,-100,LRD
iz,.,0,100,0,.,0.300689655172414,Hela_CPD_DS_NA_late_12_NA,HDLC_comb,single,HeLa_S3,CPD,Damage_seq,20J,NA,late,12,_,repair_replication,Sancar,+,17759688,0.169310212641356,-91,LRD
iz,.,0,100,0,.,0.358620689655172,Hela_CPD_DS_NA_late_12_NA,HDLC_comb,single,HeLa_S3,CPD,Damage_seq,20J,NA,late,12,_,repair_replication,Sancar,-,17759688,0.201929611407122,-91,LRD
iz,.,0,100,0,.,0.311034482758621,Hela_CPD_DS_NA_late_12_NA,HDLC_comb,single,HeLa_S3,CPD,Damage_seq,20J,NA,late,12,_,repair_replication,Sancar,+,17759688,0.1751351052781,-1,LRD
iz,.,0,100,0,.,0.308965517241379,Hela_CPD_DS_NA_late_12_NA,HDLC_comb,single,HeLa_S3,CPD,Damage_seq,20J,NA,late,12,_,repair_replication,Sancar,-,17759688,0.173970126750751,-1,LRD
iz,.,0,100,0,.,0.311724137931034,Hela_CPD_DS_NA_late_12_NA,HDLC_comb,single,HeLa_S3,CPD,Damage_seq,20J,NA,late,12,_,repair_replication,Sancar,+,17759688,0.175523431453883,0,LRD
iz,.,0,100,0,.,0.339310344827586,Hela_CPD_DS_NA_late_12_NA,HDLC_comb,single,HeLa_S3,CPD,Damage_seq,20J,NA,late,12,_,repair_replication,Sancar,-,17759688,0.1910564784852,0,LRD
iz,.,0,100,0,.,0.342758620689655,Hela_CPD_DS_NA_late_12_NA,HDLC_comb,single,HeLa_S3,CPD,Damage_seq,20J,NA,late,12,_,repair_replication,Sancar,+,17759688,0.192998109364115,1,LRD
iz,.,0,100,0,.,0.349655172413793,Hela_CPD_DS_NA_late_12_NA,HDLC_comb,single,HeLa_S3,CPD,Damage_seq,20J,NA,late,12,_,repair_replication,Sancar,-,17759688,0.196881371121944,1,LRD
iz,.,0,100,0,.,0.32,Hela_CPD_DS_NA_late_12_NA,HDLC_comb,single,HeLa_S3,CPD,Damage_seq,20J,NA,late,12,_,repair_replication,Sancar,-,17759688,0.180183345563278,2,LRD
iz,.,0,100,0,.,0.312413793103448,Hela_CPD_DS_NA_late_12_NA,HDLC_comb,single,HeLa_S3,CPD,Damage_seq,20J,NA,late,12,_,repair_replication,Sancar,+,17759688,0.175911757629666,2,LRD
iz,.,0,100,0,.,0.327586206896552,Hela_CPD_DS_NA_late_12_NA,HDLC_comb,single,HeLa_S3,CPD,Damage_seq,20J,NA,late,12,_,repair_replication,Sancar,+,17759688,0.18445493349689,3,LRD
iz,.,0,100,0,.,0.353103448275862,Hela_CPD_DS_NA_late_12_NA,HDLC_comb,single,HeLa_S3,CPD,Damage_seq,20J,NA,late,12,_,repair_replication,Sancar,-,17759688,0.198823002000858,3,LRD
iz,.,0,100,0,.,0.316551724137931,Hela_CPD_DS_NA_late_12_NA,HDLC_comb,single,HeLa_S3,CPD,Damage_seq,20J,NA,late,12,_,repair_replication,Sancar,-,17759688,0.178241714684363,4,LRD
iz,.,0,100,0,.,0.328965517241379,Hela_CPD_DS_NA_late_12_NA,HDLC_comb,single,HeLa_S3,CPD,Damage_seq,20J,NA,late,12,_,repair_replication,Sancar,+,17759688,0.185231585848456,4,LRD
iz,.,0,100,0,.,0.331034482758621,Hela_CPD_DS_NA_late_12_NA,HDLC_comb,single,HeLa_S3,CPD,Damage_seq,20J,NA,late,12,_,repair_replication,Sancar,+,17759688,0.186396564375805,5,LRD
iz,.,0,100,0,.,0.335172413793103,Hela_CPD_DS_NA_late_12_NA,HDLC_comb,single,HeLa_S3,CPD,Damage_seq,20J,NA,late,12,_,repair_replication,Sancar,-,17759688,0.188726521430502,5,LRD
iz,.,0,100,0,.,0.329655172413793,Hela_CPD_DS_NA_late_12_NA,HDLC_comb,single,HeLa_S3,CPD,Damage_seq,20J,NA,late,12,_,repair_replication,Sancar,+,17759688,0.185619912024239,6,LRD
iz,.,0,100,0,.,0.32,Hela_CPD_DS_NA_late_12_NA,HDLC_comb,single,HeLa_S3,CPD,Damage_seq,20J,NA,late,12,_,repair_replication,Sancar,-,17759688,0.180183345563278,6,LRD
iz,.,0,100,0,.,0.324137931034483,Hela_CPD_DS_NA_late_12_NA,HDLC_comb,single,HeLa_S3,CPD,Damage_seq,20J,NA,late,12,_,repair_replication,Sancar,+,17759688,0.182513302617975,7,LRD
iz,.,0,100,0,.,0.364137931034483,Hela_CPD_DS_NA_late_12_NA,HDLC_comb,single,HeLa_S3,CPD,Damage_seq,20J,NA,late,12,_,repair_replication,Sancar,-,17759688,0.205036220813385,7,LRD
iz,.,0,100,0,.,0.320689655172414,Hela_CPD_DS_NA_late_12_NA,HDLC_comb,single,HeLa_S3,CPD,Damage_seq,20J,NA,late,12,_,repair_replication,Sancar,+,17759688,0.180571671739061,8,LRD
iz,.,0,100,0,.,0.363448275862069,Hela_CPD_DS_NA_late_12_NA,HDLC_comb,single,HeLa_S3,CPD,Damage_seq,20J,NA,late,12,_,repair_replication,Sancar,-,17759688,0.204647894637602,8,LRD
iz,.,0,100,0,.,0.289655172413793,Hela_CPD_DS_NA_late_12_NA,HDLC_comb,single,HeLa_S3,CPD,Damage_seq,20J,NA,late,12,_,repair_replication,Sancar,+,17759688,0.163096993828829,-90,LRD
iz,.,0,100,0,.,0.358620689655172,Hela_CPD_DS_NA_late_12_NA,HDLC_comb,single,HeLa_S3,CPD,Damage_seq,20J,NA,late,12,_,repair_replication,Sancar,-,17759688,0.201929611407122,-90,LRD
iz,.,0,100,0,.,0.324827586206897,Hela_CPD_DS_NA_late_12_NA,HDLC_comb,single,HeLa_S3,CPD,Damage_seq,20J,NA,late,12,_,repair_replication,Sancar,+,17759688,0.182901628793758,9,LRD
iz,.,0,100,0,.,0.329655172413793,Hela_CPD_DS_NA_late_12_NA,HDLC_comb,single,HeLa_S3,CPD,Damage_seq,20J,NA,late,12,_,repair_replication,Sancar,-,17759688,0.185619912024239,9,LRD
iz,.,0,100,0,.,0.350344827586207,Hela_CPD_DS_NA_late_12_NA,HDLC_comb,single,HeLa_S3,CPD,Damage_seq,20J,NA,late,12,_,repair_replication,Sancar,+,17759688,0.197269697297727,10,LRD
iz,.,0,100,0,.,0.309655172413793,Hela_CPD_DS_NA_late_12_NA,HDLC_comb,single,HeLa_S3,CPD,Damage_seq,20J,NA,late,12,_,repair_replication,Sancar,-,17759688,0.174358452926534,10,LRD
iz,.,0,100,0,.,0.338620689655172,Hela_CPD_DS_NA_late_12_NA,HDLC_comb,single,HeLa_S3,CPD,Damage_seq,20J,NA,late,12,_,repair_replication,Sancar,+,17759688,0.190668152309417,11,LRD
iz,.,0,100,0,.,0.361379310344828,Hela_CPD_DS_NA_late_12_NA,HDLC_comb,single,HeLa_S3,CPD,Damage_seq,20J,NA,late,12,_,repair_replication,Sancar,-,17759688,0.203482916110253,11,LRD
iz,.,0,100,0,.,0.319310344827586,Hela_CPD_DS_NA_late_12_NA,HDLC_comb,single,HeLa_S3,CPD,Damage_seq,20J,NA,late,12,_,repair_replication,Sancar,+,17759688,0.179795019387495,12,LRD
iz,.,0,100,0,.,0.340689655172414,Hela_CPD_DS_NA_late_12_NA,HDLC_comb,single,HeLa_S3,CPD,Damage_seq,20J,NA,late,12,_,repair_replication,Sancar,-,17759688,0.191833130836766,12,LRD
iz,.,0,100,0,.,0.324827586206897,Hela_CPD_DS_NA_late_12_NA,HDLC_comb,single,HeLa_S3,CPD,Damage_seq,20J,NA,late,12,_,repair_replication,Sancar,+,17759688,0.182901628793758,13,LRD
iz,.,0,100,0,.,0.304137931034483,Hela_CPD_DS_NA_late_12_NA,HDLC_comb,single,HeLa_S3,CPD,Damage_seq,20J,NA,late,12,_,repair_replication,Sancar,-,17759688,0.171251843520271,13,LRD
iz,.,0,100,0,.,0.346896551724138,Hela_CPD_DS_NA_late_12_NA,HDLC_comb,single,HeLa_S3,CPD,Damage_seq,20J,NA,late,12,_,repair_replication,Sancar,+,17759688,0.195328066418812,14,LRD
iz,.,0,100,0,.,0.335862068965517,Hela_CPD_DS_NA_late_12_NA,HDLC_comb,single,HeLa_S3,CPD,Damage_seq,20J,NA,late,12,_,repair_replication,Sancar,-,17759688,0.189114847606285,14,LRD
iz,.,0,100,0,.,0.333103448275862,Hela_CPD_DS_NA_late_12_NA,HDLC_comb,single,HeLa_S3,CPD,Damage_seq,20J,NA,late,12,_,repair_replication,Sancar,+,17759688,0.187561542903154,15,LRD
iz,.,0,100,0,.,0.293793103448276,Hela_CPD_DS_NA_late_12_NA,HDLC_comb,single,HeLa_S3,CPD,Damage_seq,20J,NA,late,12,_,repair_replication,Sancar,-,17759688,0.165426950883527,15,LRD
iz,.,0,100,0,.,0.313793103448276,Hela_CPD_DS_NA_late_12_NA,HDLC_comb,single,HeLa_S3,CPD,Damage_seq,20J,NA,late,12,_,repair_replication,Sancar,+,17759688,0.176688409981232,16,LRD
iz,.,0,100,0,.,0.299310344827586,Hela_CPD_DS_NA_late_12_NA,HDLC_comb,single,HeLa_S3,CPD,Damage_seq,20J,NA,late,12,_,repair_replication,Sancar,-,17759688,0.16853356028979,16,LRD
iz,.,0,100,0,.,0.340689655172414,Hela_CPD_DS_NA_late_12_NA,HDLC_comb,single,HeLa_S3,CPD,Damage_seq,20J,NA,late,12,_,repair_replication,Sancar,-,17759688,0.191833130836766,17,LRD
iz,.,0,100,0,.,0.335862068965517,Hela_CPD_DS_NA_late_12_NA,HDLC_comb,single,HeLa_S3,CPD,Damage_seq,20J,NA,late,12,_,repair_replication,Sancar,+,17759688,0.189114847606285,17,LRD
iz,.,0,100,0,.,0.327586206896552,Hela_CPD_DS_NA_late_12_NA,HDLC_comb,single,HeLa_S3,CPD,Damage_seq,20J,NA,late,12,_,repair_replication,Sancar,-,17759688,0.18445493349689,18,LRD
iz,.,0,100,0,.,0.356551724137931,Hela_CPD_DS_NA_late_12_NA,HDLC_comb,single,HeLa_S3,CPD,Damage_seq,20J,NA,late,12,_,repair_replication,Sancar,+,17759688,0.200764632879773,18,LRD
iz,.,0,100,0,.,0.299310344827586,Hela_CPD_DS_NA_late_12_NA,HDLC_comb,single,HeLa_S3,CPD,Damage_seq,20J,NA,late,12,_,repair_replication,Sancar,+,17759688,0.16853356028979,-89,LRD
iz,.,0,100,0,.,0.373793103448276,Hela_CPD_DS_NA_late_12_NA,HDLC_comb,single,HeLa_S3,CPD,Damage_seq,20J,NA,late,12,_,repair_replication,Sancar,-,17759688,0.210472787274346,-89,LRD
iz,.,0,100,0,.,0.342758620689655,Hela_CPD_DS_NA_late_12_NA,HDLC_comb,single,HeLa_S3,CPD,Damage_seq,20J,NA,late,12,_,repair_replication,Sancar,+,17759688,0.192998109364115,19,LRD
iz,.,0,100,0,.,0.324137931034483,Hela_CPD_DS_NA_late_12_NA,HDLC_comb,single,HeLa_S3,CPD,Damage_seq,20J,NA,late,12,_,repair_replication,Sancar,-,17759688,0.182513302617975,19,LRD
iz,.,0,100,0,.,0.333793103448276,Hela_CPD_DS_NA_late_12_NA,HDLC_comb,single,HeLa_S3,CPD,Damage_seq,20J,NA,late,12,_,repair_replication,Sancar,+,17759688,0.187949869078936,20,LRD
iz,.,0,100,0,.,0.333793103448276,Hela_CPD_DS_NA_late_12_NA,HDLC_comb,single,HeLa_S3,CPD,Damage_seq,20J,NA,late,12,_,repair_replication,Sancar,-,17759688,0.187949869078936,20,LRD
iz,.,0,100,0,.,0.338620689655172,Hela_CPD_DS_NA_late_12_NA,HDLC_comb,single,HeLa_S3,CPD,Damage_seq,20J,NA,late,12,_,repair_replication,Sancar,+,17759688,0.190668152309417,21,LRD
iz,.,0,100,0,.,0.330344827586207,Hela_CPD_DS_NA_late_12_NA,HDLC_comb,single,HeLa_S3,CPD,Damage_seq,20J,NA,late,12,_,repair_replication,Sancar,-,17759688,0.186008238200022,21,LRD
iz,.,0,100,0,.,0.342758620689655,Hela_CPD_DS_NA_late_12_NA,HDLC_comb,single,HeLa_S3,CPD,Damage_seq,20J,NA,late,12,_,repair_replication,Sancar,+,17759688,0.192998109364115,22,LRD
iz,.,0,100,0,.,0.322068965517241,Hela_CPD_DS_NA_late_12_NA,HDLC_comb,single,HeLa_S3,CPD,Damage_seq,20J,NA,late,12,_,repair_replication,Sancar,-,17759688,0.181348324090627,22,LRD
iz,.,0,100,0,.,0.353793103448276,Hela_CPD_DS_NA_late_12_NA,HDLC_comb,single,HeLa_S3,CPD,Damage_seq,20J,NA,late,12,_,repair_replication,Sancar,+,17759688,0.199211328176641,23,LRD
iz,.,0,100,0,.,0.30551724137931,Hela_CPD_DS_NA_late_12_NA,HDLC_comb,single,HeLa_S3,CPD,Damage_seq,20J,NA,late,12,_,repair_replication,Sancar,-,17759688,0.172028495871836,23,LRD
iz,.,0,100,0,.,0.357241379310345,Hela_CPD_DS_NA_late_12_NA,HDLC_comb,single,HeLa_S3,CPD,Damage_seq,20J,NA,late,12,_,repair_replication,Sancar,+,17759688,0.201152959055556,24,LRD
iz,.,0,100,0,.,0.31448275862069,Hela_CPD_DS_NA_late_12_NA,HDLC_comb,single,HeLa_S3,CPD,Damage_seq,20J,NA,late,12,_,repair_replication,Sancar,-,17759688,0.177076736157014,24,LRD
iz,.,0,100,0,.,0.362068965517241,Hela_CPD_DS_NA_late_12_NA,HDLC_comb,single,HeLa_S3,CPD,Damage_seq,20J,NA,late,12,_,repair_replication,Sancar,+,17759688,0.203871242286036,25,LRD
iz,.,0,100,0,.,0.322758620689655,Hela_CPD_DS_NA_late_12_NA,HDLC_comb,single,HeLa_S3,CPD,Damage_seq,20J,NA,late,12,_,repair_replication,Sancar,-,17759688,0.18173665026641,25,LRD
iz,.,0,100,0,.,0.333103448275862,Hela_CPD_DS_NA_late_12_NA,HDLC_comb,single,HeLa_S3,CPD,Damage_seq,20J,NA,late,12,_,repair_replication,Sancar,+,17759688,0.187561542903154,26,LRD
iz,.,0,100,0,.,0.295862068965517,Hela_CPD_DS_NA_late_12_NA,HDLC_comb,single,HeLa_S3,CPD,Damage_seq,20J,NA,late,12,_,repair_replication,Sancar,-,17759688,0.166591929410875,26,LRD
iz,.,0,100,0,.,0.358620689655172,Hela_CPD_DS_NA_late_12_NA,HDLC_comb,single,HeLa_S3,CPD,Damage_seq,20J,NA,late,12,_,repair_replication,Sancar,+,17759688,0.201929611407122,27,LRD
iz,.,0,100,0,.,0.336551724137931,Hela_CPD_DS_NA_late_12_NA,HDLC_comb,single,HeLa_S3,CPD,Damage_seq,20J,NA,late,12,_,repair_replication,Sancar,-,17759688,0.189503173782068,27,LRD
iz,.,0,100,0,.,0.376551724137931,Hela_CPD_DS_NA_late_12_NA,HDLC_comb,single,HeLa_S3,CPD,Damage_seq,20J,NA,late,12,_,repair_replication,Sancar,+,17759688,0.212026091977478,28,LRD
iz,.,0,100,0,.,0.297241379310345,Hela_CPD_DS_NA_late_12_NA,HDLC_comb,single,HeLa_S3,CPD,Damage_seq,20J,NA,late,12,_,repair_replication,Sancar,-,17759688,0.167368581762441,28,LRD
iz,.,0,100,0,.,0.321379310344828,Hela_CPD_DS_NA_late_12_NA,HDLC_comb,single,HeLa_S3,CPD,Damage_seq,20J,NA,late,12,_,repair_replication,Sancar,+,17759688,0.180959997914844,-88,LRD
iz,.,0,100,0,.,0.369655172413793,Hela_CPD_DS_NA_late_12_NA,HDLC_comb,single,HeLa_S3,CPD,Damage_seq,20J,NA,late,12,_,repair_replication,Sancar,-,17759688,0.208142830219649,-88,LRD
iz,.,0,100,0,.,0.399310344827586,Hela_CPD_DS_NA_late_12_NA,HDLC_comb,single,HeLa_S3,CPD,Damage_seq,20J,NA,late,12,_,repair_replication,Sancar,+,17759688,0.224840855778314,29,LRD
iz,.,0,100,0,.,0.311034482758621,Hela_CPD_DS_NA_late_12_NA,HDLC_comb,single,HeLa_S3,CPD,Damage_seq,20J,NA,late,12,_,repair_replication,Sancar,-,17759688,0.1751351052781,29,LRD
iz,.,0,100,0,.,0.328965517241379,Hela_CPD_DS_NA_late_12_NA,HDLC_comb,single,HeLa_S3,CPD,Damage_seq,20J,NA,late,12,_,repair_replication,Sancar,-,17759688,0.185231585848456,30,LRD
iz,.,0,100,0,.,0.344137931034483,Hela_CPD_DS_NA_late_12_NA,HDLC_comb,single,HeLa_S3,CPD,Damage_seq,20J,NA,late,12,_,repair_replication,Sancar,+,17759688,0.19377476171568,30,LRD
iz,.,0,100,0,.,0.349655172413793,Hela_CPD_DS_NA_late_12_NA,HDLC_comb,single,HeLa_S3,CPD,Damage_seq,20J,NA,late,12,_,repair_replication,Sancar,+,17759688,0.196881371121944,31,LRD
iz,.,0,100,0,.,0.315172413793103,Hela_CPD_DS_NA_late_12_NA,HDLC_comb,single,HeLa_S3,CPD,Damage_seq,20J,NA,late,12,_,repair_replication,Sancar,-,17759688,0.177465062332797,31,LRD
iz,.,0,100,0,.,0.328275862068966,Hela_CPD_DS_NA_late_12_NA,HDLC_comb,single,HeLa_S3,CPD,Damage_seq,20J,NA,late,12,_,repair_replication,Sancar,-,17759688,0.184843259672673,32,LRD
iz,.,0,100,0,.,0.321379310344828,Hela_CPD_DS_NA_late_12_NA,HDLC_comb,single,HeLa_S3,CPD,Damage_seq,20J,NA,late,12,_,repair_replication,Sancar,+,17759688,0.180959997914844,32,LRD
iz,.,0,100,0,.,0.337241379310345,Hela_CPD_DS_NA_late_12_NA,HDLC_comb,single,HeLa_S3,CPD,Damage_seq,20J,NA,late,12,_,repair_replication,Sancar,+,17759688,0.189891499957851,33,LRD
iz,.,0,100,0,.,0.30551724137931,Hela_CPD_DS_NA_late_12_NA,HDLC_comb,single,HeLa_S3,CPD,Damage_seq,20J,NA,late,12,_,repair_replication,Sancar,-,17759688,0.172028495871836,33,LRD
iz,.,0,100,0,.,0.344827586206897,Hela_CPD_DS_NA_late_12_NA,HDLC_comb,single,HeLa_S3,CPD,Damage_seq,20J,NA,late,12,_,repair_replication,Sancar,+,17759688,0.194163087891463,34,LRD
iz,.,0,100,0,.,0.328965517241379,Hela_CPD_DS_NA_late_12_NA,HDLC_comb,single,HeLa_S3,CPD,Damage_seq,20J,NA,late,12,_,repair_replication,Sancar,-,17759688,0.185231585848456,34,LRD
iz,.,0,100,0,.,0.317931034482759,Hela_CPD_DS_NA_late_12_NA,HDLC_comb,single,HeLa_S3,CPD,Damage_seq,20J,NA,late,12,_,repair_replication,Sancar,-,17759688,0.179018367035929,35,LRD
iz,.,0,100,0,.,0.364137931034483,Hela_CPD_DS_NA_late_12_NA,HDLC_comb,single,HeLa_S3,CPD,Damage_seq,20J,NA,late,12,_,repair_replication,Sancar,+,17759688,0.205036220813385,35,LRD
iz,.,0,100,0,.,0.377241379310345,Hela_CPD_DS_NA_late_12_NA,HDLC_comb,single,HeLa_S3,CPD,Damage_seq,20J,NA,late,12,_,repair_replication,Sancar,+,17759688,0.212414418153261,36,LRD
iz,.,0,100,0,.,0.331724137931035,Hela_CPD_DS_NA_late_12_NA,HDLC_comb,single,HeLa_S3,CPD,Damage_seq,20J,NA,late,12,_,repair_replication,Sancar,-,17759688,0.186784890551588,36,LRD
iz,.,0,100,0,.,0.342758620689655,Hela_CPD_DS_NA_late_12_NA,HDLC_comb,single,HeLa_S3,CPD,Damage_seq,20J,NA,late,12,_,repair_replication,Sancar,+,17759688,0.192998109364115,37,LRD
iz,.,0,100,0,.,0.296551724137931,Hela_CPD_DS_NA_late_12_NA,HDLC_comb,single,HeLa_S3,CPD,Damage_seq,20J,NA,late,12,_,repair_replication,Sancar,-,17759688,0.166980255586658,37,LRD
iz,.,0,100,0,.,0.346206896551724,Hela_CPD_DS_NA_late_12_NA,HDLC_comb,single,HeLa_S3,CPD,Damage_seq,20J,NA,late,12,_,repair_replication,Sancar,+,17759688,0.194939740243029,38,LRD
iz,.,0,100,0,.,0.317931034482759,Hela_CPD_DS_NA_late_12_NA,HDLC_comb,single,HeLa_S3,CPD,Damage_seq,20J,NA,late,12,_,repair_replication,Sancar,-,17759688,0.179018367035929,38,LRD
iz,.,0,100,0,.,0.273793103448276,Hela_CPD_DS_NA_late_12_NA,HDLC_comb,single,HeLa_S3,CPD,Damage_seq,20J,NA,late,12,_,repair_replication,Sancar,+,17759688,0.154165491785822,-87,LRD
iz,.,0,100,0,.,0.348275862068965,Hela_CPD_DS_NA_late_12_NA,HDLC_comb,single,HeLa_S3,CPD,Damage_seq,20J,NA,late,12,_,repair_replication,Sancar,-,17759688,0.196104718770378,-87,LRD
iz,.,0,100,0,.,0.355862068965517,Hela_CPD_DS_NA_late_12_NA,HDLC_comb,single,HeLa_S3,CPD,Damage_seq,20J,NA,late,12,_,repair_replication,Sancar,+,17759688,0.20037630670399,39,LRD
iz,.,0,100,0,.,0.31448275862069,Hela_CPD_DS_NA_late_12_NA,HDLC_comb,single,HeLa_S3,CPD,Damage_seq,20J,NA,late,12,_,repair_replication,Sancar,-,17759688,0.177076736157014,39,LRD
iz,.,0,100,0,.,0.332413793103448,Hela_CPD_DS_NA_late_12_NA,HDLC_comb,single,HeLa_S3,CPD,Damage_seq,20J,NA,late,12,_,repair_replication,Sancar,+,17759688,0.187173216727371,40,LRD
iz,.,0,100,0,.,0.299310344827586,Hela_CPD_DS_NA_late_12_NA,HDLC_comb,single,HeLa_S3,CPD,Damage_seq,20J,NA,late,12,_,repair_replication,Sancar,-,17759688,0.16853356028979,40,LRD
iz,.,0,100,0,.,0.357241379310345,Hela_CPD_DS_NA_late_12_NA,HDLC_comb,single,HeLa_S3,CPD,Damage_seq,20J,NA,late,12,_,repair_replication,Sancar,+,17759688,0.201152959055556,41,LRD
iz,.,0,100,0,.,0.324827586206897,Hela_CPD_DS_NA_late_12_NA,HDLC_comb,single,HeLa_S3,CPD,Damage_seq,20J,NA,late,12,_,repair_replication,Sancar,-,17759688,0.182901628793758,41,LRD
iz,.,0,100,0,.,0.38551724137931,Hela_CPD_DS_NA_late_12_NA,HDLC_comb,single,HeLa_S3,CPD,Damage_seq,20J,NA,late,12,_,repair_replication,Sancar,+,17759688,0.217074332262656,42,LRD
iz,.,0,100,0,.,0.311034482758621,Hela_CPD_DS_NA_late_12_NA,HDLC_comb,single,HeLa_S3,CPD,Damage_seq,20J,NA,late,12,_,repair_replication,Sancar,-,17759688,0.1751351052781,42,LRD
iz,.,0,100,0,.,0.348275862068965,Hela_CPD_DS_NA_late_12_NA,HDLC_comb,single,HeLa_S3,CPD,Damage_seq,20J,NA,late,12,_,repair_replication,Sancar,+,17759688,0.196104718770378,43,LRD
iz,.,0,100,0,.,0.340689655172414,Hela_CPD_DS_NA_late_12_NA,HDLC_comb,single,HeLa_S3,CPD,Damage_seq,20J,NA,late,12,_,repair_replication,Sancar,-,17759688,0.191833130836766,43,LRD
iz,.,0,100,0,.,0.348965517241379,Hela_CPD_DS_NA_late_12_NA,HDLC_comb,single,HeLa_S3,CPD,Damage_seq,20J,NA,late,12,_,repair_replication,Sancar,+,17759688,0.196493044946161,44,LRD
iz,.,0,100,0,.,0.319310344827586,Hela_CPD_DS_NA_late_12_NA,HDLC_comb,single,HeLa_S3,CPD,Damage_seq,20J,NA,late,12,_,repair_replication,Sancar,-,17759688,0.179795019387495,44,LRD
iz,.,0,100,0,.,0.340689655172414,Hela_CPD_DS_NA_late_12_NA,HDLC_comb,single,HeLa_S3,CPD,Damage_seq,20J,NA,late,12,_,repair_replication,Sancar,+,17759688,0.191833130836766,45,LRD
iz,.,0,100,0,.,0.298620689655172,Hela_CPD_DS_NA_late_12_NA,HDLC_comb,single,HeLa_S3,CPD,Damage_seq,20J,NA,late,12,_,repair_replication,Sancar,-,17759688,0.168145234114007,45,LRD
iz,.,0,100,0,.,0.333103448275862,Hela_CPD_DS_NA_late_12_NA,HDLC_comb,single,HeLa_S3,CPD,Damage_seq,20J,NA,late,12,_,repair_replication,Sancar,-,17759688,0.187561542903154,46,LRD
iz,.,0,100,0,.,0.339310344827586,Hela_CPD_DS_NA_late_12_NA,HDLC_comb,single,HeLa_S3,CPD,Damage_seq,20J,NA,late,12,_,repair_replication,Sancar,+,17759688,0.1910564784852,46,LRD
iz,.,0,100,0,.,0.310344827586207,Hela_CPD_DS_NA_late_12_NA,HDLC_comb,single,HeLa_S3,CPD,Damage_seq,20J,NA,late,12,_,repair_replication,Sancar,-,17759688,0.174746779102317,47,LRD
iz,.,0,100,0,.,0.362068965517241,Hela_CPD_DS_NA_late_12_NA,HDLC_comb,single,HeLa_S3,CPD,Damage_seq,20J,NA,late,12,_,repair_replication,Sancar,+,17759688,0.203871242286036,47,LRD
iz,.,0,100,0,.,0.331034482758621,Hela_CPD_DS_NA_late_12_NA,HDLC_comb,single,HeLa_S3,CPD,Damage_seq,20J,NA,late,12,_,repair_replication,Sancar,+,17759688,0.186396564375805,48,LRD
iz,.,0,100,0,.,0.330344827586207,Hela_CPD_DS_NA_late_12_NA,HDLC_comb,single,HeLa_S3,CPD,Damage_seq,20J,NA,late,12,_,repair_replication,Sancar,-,17759688,0.186008238200022,48,LRD
iz,.,0,100,0,.,0.317241379310345,Hela_CPD_DS_NA_late_12_NA,HDLC_comb,single,HeLa_S3,CPD,Damage_seq,20J,NA,late,12,_,repair_replication,Sancar,+,17759688,0.178630040860146,-86,LRD
iz,.,0,100,0,.,0.364137931034483,Hela_CPD_DS_NA_late_12_NA,HDLC_comb,single,HeLa_S3,CPD,Damage_seq,20J,NA,late,12,_,repair_replication,Sancar,-,17759688,0.205036220813385,-86,LRD
iz,.,0,100,0,.,0.337241379310345,Hela_CPD_DS_NA_late_12_NA,HDLC_comb,single,HeLa_S3,CPD,Damage_seq,20J,NA,late,12,_,repair_replication,Sancar,+,17759688,0.189891499957851,49,LRD
iz,.,0,100,0,.,0.306206896551724,Hela_CPD_DS_NA_late_12_NA,HDLC_comb,single,HeLa_S3,CPD,Damage_seq,20J,NA,late,12,_,repair_replication,Sancar,-,17759688,0.172416822047619,49,LRD
iz,.,0,100,0,.,0.362758620689655,Hela_CPD_DS_NA_late_12_NA,HDLC_comb,single,HeLa_S3,CPD,Damage_seq,20J,NA,late,12,_,repair_replication,Sancar,+,17759688,0.204259568461819,50,LRD
iz,.,0,100,0,.,0.302758620689655,Hela_CPD_DS_NA_late_12_NA,HDLC_comb,single,HeLa_S3,CPD,Damage_seq,20J,NA,late,12,_,repair_replication,Sancar,-,17759688,0.170475191168705,50,LRD
iz,.,0,100,0,.,0.367586206896552,Hela_CPD_DS_NA_late_12_NA,HDLC_comb,single,HeLa_S3,CPD,Damage_seq,20J,NA,late,12,_,repair_replication,Sancar,+,17759688,0.2069778516923,51,LRD
iz,.,0,100,0,.,0.311724137931034,Hela_CPD_DS_NA_late_12_NA,HDLC_comb,single,HeLa_S3,CPD,Damage_seq,20J,NA,late,12,_,repair_replication,Sancar,-,17759688,0.175523431453883,51,LRD
iz,.,0,100,0,.,0.359310344827586,Hela_CPD_DS_NA_late_12_NA,HDLC_comb,single,HeLa_S3,CPD,Damage_seq,20J,NA,late,12,_,repair_replication,Sancar,+,17759688,0.202317937582905,52,LRD
iz,.,0,100,0,.,0.277931034482759,Hela_CPD_DS_NA_late_12_NA,HDLC_comb,single,HeLa_S3,CPD,Damage_seq,20J,NA,late,12,_,repair_replication,Sancar,-,17759688,0.156495448840519,52,LRD
iz,.,0,100,0,.,0.35448275862069,Hela_CPD_DS_NA_late_12_NA,HDLC_comb,single,HeLa_S3,CPD,Damage_seq,20J,NA,late,12,_,repair_replication,Sancar,+,17759688,0.199599654352424,53,LRD
iz,.,0,100,0,.,0.311724137931034,Hela_CPD_DS_NA_late_12_NA,HDLC_comb,single,HeLa_S3,CPD,Damage_seq,20J,NA,late,12,_,repair_replication,Sancar,-,17759688,0.175523431453883,53,LRD
iz,.,0,100,0,.,0.36,Hela_CPD_DS_NA_late_12_NA,HDLC_comb,single,HeLa_S3,CPD,Damage_seq,20J,NA,late,12,_,repair_replication,Sancar,+,17759688,0.202706263758688,54,LRD
iz,.,0,100,0,.,0.326206896551724,Hela_CPD_DS_NA_late_12_NA,HDLC_comb,single,HeLa_S3,CPD,Damage_seq,20J,NA,late,12,_,repair_replication,Sancar,-,17759688,0.183678281145324,54,LRD
iz,.,0,100,0,.,0.299310344827586,Hela_CPD_DS_NA_late_12_NA,HDLC_comb,single,HeLa_S3,CPD,Damage_seq,20J,NA,late,12,_,repair_replication,Sancar,-,17759688,0.16853356028979,55,LRD
iz,.,0,100,0,.,0.338620689655172,Hela_CPD_DS_NA_late_12_NA,HDLC_comb,single,HeLa_S3,CPD,Damage_seq,20J,NA,late,12,_,repair_replication,Sancar,+,17759688,0.190668152309417,55,LRD
iz,.,0,100,0,.,0.35448275862069,Hela_CPD_DS_NA_late_12_NA,HDLC_comb,single,HeLa_S3,CPD,Damage_seq,20J,NA,late,12,_,repair_replication,Sancar,+,17759688,0.199599654352424,56,LRD
iz,.,0,100,0,.,0.295172413793103,Hela_CPD_DS_NA_late_12_NA,HDLC_comb,single,HeLa_S3,CPD,Damage_seq,20J,NA,late,12,_,repair_replication,Sancar,-,17759688,0.166203603235093,56,LRD
iz,.,0,100,0,.,0.320689655172414,Hela_CPD_DS_NA_late_12_NA,HDLC_comb,single,HeLa_S3,CPD,Damage_seq,20J,NA,late,12,_,repair_replication,Sancar,-,17759688,0.180571671739061,57,LRD
iz,.,0,100,0,.,0.332413793103448,Hela_CPD_DS_NA_late_12_NA,HDLC_comb,single,HeLa_S3,CPD,Damage_seq,20J,NA,late,12,_,repair_replication,Sancar,+,17759688,0.187173216727371,57,LRD
iz,.,0,100,0,.,0.37448275862069,Hela_CPD_DS_NA_late_12_NA,HDLC_comb,single,HeLa_S3,CPD,Damage_seq,20J,NA,late,12,_,repair_replication,Sancar,+,17759688,0.210861113450129,58,LRD
iz,.,0,100,0,.,0.328965517241379,Hela_CPD_DS_NA_late_12_NA,HDLC_comb,single,HeLa_S3,CPD,Damage_seq,20J,NA,late,12,_,repair_replication,Sancar,-,17759688,0.185231585848456,58,LRD
iz,.,0,100,0,.,0.342068965517241,Hela_CPD_DS_NA_late_12_NA,HDLC_comb,single,HeLa_S3,CPD,Damage_seq,20J,NA,late,12,_,repair_replication,Sancar,-,17759688,0.192609783188332,-85,LRD
iz,.,0,100,0,.,0.297931034482759,Hela_CPD_DS_NA_late_12_NA,HDLC_comb,single,HeLa_S3,CPD,Damage_seq,20J,NA,late,12,_,repair_replication,Sancar,+,17759688,0.167756907938224,-85,LRD
iz,.,0,100,0,.,0.346896551724138,Hela_CPD_DS_NA_late_12_NA,HDLC_comb,single,HeLa_S3,CPD,Damage_seq,20J,NA,late,12,_,repair_replication,Sancar,+,17759688,0.195328066418812,59,LRD
iz,.,0,100,0,.,0.313103448275862,Hela_CPD_DS_NA_late_12_NA,HDLC_comb,single,HeLa_S3,CPD,Damage_seq,20J,NA,late,12,_,repair_replication,Sancar,-,17759688,0.176300083805449,59,LRD
iz,.,0,100,0,.,0.29448275862069,Hela_CPD_DS_NA_late_12_NA,HDLC_comb,single,HeLa_S3,CPD,Damage_seq,20J,NA,late,12,_,repair_replication,Sancar,-,17759688,0.16581527705931,60,LRD
iz,.,0,100,0,.,0.346896551724138,Hela_CPD_DS_NA_late_12_NA,HDLC_comb,single,HeLa_S3,CPD,Damage_seq,20J,NA,late,12,_,repair_replication,Sancar,+,17759688,0.195328066418812,60,LRD
iz,.,0,100,0,.,0.299310344827586,Hela_CPD_DS_NA_late_12_NA,HDLC_comb,single,HeLa_S3,CPD,Damage_seq,20J,NA,late,12,_,repair_replication,Sancar,-,17759688,0.16853356028979,61,LRD
iz,.,0,100,0,.,0.380689655172414,Hela_CPD_DS_NA_late_12_NA,HDLC_comb,single,HeLa_S3,CPD,Damage_seq,20J,NA,late,12,_,repair_replication,Sancar,+,17759688,0.214356049032175,61,LRD
iz,.,0,100,0,.,0.36,Hela_CPD_DS_NA_late_12_NA,HDLC_comb,single,HeLa_S3,CPD,Damage_seq,20J,NA,late,12,_,repair_replication,Sancar,+,17759688,0.202706263758688,62,LRD
iz,.,0,100,0,.,0.297931034482759,Hela_CPD_DS_NA_late_12_NA,HDLC_comb,single,HeLa_S3,CPD,Damage_seq,20J,NA,late,12,_,repair_replication,Sancar,-,17759688,0.167756907938224,62,LRD
iz,.,0,100,0,.,0.355172413793103,Hela_CPD_DS_NA_late_12_NA,HDLC_comb,single,HeLa_S3,CPD,Damage_seq,20J,NA,late,12,_,repair_replication,Sancar,+,17759688,0.199987980528207,63,LRD
iz,.,0,100,0,.,0.338620689655172,Hela_CPD_DS_NA_late_12_NA,HDLC_comb,single,HeLa_S3,CPD,Damage_seq,20J,NA,late,12,_,repair_replication,Sancar,-,17759688,0.190668152309417,63,LRD
iz,.,0,100,0,.,0.362758620689655,Hela_CPD_DS_NA_late_12_NA,HDLC_comb,single,HeLa_S3,CPD,Damage_seq,20J,NA,late,12,_,repair_replication,Sancar,+,17759688,0.204259568461819,64,LRD
iz,.,0,100,0,.,0.304827586206897,Hela_CPD_DS_NA_late_12_NA,HDLC_comb,single,HeLa_S3,CPD,Damage_seq,20J,NA,late,12,_,repair_replication,Sancar,-,17759688,0.171640169696054,64,LRD
iz,.,0,100,0,.,0.322758620689655,Hela_CPD_DS_NA_late_12_NA,HDLC_comb,single,HeLa_S3,CPD,Damage_seq,20J,NA,late,12,_,repair_replication,Sancar,-,17759688,0.18173665026641,65,LRD
iz,.,0,100,0,.,0.368965517241379,Hela_CPD_DS_NA_late_12_NA,HDLC_comb,single,HeLa_S3,CPD,Damage_seq,20J,NA,late,12,_,repair_replication,Sancar,+,17759688,0.207754504043866,65,LRD
iz,.,0,100,0,.,0.317931034482759,Hela_CPD_DS_NA_late_12_NA,HDLC_comb,single,HeLa_S3,CPD,Damage_seq,20J,NA,late,12,_,repair_replication,Sancar,-,17759688,0.179018367035929,66,LRD
iz,.,0,100,0,.,0.358620689655172,Hela_CPD_DS_NA_late_12_NA,HDLC_comb,single,HeLa_S3,CPD,Damage_seq,20J,NA,late,12,_,repair_replication,Sancar,+,17759688,0.201929611407122,66,LRD
iz,.,0,100,0,.,0.298620689655172,Hela_CPD_DS_NA_late_12_NA,HDLC_comb,single,HeLa_S3,CPD,Damage_seq,20J,NA,late,12,_,repair_replication,Sancar,-,17759688,0.168145234114007,67,LRD
iz,.,0,100,0,.,0.34,Hela_CPD_DS_NA_late_12_NA,HDLC_comb,single,HeLa_S3,CPD,Damage_seq,20J,NA,late,12,_,repair_replication,Sancar,+,17759688,0.191444804660983,67,LRD
iz,.,0,100,0,.,0.32,Hela_CPD_DS_NA_late_12_NA,HDLC_comb,single,HeLa_S3,CPD,Damage_seq,20J,NA,late,12,_,repair_replication,Sancar,-,17759688,0.180183345563278,68,LRD
iz,.,0,100,0,.,0.353103448275862,Hela_CPD_DS_NA_late_12_NA,HDLC_comb,single,HeLa_S3,CPD,Damage_seq,20J,NA,late,12,_,repair_replication,Sancar,+,17759688,0.198823002000858,68,LRD
iz,.,0,100,0,.,0.3,Hela_CPD_DS_NA_late_12_NA,HDLC_comb,single,HeLa_S3,CPD,Damage_seq,20J,NA,late,12,_,repair_replication,Sancar,+,17759688,0.168921886465573,-84,LRD
iz,.,0,100,0,.,0.368965517241379,Hela_CPD_DS_NA_late_12_NA,HDLC_comb,single,HeLa_S3,CPD,Damage_seq,20J,NA,late,12,_,repair_replication,Sancar,-,17759688,0.207754504043866,-84,LRD
iz,.,0,100,0,.,0.344827586206897,Hela_CPD_DS_NA_late_12_NA,HDLC_comb,single,HeLa_S3,CPD,Damage_seq,20J,NA,late,12,_,repair_replication,Sancar,+,17759688,0.194163087891463,69,LRD
iz,.,0,100,0,.,0.3,Hela_CPD_DS_NA_late_12_NA,HDLC_comb,single,HeLa_S3,CPD,Damage_seq,20J,NA,late,12,_,repair_replication,Sancar,-,17759688,0.168921886465573,69,LRD
iz,.,0,100,0,.,0.302068965517241,Hela_CPD_DS_NA_late_12_NA,HDLC_comb,single,HeLa_S3,CPD,Damage_seq,20J,NA,late,12,_,repair_replication,Sancar,-,17759688,0.170086864992922,70,LRD
iz,.,0,100,0,.,0.363448275862069,Hela_CPD_DS_NA_late_12_NA,HDLC_comb,single,HeLa_S3,CPD,Damage_seq,20J,NA,late,12,_,repair_replication,Sancar,+,17759688,0.204647894637602,70,LRD
iz,.,0,100,0,.,0.297241379310345,Hela_CPD_DS_NA_late_12_NA,HDLC_comb,single,HeLa_S3,CPD,Damage_seq,20J,NA,late,12,_,repair_replication,Sancar,-,17759688,0.167368581762441,71,LRD
iz,.,0,100,0,.,0.360689655172414,Hela_CPD_DS_NA_late_12_NA,HDLC_comb,single,HeLa_S3,CPD,Damage_seq,20J,NA,late,12,_,repair_replication,Sancar,+,17759688,0.203094589934471,71,LRD
iz,.,0,100,0,.,0.312413793103448,Hela_CPD_DS_NA_late_12_NA,HDLC_comb,single,HeLa_S3,CPD,Damage_seq,20J,NA,late,12,_,repair_replication,Sancar,-,17759688,0.175911757629666,72,LRD
iz,.,0,100,0,.,0.373103448275862,Hela_CPD_DS_NA_late_12_NA,HDLC_comb,single,HeLa_S3,CPD,Damage_seq,20J,NA,late,12,_,repair_replication,Sancar,+,17759688,0.210084461098563,72,LRD
iz,.,0,100,0,.,0.386896551724138,Hela_CPD_DS_NA_late_12_NA,HDLC_comb,single,HeLa_S3,CPD,Damage_seq,20J,NA,late,12,_,repair_replication,Sancar,+,17759688,0.217850984614222,73,LRD
iz,.,0,100,0,.,0.310344827586207,Hela_CPD_DS_NA_late_12_NA,HDLC_comb,single,HeLa_S3,CPD,Damage_seq,20J,NA,late,12,_,repair_replication,Sancar,-,17759688,0.174746779102317,73,LRD
iz,.,0,100,0,.,0.346896551724138,Hela_CPD_DS_NA_late_12_NA,HDLC_comb,single,HeLa_S3,CPD,Damage_seq,20J,NA,late,12,_,repair_replication,Sancar,+,17759688,0.195328066418812,74,LRD
iz,.,0,100,0,.,0.304137931034483,Hela_CPD_DS_NA_late_12_NA,HDLC_comb,single,HeLa_S3,CPD,Damage_seq,20J,NA,late,12,_,repair_replication,Sancar,-,17759688,0.171251843520271,74,LRD
iz,.,0,100,0,.,0.335862068965517,Hela_CPD_DS_NA_late_12_NA,HDLC_comb,single,HeLa_S3,CPD,Damage_seq,20J,NA,late,12,_,repair_replication,Sancar,+,17759688,0.189114847606285,75,LRD
iz,.,0,100,0,.,0.290344827586207,Hela_CPD_DS_NA_late_12_NA,HDLC_comb,single,HeLa_S3,CPD,Damage_seq,20J,NA,late,12,_,repair_replication,Sancar,-,17759688,0.163485320004612,75,LRD
iz,.,0,100,0,.,0.326206896551724,Hela_CPD_DS_NA_late_12_NA,HDLC_comb,single,HeLa_S3,CPD,Damage_seq,20J,NA,late,12,_,repair_replication,Sancar,-,17759688,0.183678281145324,76,LRD
iz,.,0,100,0,.,0.358620689655172,Hela_CPD_DS_NA_late_12_NA,HDLC_comb,single,HeLa_S3,CPD,Damage_seq,20J,NA,late,12,_,repair_replication,Sancar,+,17759688,0.201929611407122,76,LRD
iz,.,0,100,0,.,0.309655172413793,Hela_CPD_DS_NA_late_12_NA,HDLC_comb,single,HeLa_S3,CPD,Damage_seq,20J,NA,late,12,_,repair_replication,Sancar,-,17759688,0.174358452926534,77,LRD
iz,.,0,100,0,.,0.328275862068966,Hela_CPD_DS_NA_late_12_NA,HDLC_comb,single,HeLa_S3,CPD,Damage_seq,20J,NA,late,12,_,repair_replication,Sancar,+,17759688,0.184843259672673,77,LRD
iz,.,0,100,0,.,0.263448275862069,Hela_CPD_DS_NA_late_12_NA,HDLC_comb,single,HeLa_S3,CPD,Damage_seq,20J,NA,late,12,_,repair_replication,Sancar,-,17759688,0.148340599149078,78,LRD
iz,.,0,100,0,.,0.344827586206897,Hela_CPD_DS_NA_late_12_NA,HDLC_comb,single,HeLa_S3,CPD,Damage_seq,20J,NA,late,12,_,repair_replication,Sancar,+,17759688,0.194163087891463,78,LRD
iz,.,0,100,0,.,0.290344827586207,Hela_CPD_DS_NA_late_12_NA,HDLC_comb,single,HeLa_S3,CPD,Damage_seq,20J,NA,late,12,_,repair_replication,Sancar,+,17759688,0.163485320004612,-83,LRD
iz,.,0,100,0,.,0.369655172413793,Hela_CPD_DS_NA_late_12_NA,HDLC_comb,single,HeLa_S3,CPD,Damage_seq,20J,NA,late,12,_,repair_replication,Sancar,-,17759688,0.208142830219649,-83,LRD
iz,.,0,100,0,.,0.307586206896552,Hela_CPD_DS_NA_late_12_NA,HDLC_comb,single,HeLa_S3,CPD,Damage_seq,20J,NA,late,12,_,repair_replication,Sancar,-,17759688,0.173193474399185,79,LRD
iz,.,0,100,0,.,0.364137931034483,Hela_CPD_DS_NA_late_12_NA,HDLC_comb,single,HeLa_S3,CPD,Damage_seq,20J,NA,late,12,_,repair_replication,Sancar,+,17759688,0.205036220813385,79,LRD
iz,.,0,100,0,.,0.301379310344828,Hela_CPD_DS_NA_late_12_NA,HDLC_comb,single,HeLa_S3,CPD,Damage_seq,20J,NA,late,12,_,repair_replication,Sancar,-,17759688,0.169698538817139,80,LRD
iz,.,0,100,0,.,0.362758620689655,Hela_CPD_DS_NA_late_12_NA,HDLC_comb,single,HeLa_S3,CPD,Damage_seq,20J,NA,late,12,_,repair_replication,Sancar,+,17759688,0.204259568461819,80,LRD
iz,.,0,100,0,.,0.29448275862069,Hela_CPD_DS_NA_late_12_NA,HDLC_comb,single,HeLa_S3,CPD,Damage_seq,20J,NA,late,12,_,repair_replication,Sancar,-,17759688,0.16581527705931,81,LRD
iz,.,0,100,0,.,0.364827586206897,Hela_CPD_DS_NA_late_12_NA,HDLC_comb,single,HeLa_S3,CPD,Damage_seq,20J,NA,late,12,_,repair_replication,Sancar,+,17759688,0.205424546989168,81,LRD
iz,.,0,100,0,.,0.310344827586207,Hela_CPD_DS_NA_late_12_NA,HDLC_comb,single,HeLa_S3,CPD,Damage_seq,20J,NA,late,12,_,repair_replication,Sancar,-,17759688,0.174746779102317,82,LRD
iz,.,0,100,0,.,0.357931034482759,Hela_CPD_DS_NA_late_12_NA,HDLC_comb,single,HeLa_S3,CPD,Damage_seq,20J,NA,late,12,_,repair_replication,Sancar,+,17759688,0.201541285231339,82,LRD
iz,.,0,100,0,.,0.297931034482759,Hela_CPD_DS_NA_late_12_NA,HDLC_comb,single,HeLa_S3,CPD,Damage_seq,20J,NA,late,12,_,repair_replication,Sancar,-,17759688,0.167756907938224,83,LRD
iz,.,0,100,0,.,0.342758620689655,Hela_CPD_DS_NA_late_12_NA,HDLC_comb,single,HeLa_S3,CPD,Damage_seq,20J,NA,late,12,_,repair_replication,Sancar,+,17759688,0.192998109364115,83,LRD
iz,.,0,100,0,.,0.292413793103448,Hela_CPD_DS_NA_late_12_NA,HDLC_comb,single,HeLa_S3,CPD,Damage_seq,20J,NA,late,12,_,repair_replication,Sancar,-,17759688,0.164650298531961,84,LRD
iz,.,0,100,0,.,0.351724137931034,Hela_CPD_DS_NA_late_12_NA,HDLC_comb,single,HeLa_S3,CPD,Damage_seq,20J,NA,late,12,_,repair_replication,Sancar,+,17759688,0.198046349649293,84,LRD
iz,.,0,100,0,.,0.304137931034483,Hela_CPD_DS_NA_late_12_NA,HDLC_comb,single,HeLa_S3,CPD,Damage_seq,20J,NA,late,12,_,repair_replication,Sancar,-,17759688,0.171251843520271,85,LRD
iz,.,0,100,0,.,0.36,Hela_CPD_DS_NA_late_12_NA,HDLC_comb,single,HeLa_S3,CPD,Damage_seq,20J,NA,late,12,_,repair_replication,Sancar,+,17759688,0.202706263758688,85,LRD
iz,.,0,100,0,.,0.308965517241379,Hela_CPD_DS_NA_late_12_NA,HDLC_comb,single,HeLa_S3,CPD,Damage_seq,20J,NA,late,12,_,repair_replication,Sancar,-,17759688,0.173970126750751,86,LRD
iz,.,0,100,0,.,0.369655172413793,Hela_CPD_DS_NA_late_12_NA,HDLC_comb,single,HeLa_S3,CPD,Damage_seq,20J,NA,late,12,_,repair_replication,Sancar,+,17759688,0.208142830219649,86,LRD
iz,.,0,100,0,.,0.338620689655172,Hela_CPD_DS_NA_late_12_NA,HDLC_comb,single,HeLa_S3,CPD,Damage_seq,20J,NA,late,12,_,repair_replication,Sancar,-,17759688,0.190668152309417,87,LRD
iz,.,0,100,0,.,0.366896551724138,Hela_CPD_DS_NA_late_12_NA,HDLC_comb,single,HeLa_S3,CPD,Damage_seq,20J,NA,late,12,_,repair_replication,Sancar,+,17759688,0.206589525516517,87,LRD
iz,.,0,100,0,.,0.364827586206897,Hela_CPD_DS_NA_late_12_NA,HDLC_comb,single,HeLa_S3,CPD,Damage_seq,20J,NA,late,12,_,repair_replication,Sancar,+,17759688,0.205424546989168,88,LRD
iz,.,0,100,0,.,0.310344827586207,Hela_CPD_DS_NA_late_12_NA,HDLC_comb,single,HeLa_S3,CPD,Damage_seq,20J,NA,late,12,_,repair_replication,Sancar,-,17759688,0.174746779102317,88,LRD
iz,.,0,100,0,.,0.373103448275862,Hela_CPD_DS_NA_late_12_NA,HDLC_comb,single,HeLa_S3,CPD,Damage_seq,20J,NA,late,12,_,repair_replication,Sancar,-,17759688,0.210084461098563,-82,LRD
iz,.,0,100,0,.,0.308275862068966,Hela_CPD_DS_NA_late_12_NA,HDLC_comb,single,HeLa_S3,CPD,Damage_seq,20J,NA,late,12,_,repair_replication,Sancar,+,17759688,0.173581800574968,-82,LRD
iz,.,0,100,0,.,0.350344827586207,Hela_CPD_DS_NA_late_12_NA,HDLC_comb,single,HeLa_S3,CPD,Damage_seq,20J,NA,late,12,_,repair_replication,Sancar,+,17759688,0.197269697297727,89,LRD
iz,.,0,100,0,.,0.312413793103448,Hela_CPD_DS_NA_late_12_NA,HDLC_comb,single,HeLa_S3,CPD,Damage_seq,20J,NA,late,12,_,repair_replication,Sancar,-,17759688,0.175911757629666,89,LRD
iz,.,0,100,0,.,0.363448275862069,Hela_CPD_DS_NA_late_12_NA,HDLC_comb,single,HeLa_S3,CPD,Damage_seq,20J,NA,late,12,_,repair_replication,Sancar,+,17759688,0.204647894637602,90,LRD
iz,.,0,100,0,.,0.31448275862069,Hela_CPD_DS_NA_late_12_NA,HDLC_comb,single,HeLa_S3,CPD,Damage_seq,20J,NA,late,12,_,repair_replication,Sancar,-,17759688,0.177076736157014,90,LRD
iz,.,0,100,0,.,0.373793103448276,Hela_CPD_DS_NA_late_12_NA,HDLC_comb,single,HeLa_S3,CPD,Damage_seq,20J,NA,late,12,_,repair_replication,Sancar,+,17759688,0.210472787274346,91,LRD
iz,.,0,100,0,.,0.337241379310345,Hela_CPD_DS_NA_late_12_NA,HDLC_comb,single,HeLa_S3,CPD,Damage_seq,20J,NA,late,12,_,repair_replication,Sancar,-,17759688,0.189891499957851,91,LRD
iz,.,0,100,0,.,0.38,Hela_CPD_DS_NA_late_12_NA,HDLC_comb,single,HeLa_S3,CPD,Damage_seq,20J,NA,late,12,_,repair_replication,Sancar,+,17759688,0.213967722856393,92,LRD
iz,.,0,100,0,.,0.303448275862069,Hela_CPD_DS_NA_late_12_NA,HDLC_comb,single,HeLa_S3,CPD,Damage_seq,20J,NA,late,12,_,repair_replication,Sancar,-,17759688,0.170863517344488,92,LRD
iz,.,0,100,0,.,0.341379310344828,Hela_CPD_DS_NA_late_12_NA,HDLC_comb,single,HeLa_S3,CPD,Damage_seq,20J,NA,late,12,_,repair_replication,Sancar,+,17759688,0.192221457012549,93,LRD
iz,.,0,100,0,.,0.303448275862069,Hela_CPD_DS_NA_late_12_NA,HDLC_comb,single,HeLa_S3,CPD,Damage_seq,20J,NA,late,12,_,repair_replication,Sancar,-,17759688,0.170863517344488,93,LRD
iz,.,0,100,0,.,0.295172413793103,Hela_CPD_DS_NA_late_12_NA,HDLC_comb,single,HeLa_S3,CPD,Damage_seq,20J,NA,late,12,_,repair_replication,Sancar,-,17759688,0.166203603235093,94,LRD
iz,.,0,100,0,.,0.367586206896552,Hela_CPD_DS_NA_late_12_NA,HDLC_comb,single,HeLa_S3,CPD,Damage_seq,20J,NA,late,12,_,repair_replication,Sancar,+,17759688,0.2069778516923,94,LRD
iz,.,0,100,0,.,0.290344827586207,Hela_CPD_DS_NA_late_12_NA,HDLC_comb,single,HeLa_S3,CPD,Damage_seq,20J,NA,late,12,_,repair_replication,Sancar,-,17759688,0.163485320004612,95,LRD
iz,.,0,100,0,.,0.366896551724138,Hela_CPD_DS_NA_late_12_NA,HDLC_comb,single,HeLa_S3,CPD,Damage_seq,20J,NA,late,12,_,repair_replication,Sancar,+,17759688,0.206589525516517,95,LRD
iz,.,0,100,0,.,0.306896551724138,Hela_CPD_DS_NA_late_12_NA,HDLC_comb,single,HeLa_S3,CPD,Damage_seq,20J,NA,late,12,_,repair_replication,Sancar,-,17759688,0.172805148223402,96,LRD
iz,.,0,100,0,.,0.358620689655172,Hela_CPD_DS_NA_late_12_NA,HDLC_comb,single,HeLa_S3,CPD,Damage_seq,20J,NA,late,12,_,repair_replication,Sancar,+,17759688,0.201929611407122,96,LRD
iz,.,0,100,0,.,0.317241379310345,Hela_CPD_DS_NA_late_12_NA,HDLC_comb,single,HeLa_S3,CPD,Damage_seq,20J,NA,late,12,_,repair_replication,Sancar,-,17759688,0.178630040860146,97,LRD
iz,.,0,100,0,.,0.368965517241379,Hela_CPD_DS_NA_late_12_NA,HDLC_comb,single,HeLa_S3,CPD,Damage_seq,20J,NA,late,12,_,repair_replication,Sancar,+,17759688,0.207754504043866,97,LRD
iz,.,0,100,0,.,0.316551724137931,Hela_CPD_DS_NA_late_12_NA,HDLC_comb,single,HeLa_S3,CPD,Damage_seq,20J,NA,late,12,_,repair_replication,Sancar,-,17759688,0.178241714684363,98,LRD
iz,.,0,100,0,.,0.355862068965517,Hela_CPD_DS_NA_late_12_NA,HDLC_comb,single,HeLa_S3,CPD,Damage_seq,20J,NA,late,12,_,repair_replication,Sancar,+,17759688,0.20037630670399,98,LRD
iz,.,0,100,0,.,0.306206896551724,Hela_CPD_DS_NA_late_12_NA,HDLC_comb,single,HeLa_S3,CPD,Damage_seq,20J,NA,late,12,_,repair_replication,Sancar,+,17759688,0.172416822047619,-99,LRD
iz,.,0,100,0,.,0.361379310344828,Hela_CPD_DS_NA_late_12_NA,HDLC_comb,single,HeLa_S3,CPD,Damage_seq,20J,NA,late,12,_,repair_replication,Sancar,-,17759688,0.203482916110253,-99,LRD
iz,.,0,100,0,.,0.369655172413793,Hela_CPD_DS_NA_late_12_NA,HDLC_comb,single,HeLa_S3,CPD,Damage_seq,20J,NA,late,12,_,repair_replication,Sancar,-,17759688,0.208142830219649,-81,LRD
iz,.,0,100,0,.,0.283448275862069,Hela_CPD_DS_NA_late_12_NA,HDLC_comb,single,HeLa_S3,CPD,Damage_seq,20J,NA,late,12,_,repair_replication,Sancar,+,17759688,0.159602058246783,-81,LRD
iz,.,0,100,0,.,0.324137931034483,Hela_CPD_DS_NA_late_12_NA,HDLC_comb,single,HeLa_S3,CPD,Damage_seq,20J,NA,late,12,_,repair_replication,Sancar,-,17759688,0.182513302617975,99,LRD
iz,.,0,100,0,.,0.392413793103448,Hela_CPD_DS_NA_late_12_NA,HDLC_comb,single,HeLa_S3,CPD,Damage_seq,20J,NA,late,12,_,repair_replication,Sancar,+,17759688,0.220957594020485,99,LRD
iz,.,0,100,0,.,0.295172413793103,Hela_CPD_DS_NA_late_12_NA,HDLC_comb,single,HeLa_S3,CPD,Damage_seq,20J,NA,late,12,_,repair_replication,Sancar,-,17759688,0.166203603235093,100,LRD
iz,.,0,100,0,.,0.357241379310345,Hela_CPD_DS_NA_late_12_NA,HDLC_comb,single,HeLa_S3,CPD,Damage_seq,20J,NA,late,12,_,repair_replication,Sancar,+,17759688,0.201152959055556,100,LRD
iz,.,0,100,0,.,0.331724137931035,Hela_CPD_DS_NA_late_12_NA,HDLC_comb,single,HeLa_S3,CPD,Damage_seq,20J,NA,late,12,_,repair_replication,Sancar,+,17759688,0.186784890551588,-80,LRD
iz,.,0,100,0,.,0.367586206896552,Hela_CPD_DS_NA_late_12_NA,HDLC_comb,single,HeLa_S3,CPD,Damage_seq,20J,NA,late,12,_,repair_replication,Sancar,-,17759688,0.2069778516923,-80,LRD
iz,.,0,100,0,.,0.309655172413793,Hela_CPD_DS_NA_late_12_NA,HDLC_comb,single,HeLa_S3,CPD,Damage_seq,20J,NA,late,12,_,repair_replication,Sancar,+,17759688,0.174358452926534,-79,LRD
iz,.,0,100,0,.,0.341379310344828,Hela_CPD_DS_NA_late_12_NA,HDLC_comb,single,HeLa_S3,CPD,Damage_seq,20J,NA,late,12,_,repair_replication,Sancar,-,17759688,0.192221457012549,-79,LRD
iz,.,0,100,0,.,0.309655172413793,Hela_CPD_DS_NA_late_12_NA,HDLC_comb,single,HeLa_S3,CPD,Damage_seq,20J,NA,late,12,_,repair_replication,Sancar,+,17759688,0.174358452926534,-78,LRD
iz,.,0,100,0,.,0.330344827586207,Hela_CPD_DS_NA_late_12_NA,HDLC_comb,single,HeLa_S3,CPD,Damage_seq,20J,NA,late,12,_,repair_replication,Sancar,-,17759688,0.186008238200022,-78,LRD
iz,.,0,100,0,.,0.339310344827586,Hela_CPD_DS_NA_late_12_NA,HDLC_comb,single,HeLa_S3,CPD,Damage_seq,20J,NA,late,12,_,repair_replication,Sancar,-,17759688,0.1910564784852,-77,LRD
iz,.,0,100,0,.,0.298620689655172,Hela_CPD_DS_NA_late_12_NA,HDLC_comb,single,HeLa_S3,CPD,Damage_seq,20J,NA,late,12,_,repair_replication,Sancar,+,17759688,0.168145234114007,-77,LRD
iz,.,0,100,0,.,0.290344827586207,Hela_CPD_DS_NA_late_12_NA,HDLC_comb,single,HeLa_S3,CPD,Damage_seq,20J,NA,late,12,_,repair_replication,Sancar,+,17759688,0.163485320004612,-76,LRD
iz,.,0,100,0,.,0.351034482758621,Hela_CPD_DS_NA_late_12_NA,HDLC_comb,single,HeLa_S3,CPD,Damage_seq,20J,NA,late,12,_,repair_replication,Sancar,-,17759688,0.19765802347351,-76,LRD
iz,.,0,100,0,.,0.309655172413793,Hela_CPD_DS_NA_late_12_NA,HDLC_comb,single,HeLa_S3,CPD,Damage_seq,20J,NA,late,12,_,repair_replication,Sancar,+,17759688,0.174358452926534,-75,LRD
iz,.,0,100,0,.,0.337931034482759,Hela_CPD_DS_NA_late_12_NA,HDLC_comb,single,HeLa_S3,CPD,Damage_seq,20J,NA,late,12,_,repair_replication,Sancar,-,17759688,0.190279826133634,-75,LRD
iz,.,0,100,0,.,0.347586206896552,Hela_CPD_DS_NA_late_12_NA,HDLC_comb,single,HeLa_S3,CPD,Damage_seq,20J,NA,late,12,_,repair_replication,Sancar,-,17759688,0.195716392594595,-74,LRD
iz,.,0,100,0,.,0.315172413793103,Hela_CPD_DS_NA_late_12_NA,HDLC_comb,single,HeLa_S3,CPD,Damage_seq,20J,NA,late,12,_,repair_replication,Sancar,+,17759688,0.177465062332797,-74,LRD
iz,.,0,100,0,.,0.313793103448276,Hela_CPD_DS_NA_late_12_NA,HDLC_comb,single,HeLa_S3,CPD,Damage_seq,20J,NA,late,12,_,repair_replication,Sancar,+,17759688,0.176688409981232,-73,LRD
iz,.,0,100,0,.,0.36551724137931,Hela_CPD_DS_NA_late_12_NA,HDLC_comb,single,HeLa_S3,CPD,Damage_seq,20J,NA,late,12,_,repair_replication,Sancar,-,17759688,0.205812873164951,-73,LRD
iz,.,0,100,0,.,0.327586206896552,Hela_CPD_DS_NA_late_12_NA,HDLC_comb,single,HeLa_S3,CPD,Damage_seq,20J,NA,late,12,_,repair_replication,Sancar,+,17759688,0.18445493349689,-72,LRD
iz,.,0,100,0,.,0.342758620689655,Hela_CPD_DS_NA_late_12_NA,HDLC_comb,single,HeLa_S3,CPD,Damage_seq,20J,NA,late,12,_,repair_replication,Sancar,-,17759688,0.192998109364115,-72,LRD
iz,.,0,100,0,.,0.308965517241379,Hela_CPD_DS_NA_late_12_NA,HDLC_comb,single,HeLa_S3,CPD,Damage_seq,20J,NA,late,12,_,repair_replication,Sancar,+,17759688,0.173970126750751,-98,LRD
iz,.,0,100,0,.,0.348965517241379,Hela_CPD_DS_NA_late_12_NA,HDLC_comb,single,HeLa_S3,CPD,Damage_seq,20J,NA,late,12,_,repair_replication,Sancar,-,17759688,0.196493044946161,-98,LRD
iz,.,0,100,0,.,0.291724137931034,Hela_CPD_DS_NA_late_12_NA,HDLC_comb,single,HeLa_S3,CPD,Damage_seq,20J,NA,late,12,_,repair_replication,Sancar,+,17759688,0.164261972356178,-71,LRD
iz,.,0,100,0,.,0.320689655172414,Hela_CPD_DS_NA_late_12_NA,HDLC_comb,single,HeLa_S3,CPD,Damage_seq,20J,NA,late,12,_,repair_replication,Sancar,-,17759688,0.180571671739061,-71,LRD
iz,.,0,100,0,.,0.316551724137931,Hela_CPD_DS_NA_late_12_NA,HDLC_comb,single,HeLa_S3,CPD,Damage_seq,20J,NA,late,12,_,repair_replication,Sancar,+,17759688,0.178241714684363,-70,LRD
iz,.,0,100,0,.,0.330344827586207,Hela_CPD_DS_NA_late_12_NA,HDLC_comb,single,HeLa_S3,CPD,Damage_seq,20J,NA,late,12,_,repair_replication,Sancar,-,17759688,0.186008238200022,-70,LRD
iz,.,0,100,0,.,0.301379310344828,Hela_CPD_DS_NA_late_12_NA,HDLC_comb,single,HeLa_S3,CPD,Damage_seq,20J,NA,late,12,_,repair_replication,Sancar,+,17759688,0.169698538817139,-69,LRD
iz,.,0,100,0,.,0.350344827586207,Hela_CPD_DS_NA_late_12_NA,HDLC_comb,single,HeLa_S3,CPD,Damage_seq,20J,NA,late,12,_,repair_replication,Sancar,-,17759688,0.197269697297727,-69,LRD
iz,.,0,100,0,.,0.320689655172414,Hela_CPD_DS_NA_late_12_NA,HDLC_comb,single,HeLa_S3,CPD,Damage_seq,20J,NA,late,12,_,repair_replication,Sancar,+,17759688,0.180571671739061,-68,LRD
iz,.,0,100,0,.,0.352413793103448,Hela_CPD_DS_NA_late_12_NA,HDLC_comb,single,HeLa_S3,CPD,Damage_seq,20J,NA,late,12,_,repair_replication,Sancar,-,17759688,0.198434675825075,-68,LRD
iz,.,0,100,0,.,0.306896551724138,Hela_CPD_DS_NA_late_12_NA,HDLC_comb,single,HeLa_S3,CPD,Damage_seq,20J,NA,late,12,_,repair_replication,Sancar,+,17759688,0.172805148223402,-67,LRD
iz,.,0,100,0,.,0.375172413793103,Hela_CPD_DS_NA_late_12_NA,HDLC_comb,single,HeLa_S3,CPD,Damage_seq,20J,NA,late,12,_,repair_replication,Sancar,-,17759688,0.211249439625912,-67,LRD
iz,.,0,100,0,.,0.284137931034483,Hela_CPD_DS_NA_late_12_NA,HDLC_comb,single,HeLa_S3,CPD,Damage_seq,20J,NA,late,12,_,repair_replication,Sancar,+,17759688,0.159990384422566,-66,LRD
iz,.,0,100,0,.,0.331724137931035,Hela_CPD_DS_NA_late_12_NA,HDLC_comb,single,HeLa_S3,CPD,Damage_seq,20J,NA,late,12,_,repair_replication,Sancar,-,17759688,0.186784890551588,-66,LRD
iz,.,0,100,0,.,0.291034482758621,Hela_CPD_DS_NA_late_12_NA,HDLC_comb,single,HeLa_S3,CPD,Damage_seq,20J,NA,late,12,_,repair_replication,Sancar,+,17759688,0.163873646180395,-65,LRD
iz,.,0,100,0,.,0.364137931034483,Hela_CPD_DS_NA_late_12_NA,HDLC_comb,single,HeLa_S3,CPD,Damage_seq,20J,NA,late,12,_,repair_replication,Sancar,-,17759688,0.205036220813385,-65,LRD
iz,.,0,100,0,.,0.3,Hela_CPD_DS_NA_late_12_NA,HDLC_comb,single,HeLa_S3,CPD,Damage_seq,20J,NA,late,12,_,repair_replication,Sancar,+,17759688,0.168921886465573,-64,LRD
iz,.,0,100,0,.,0.350344827586207,Hela_CPD_DS_NA_late_12_NA,HDLC_comb,single,HeLa_S3,CPD,Damage_seq,20J,NA,late,12,_,repair_replication,Sancar,-,17759688,0.197269697297727,-64,LRD
iz,.,0,100,0,.,0.308965517241379,Hela_CPD_DS_NA_late_12_NA,HDLC_comb,single,HeLa_S3,CPD,Damage_seq,20J,NA,late,12,_,repair_replication,Sancar,+,17759688,0.173970126750751,-63,LRD
iz,.,0,100,0,.,0.318620689655172,Hela_CPD_DS_NA_late_12_NA,HDLC_comb,single,HeLa_S3,CPD,Damage_seq,20J,NA,late,12,_,repair_replication,Sancar,-,17759688,0.179406693211712,-63,LRD
iz,.,0,100,0,.,0.352413793103448,Hela_CPD_DS_NA_late_12_NA,HDLC_comb,single,HeLa_S3,CPD,Damage_seq,20J,NA,late,12,_,repair_replication,Sancar,-,17759688,0.198434675825075,-62,LRD
iz,.,0,100,0,.,0.316551724137931,Hela_CPD_DS_NA_late_12_NA,HDLC_comb,single,HeLa_S3,CPD,Damage_seq,20J,NA,late,12,_,repair_replication,Sancar,+,17759688,0.178241714684363,-62,LRD
iz,.,0,100,0,.,0.288275862068965,Hela_CPD_DS_NA_late_12_NA,HDLC_comb,single,HeLa_S3,CPD,Damage_seq,20J,NA,late,12,_,repair_replication,Sancar,+,17759688,0.162320341477263,-97,LRD
iz,.,0,100,0,.,0.383448275862069,Hela_CPD_DS_NA_late_12_NA,HDLC_comb,single,HeLa_S3,CPD,Damage_seq,20J,NA,late,12,_,repair_replication,Sancar,-,17759688,0.215909353735307,-97,LRD
iz,.,0,100,0,.,0.298620689655172,Hela_CPD_DS_NA_late_12_NA,HDLC_comb,single,HeLa_S3,CPD,Damage_seq,20J,NA,late,12,_,repair_replication,Sancar,+,17759688,0.168145234114007,-61,LRD
iz,.,0,100,0,.,0.348275862068965,Hela_CPD_DS_NA_late_12_NA,HDLC_comb,single,HeLa_S3,CPD,Damage_seq,20J,NA,late,12,_,repair_replication,Sancar,-,17759688,0.196104718770378,-61,LRD
iz,.,0,100,0,.,0.346896551724138,Hela_CPD_DS_NA_late_12_NA,HDLC_comb,single,HeLa_S3,CPD,Damage_seq,20J,NA,late,12,_,repair_replication,Sancar,-,17759688,0.195328066418812,-60,LRD
iz,.,0,100,0,.,0.297931034482759,Hela_CPD_DS_NA_late_12_NA,HDLC_comb,single,HeLa_S3,CPD,Damage_seq,20J,NA,late,12,_,repair_replication,Sancar,+,17759688,0.167756907938224,-60,LRD
iz,.,0,100,0,.,0.296551724137931,Hela_CPD_DS_NA_late_12_NA,HDLC_comb,single,HeLa_S3,CPD,Damage_seq,20J,NA,late,12,_,repair_replication,Sancar,+,17759688,0.166980255586658,-59,LRD
iz,.,0,100,0,.,0.323448275862069,Hela_CPD_DS_NA_late_12_NA,HDLC_comb,single,HeLa_S3,CPD,Damage_seq,20J,NA,late,12,_,repair_replication,Sancar,-,17759688,0.182124976442193,-59,LRD
iz,.,0,100,0,.,0.312413793103448,Hela_CPD_DS_NA_late_12_NA,HDLC_comb,single,HeLa_S3,CPD,Damage_seq,20J,NA,late,12,_,repair_replication,Sancar,+,17759688,0.175911757629666,-58,LRD
iz,.,0,100,0,.,0.328965517241379,Hela_CPD_DS_NA_late_12_NA,HDLC_comb,single,HeLa_S3,CPD,Damage_seq,20J,NA,late,12,_,repair_replication,Sancar,-,17759688,0.185231585848456,-58,LRD
iz,.,0,100,0,.,0.308965517241379,Hela_CPD_DS_NA_late_12_NA,HDLC_comb,single,HeLa_S3,CPD,Damage_seq,20J,NA,late,12,_,repair_replication,Sancar,+,17759688,0.173970126750751,-57,LRD
iz,.,0,100,0,.,0.322758620689655,Hela_CPD_DS_NA_late_12_NA,HDLC_comb,single,HeLa_S3,CPD,Damage_seq,20J,NA,late,12,_,repair_replication,Sancar,-,17759688,0.18173665026641,-57,LRD
iz,.,0,100,0,.,0.287586206896552,Hela_CPD_DS_NA_late_12_NA,HDLC_comb,single,HeLa_S3,CPD,Damage_seq,20J,NA,late,12,_,repair_replication,Sancar,+,17759688,0.16193201530148,-56,LRD
iz,.,0,100,0,.,0.335172413793103,Hela_CPD_DS_NA_late_12_NA,HDLC_comb,single,HeLa_S3,CPD,Damage_seq,20J,NA,late,12,_,repair_replication,Sancar,-,17759688,0.188726521430502,-56,LRD
iz,.,0,100,0,.,0.302758620689655,Hela_CPD_DS_NA_late_12_NA,HDLC_comb,single,HeLa_S3,CPD,Damage_seq,20J,NA,late,12,_,repair_replication,Sancar,+,17759688,0.170475191168705,-55,LRD
iz,.,0,100,0,.,0.362068965517241,Hela_CPD_DS_NA_late_12_NA,HDLC_comb,single,HeLa_S3,CPD,Damage_seq,20J,NA,late,12,_,repair_replication,Sancar,-,17759688,0.203871242286036,-55,LRD
iz,.,0,100,0,.,0.29448275862069,Hela_CPD_DS_NA_late_12_NA,HDLC_comb,single,HeLa_S3,CPD,Damage_seq,20J,NA,late,12,_,repair_replication,Sancar,+,17759688,0.16581527705931,-54,LRD
iz,.,0,100,0,.,0.364827586206897,Hela_CPD_DS_NA_late_12_NA,HDLC_comb,single,HeLa_S3,CPD,Damage_seq,20J,NA,late,12,_,repair_replication,Sancar,-,17759688,0.205424546989168,-54,LRD
iz,.,0,100,0,.,0.310344827586207,Hela_CPD_DS_NA_late_12_NA,HDLC_comb,single,HeLa_S3,CPD,Damage_seq,20J,NA,late,12,_,repair_replication,Sancar,+,17759688,0.174746779102317,-53,LRD
iz,.,0,100,0,.,0.338620689655172,Hela_CPD_DS_NA_late_12_NA,HDLC_comb,single,HeLa_S3,CPD,Damage_seq,20J,NA,late,12,_,repair_replication,Sancar,-,17759688,0.190668152309417,-53,LRD
iz,.,0,100,0,.,0.308965517241379,Hela_CPD_DS_NA_late_12_NA,HDLC_comb,single,HeLa_S3,CPD,Damage_seq,20J,NA,late,12,_,repair_replication,Sancar,+,17759688,0.173970126750751,-52,LRD
iz,.,0,100,0,.,0.346206896551724,Hela_CPD_DS_NA_late_12_NA,HDLC_comb,single,HeLa_S3,CPD,Damage_seq,20J,NA,late,12,_,repair_replication,Sancar,-,17759688,0.194939740243029,-52,LRD
iz,.,0,100,0,.,0.324827586206897,Hela_CPD_DS_NA_late_12_NA,HDLC_comb,single,HeLa_S3,CPD,Damage_seq,20J,NA,late,12,_,repair_replication,Sancar,+,17759688,0.182901628793758,-96,LRD
iz,.,0,100,0,.,0.353103448275862,Hela_CPD_DS_NA_late_12_NA,HDLC_comb,single,HeLa_S3,CPD,Damage_seq,20J,NA,late,12,_,repair_replication,Sancar,-,17759688,0.198823002000858,-96,LRD
iz,.,0,100,0,.,0.302758620689655,Hela_CPD_DS_NA_late_12_NA,HDLC_comb,single,HeLa_S3,CPD,Damage_seq,20J,NA,late,12,_,repair_replication,Sancar,+,17759688,0.170475191168705,-51,LRD
iz,.,0,100,0,.,0.375862068965517,Hela_CPD_DS_NA_late_12_NA,HDLC_comb,single,HeLa_S3,CPD,Damage_seq,20J,NA,late,12,_,repair_replication,Sancar,-,17759688,0.211637765801695,-51,LRD
iz,.,0,100,0,.,0.310344827586207,Hela_CPD_DS_NA_late_12_NA,HDLC_comb,single,HeLa_S3,CPD,Damage_seq,20J,NA,late,12,_,repair_replication,Sancar,+,17759688,0.174746779102317,-50,LRD
iz,.,0,100,0,.,0.342758620689655,Hela_CPD_DS_NA_late_12_NA,HDLC_comb,single,HeLa_S3,CPD,Damage_seq,20J,NA,late,12,_,repair_replication,Sancar,-,17759688,0.192998109364115,-50,LRD
iz,.,0,100,0,.,0.331724137931035,Hela_CPD_DS_NA_late_12_NA,HDLC_comb,single,HeLa_S3,CPD,Damage_seq,20J,NA,late,12,_,repair_replication,Sancar,+,17759688,0.186784890551588,-49,LRD
iz,.,0,100,0,.,0.313793103448276,Hela_CPD_DS_NA_late_12_NA,HDLC_comb,single,HeLa_S3,CPD,Damage_seq,20J,NA,late,12,_,repair_replication,Sancar,-,17759688,0.176688409981232,-49,LRD
iz,.,0,100,0,.,0.344827586206897,Hela_CPD_DS_NA_late_12_NA,HDLC_comb,single,HeLa_S3,CPD,Damage_seq,20J,NA,late,12,_,repair_replication,Sancar,-,17759688,0.194163087891463,-48,LRD
iz,.,0,100,0,.,0.30551724137931,Hela_CPD_DS_NA_late_12_NA,HDLC_comb,single,HeLa_S3,CPD,Damage_seq,20J,NA,late,12,_,repair_replication,Sancar,+,17759688,0.172028495871836,-48,LRD
iz,.,0,100,0,.,0.293793103448276,Hela_CPD_DS_NA_late_12_NA,HDLC_comb,single,HeLa_S3,CPD,Damage_seq,20J,NA,late,12,_,repair_replication,Sancar,+,17759688,0.165426950883527,-47,LRD
iz,.,0,100,0,.,0.368965517241379,Hela_CPD_DS_NA_late_12_NA,HDLC_comb,single,HeLa_S3,CPD,Damage_seq,20J,NA,late,12,_,repair_replication,Sancar,-,17759688,0.207754504043866,-47,LRD
iz,.,0,100,0,.,0.291724137931034,Hela_CPD_DS_NA_late_12_NA,HDLC_comb,single,HeLa_S3,CPD,Damage_seq,20J,NA,late,12,_,repair_replication,Sancar,+,17759688,0.164261972356178,-46,LRD
iz,.,0,100,0,.,0.320689655172414,Hela_CPD_DS_NA_late_12_NA,HDLC_comb,single,HeLa_S3,CPD,Damage_seq,20J,NA,late,12,_,repair_replication,Sancar,-,17759688,0.180571671739061,-46,LRD
iz,.,0,100,0,.,0.286206896551724,Hela_CPD_DS_NA_late_12_NA,HDLC_comb,single,HeLa_S3,CPD,Damage_seq,20J,NA,late,12,_,repair_replication,Sancar,+,17759688,0.161155362949915,-45,LRD
iz,.,0,100,0,.,0.368965517241379,Hela_CPD_DS_NA_late_12_NA,HDLC_comb,single,HeLa_S3,CPD,Damage_seq,20J,NA,late,12,_,repair_replication,Sancar,-,17759688,0.207754504043866,-45,LRD
iz,.,0,100,0,.,0.310344827586207,Hela_CPD_DS_NA_late_12_NA,HDLC_comb,single,HeLa_S3,CPD,Damage_seq,20J,NA,late,12,_,repair_replication,Sancar,+,17759688,0.174746779102317,-44,LRD
iz,.,0,100,0,.,0.346896551724138,Hela_CPD_DS_NA_late_12_NA,HDLC_comb,single,HeLa_S3,CPD,Damage_seq,20J,NA,late,12,_,repair_replication,Sancar,-,17759688,0.195328066418812,-44,LRD
iz,.,0,100,0,.,0.3,Hela_CPD_DS_NA_late_12_NA,HDLC_comb,single,HeLa_S3,CPD,Damage_seq,20J,NA,late,12,_,repair_replication,Sancar,+,17759688,0.168921886465573,-43,LRD
iz,.,0,100,0,.,0.348965517241379,Hela_CPD_DS_NA_late_12_NA,HDLC_comb,single,HeLa_S3,CPD,Damage_seq,20J,NA,late,12,_,repair_replication,Sancar,-,17759688,0.196493044946161,-43,LRD
iz,.,0,100,0,.,0.298620689655172,Hela_CPD_DS_NA_late_12_NA,HDLC_comb,single,HeLa_S3,CPD,Damage_seq,20J,NA,late,12,_,repair_replication,Sancar,+,17759688,0.168145234114007,-42,LRD
iz,.,0,100,0,.,0.346206896551724,Hela_CPD_DS_NA_late_12_NA,HDLC_comb,single,HeLa_S3,CPD,Damage_seq,20J,NA,late,12,_,repair_replication,Sancar,-,17759688,0.194939740243029,-42,LRD
iz,.,0,100,0,.,0.288275862068965,Hela_CPD_DS_NA_late_12_NA,HDLC_comb,single,HeLa_S3,CPD,Damage_seq,20J,NA,late,12,_,repair_replication,Sancar,+,17759688,0.162320341477263,-95,LRD
iz,.,0,100,0,.,0.342758620689655,Hela_CPD_DS_NA_late_12_NA,HDLC_comb,single,HeLa_S3,CPD,Damage_seq,20J,NA,late,12,_,repair_replication,Sancar,-,17759688,0.192998109364115,-95,LRD
iz,.,0,100,0,.,0.34,Hela_CPD_DS_NA_late_12_NA,HDLC_comb,single,HeLa_S3,CPD,Damage_seq,20J,NA,late,12,_,repair_replication,Sancar,-,17759688,0.191444804660983,-41,LRD
iz,.,0,100,0,.,0.303448275862069,Hela_CPD_DS_NA_late_12_NA,HDLC_comb,single,HeLa_S3,CPD,Damage_seq,20J,NA,late,12,_,repair_replication,Sancar,+,17759688,0.170863517344488,-41,LRD
iz,.,0,100,0,.,0.28551724137931,Hela_CPD_DS_NA_late_12_NA,HDLC_comb,single,HeLa_S3,CPD,Damage_seq,20J,NA,late,12,_,repair_replication,Sancar,+,17759688,0.160767036774132,-40,LRD
iz,.,0,100,0,.,0.347586206896552,Hela_CPD_DS_NA_late_12_NA,HDLC_comb,single,HeLa_S3,CPD,Damage_seq,20J,NA,late,12,_,repair_replication,Sancar,-,17759688,0.195716392594595,-40,LRD
iz,.,0,100,0,.,0.304137931034483,Hela_CPD_DS_NA_late_12_NA,HDLC_comb,single,HeLa_S3,CPD,Damage_seq,20J,NA,late,12,_,repair_replication,Sancar,+,17759688,0.171251843520271,-39,LRD
iz,.,0,100,0,.,0.342758620689655,Hela_CPD_DS_NA_late_12_NA,HDLC_comb,single,HeLa_S3,CPD,Damage_seq,20J,NA,late,12,_,repair_replication,Sancar,-,17759688,0.192998109364115,-39,LRD
iz,.,0,100,0,.,0.316551724137931,Hela_CPD_DS_NA_late_12_NA,HDLC_comb,single,HeLa_S3,CPD,Damage_seq,20J,NA,late,12,_,repair_replication,Sancar,+,17759688,0.178241714684363,-38,LRD
iz,.,0,100,0,.,0.32551724137931,Hela_CPD_DS_NA_late_12_NA,HDLC_comb,single,HeLa_S3,CPD,Damage_seq,20J,NA,late,12,_,repair_replication,Sancar,-,17759688,0.183289954969541,-38,LRD
iz,.,0,100,0,.,0.331724137931035,Hela_CPD_DS_NA_late_12_NA,HDLC_comb,single,HeLa_S3,CPD,Damage_seq,20J,NA,late,12,_,repair_replication,Sancar,+,17759688,0.186784890551588,-37,LRD
iz,.,0,100,0,.,0.331724137931035,Hela_CPD_DS_NA_late_12_NA,HDLC_comb,single,HeLa_S3,CPD,Damage_seq,20J,NA,late,12,_,repair_replication,Sancar,-,17759688,0.186784890551588,-37,LRD
iz,.,0,100,0,.,0.295862068965517,Hela_CPD_DS_NA_late_12_NA,HDLC_comb,single,HeLa_S3,CPD,Damage_seq,20J,NA,late,12,_,repair_replication,Sancar,+,17759688,0.166591929410875,-36,LRD
iz,.,0,100,0,.,0.353793103448276,Hela_CPD_DS_NA_late_12_NA,HDLC_comb,single,HeLa_S3,CPD,Damage_seq,20J,NA,late,12,_,repair_replication,Sancar,-,17759688,0.199211328176641,-36,LRD
iz,.,0,100,0,.,0.307586206896552,Hela_CPD_DS_NA_late_12_NA,HDLC_comb,single,HeLa_S3,CPD,Damage_seq,20J,NA,late,12,_,repair_replication,Sancar,+,17759688,0.173193474399185,-35,LRD
iz,.,0,100,0,.,0.362758620689655,Hela_CPD_DS_NA_late_12_NA,HDLC_comb,single,HeLa_S3,CPD,Damage_seq,20J,NA,late,12,_,repair_replication,Sancar,-,17759688,0.204259568461819,-35,LRD
iz,.,0,100,0,.,0.308965517241379,Hela_CPD_DS_NA_late_12_NA,HDLC_comb,single,HeLa_S3,CPD,Damage_seq,20J,NA,late,12,_,repair_replication,Sancar,+,17759688,0.173970126750751,-34,LRD
iz,.,0,100,0,.,0.344827586206897,Hela_CPD_DS_NA_late_12_NA,HDLC_comb,single,HeLa_S3,CPD,Damage_seq,20J,NA,late,12,_,repair_replication,Sancar,-,17759688,0.194163087891463,-34,LRD
iz,.,0,100,0,.,0.301379310344828,Hela_CPD_DS_NA_late_12_NA,HDLC_comb,single,HeLa_S3,CPD,Damage_seq,20J,NA,late,12,_,repair_replication,Sancar,+,17759688,0.169698538817139,-33,LRD
iz,.,0,100,0,.,0.328965517241379,Hela_CPD_DS_NA_late_12_NA,HDLC_comb,single,HeLa_S3,CPD,Damage_seq,20J,NA,late,12,_,repair_replication,Sancar,-,17759688,0.185231585848456,-33,LRD
iz,.,0,100,0,.,0.326896551724138,Hela_CPD_DS_NA_late_12_NA,HDLC_comb,single,HeLa_S3,CPD,Damage_seq,20J,NA,late,12,_,repair_replication,Sancar,-,17759688,0.184066607321107,-32,LRD
iz,.,0,100,0,.,0.31448275862069,Hela_CPD_DS_NA_late_12_NA,HDLC_comb,single,HeLa_S3,CPD,Damage_seq,20J,NA,late,12,_,repair_replication,Sancar,+,17759688,0.177076736157014,-32,LRD
iz,.,0,100,0,.,0.284137931034483,Hela_CPD_DS_NA_late_12_NA,HDLC_comb,single,HeLa_S3,CPD,Damage_seq,20J,NA,late,12,_,repair_replication,Sancar,+,17759688,0.159990384422566,-94,LRD
iz,.,0,100,0,.,0.341379310344828,Hela_CPD_DS_NA_late_12_NA,HDLC_comb,single,HeLa_S3,CPD,Damage_seq,20J,NA,late,12,_,repair_replication,Sancar,-,17759688,0.192221457012549,-94,LRD
iz,.,0,100,0,.,0.303448275862069,Hela_CPD_DS_NA_late_12_NA,HDLC_comb,single,HeLa_S3,CPD,Damage_seq,20J,NA,late,12,_,repair_replication,Sancar,+,17759688,0.170863517344488,-31,LRD
iz,.,0,100,0,.,0.346206896551724,Hela_CPD_DS_NA_late_12_NA,HDLC_comb,single,HeLa_S3,CPD,Damage_seq,20J,NA,late,12,_,repair_replication,Sancar,-,17759688,0.194939740243029,-31,LRD
iz,.,0,100,0,.,0.32,Hela_CPD_DS_NA_late_12_NA,HDLC_comb,single,HeLa_S3,CPD,Damage_seq,20J,NA,late,12,_,repair_replication,Sancar,+,17759688,0.180183345563278,-30,LRD
iz,.,0,100,0,.,0.375172413793103,Hela_CPD_DS_NA_late_12_NA,HDLC_comb,single,HeLa_S3,CPD,Damage_seq,20J,NA,late,12,_,repair_replication,Sancar,-,17759688,0.211249439625912,-30,LRD
iz,.,0,100,0,.,0.310344827586207,Hela_CPD_DS_NA_late_12_NA,HDLC_comb,single,HeLa_S3,CPD,Damage_seq,20J,NA,late,12,_,repair_replication,Sancar,+,17759688,0.174746779102317,-29,LRD
iz,.,0,100,0,.,0.338620689655172,Hela_CPD_DS_NA_late_12_NA,HDLC_comb,single,HeLa_S3,CPD,Damage_seq,20J,NA,late,12,_,repair_replication,Sancar,-,17759688,0.190668152309417,-29,LRD
iz,.,0,100,0,.,0.304827586206897,Hela_CPD_DS_NA_late_12_NA,HDLC_comb,single,HeLa_S3,CPD,Damage_seq,20J,NA,late,12,_,repair_replication,Sancar,+,17759688,0.171640169696054,-28,LRD
iz,.,0,100,0,.,0.336551724137931,Hela_CPD_DS_NA_late_12_NA,HDLC_comb,single,HeLa_S3,CPD,Damage_seq,20J,NA,late,12,_,repair_replication,Sancar,-,17759688,0.189503173782068,-28,LRD
iz,.,0,100,0,.,0.299310344827586,Hela_CPD_DS_NA_late_12_NA,HDLC_comb,single,HeLa_S3,CPD,Damage_seq,20J,NA,late,12,_,repair_replication,Sancar,+,17759688,0.16853356028979,-27,LRD
iz,.,0,100,0,.,0.348275862068965,Hela_CPD_DS_NA_late_12_NA,HDLC_comb,single,HeLa_S3,CPD,Damage_seq,20J,NA,late,12,_,repair_replication,Sancar,-,17759688,0.196104718770378,-27,LRD
iz,.,0,100,0,.,0.29448275862069,Hela_CPD_DS_NA_late_12_NA,HDLC_comb,single,HeLa_S3,CPD,Damage_seq,20J,NA,late,12,_,repair_replication,Sancar,+,17759688,0.16581527705931,-26,LRD
iz,.,0,100,0,.,0.346206896551724,Hela_CPD_DS_NA_late_12_NA,HDLC_comb,single,HeLa_S3,CPD,Damage_seq,20J,NA,late,12,_,repair_replication,Sancar,-,17759688,0.194939740243029,-26,LRD
iz,.,0,100,0,.,0.317241379310345,Hela_CPD_DS_NA_late_12_NA,HDLC_comb,single,HeLa_S3,CPD,Damage_seq,20J,NA,late,12,_,repair_replication,Sancar,+,17759688,0.178630040860146,-25,LRD
iz,.,0,100,0,.,0.373103448275862,Hela_CPD_DS_NA_late_12_NA,HDLC_comb,single,HeLa_S3,CPD,Damage_seq,20J,NA,late,12,_,repair_replication,Sancar,-,17759688,0.210084461098563,-25,LRD
iz,.,0,100,0,.,0.346896551724138,Hela_CPD_DS_NA_late_12_NA,HDLC_comb,single,HeLa_S3,CPD,Damage_seq,20J,NA,late,12,_,repair_replication,Sancar,-,17759688,0.195328066418812,-24,LRD
iz,.,0,100,0,.,0.320689655172414,Hela_CPD_DS_NA_late_12_NA,HDLC_comb,single,HeLa_S3,CPD,Damage_seq,20J,NA,late,12,_,repair_replication,Sancar,+,17759688,0.180571671739061,-24,LRD
iz,.,0,100,0,.,0.34,Hela_CPD_DS_NA_late_12_NA,HDLC_comb,single,HeLa_S3,CPD,Damage_seq,20J,NA,late,12,_,repair_replication,Sancar,-,17759688,0.191444804660983,-23,LRD
iz,.,0,100,0,.,0.326206896551724,Hela_CPD_DS_NA_late_12_NA,HDLC_comb,single,HeLa_S3,CPD,Damage_seq,20J,NA,late,12,_,repair_replication,Sancar,+,17759688,0.183678281145324,-23,LRD
iz,.,0,100,0,.,0.303448275862069,Hela_CPD_DS_NA_late_12_NA,HDLC_comb,single,HeLa_S3,CPD,Damage_seq,20J,NA,late,12,_,repair_replication,Sancar,+,17759688,0.170863517344488,-22,LRD
iz,.,0,100,0,.,0.34,Hela_CPD_DS_NA_late_12_NA,HDLC_comb,single,HeLa_S3,CPD,Damage_seq,20J,NA,late,12,_,repair_replication,Sancar,-,17759688,0.191444804660983,-22,LRD
iz,.,0,100,0,.,0.280689655172414,Hela_CPD_DS_NA_late_12_NA,HDLC_comb,single,HeLa_S3,CPD,Damage_seq,20J,NA,late,12,_,repair_replication,Sancar,+,17759688,0.158048753543651,-93,LRD
iz,.,0,100,0,.,0.366206896551724,Hela_CPD_DS_NA_late_12_NA,HDLC_comb,single,HeLa_S3,CPD,Damage_seq,20J,NA,late,12,_,repair_replication,Sancar,-,17759688,0.206201199340734,-93,LRD
iz,.,0,100,0,.,0.308275862068966,Hela_CPD_DS_NA_late_12_NA,HDLC_comb,single,HeLa_S3,CPD,Damage_seq,20J,NA,late,12,_,repair_replication,Sancar,-,17759688,0.173581800574968,-21,LRD
iz,.,0,100,0,.,0.329655172413793,Hela_CPD_DS_NA_late_12_NA,HDLC_comb,single,HeLa_S3,CPD,Damage_seq,20J,NA,late,12,_,repair_replication,Sancar,+,17759688,0.185619912024239,-21,LRD
iz,.,0,100,0,.,0.333793103448276,Hela_CPD_DS_NA_late_12_NA,HDLC_comb,single,HeLa_S3,CPD,Damage_seq,20J,NA,late,12,_,repair_replication,Sancar,+,17759688,0.187949869078936,-20,LRD
iz,.,0,100,0,.,0.359310344827586,Hela_CPD_DS_NA_late_12_NA,HDLC_comb,single,HeLa_S3,CPD,Damage_seq,20J,NA,late,12,_,repair_replication,Sancar,-,17759688,0.202317937582905,-20,LRD
iz,.,0,100,0,.,0.344827586206897,Hela_CPD_DS_NA_late_12_NA,HDLC_comb,single,HeLa_S3,CPD,Damage_seq,20J,NA,late,12,_,repair_replication,Sancar,-,17759688,0.194163087891463,-19,LRD
iz,.,0,100,0,.,0.336551724137931,Hela_CPD_DS_NA_late_12_NA,HDLC_comb,single,HeLa_S3,CPD,Damage_seq,20J,NA,late,12,_,repair_replication,Sancar,+,17759688,0.189503173782068,-19,LRD
iz,.,0,100,0,.,0.300689655172414,Hela_CPD_DS_NA_late_12_NA,HDLC_comb,single,HeLa_S3,CPD,Damage_seq,20J,NA,late,12,_,repair_replication,Sancar,-,17759688,0.169310212641356,-18,LRD
iz,.,0,100,0,.,0.328275862068966,Hela_CPD_DS_NA_late_12_NA,HDLC_comb,single,HeLa_S3,CPD,Damage_seq,20J,NA,late,12,_,repair_replication,Sancar,+,17759688,0.184843259672673,-18,LRD
iz,.,0,100,0,.,0.346896551724138,Hela_CPD_DS_NA_late_12_NA,HDLC_comb,single,HeLa_S3,CPD,Damage_seq,20J,NA,late,12,_,repair_replication,Sancar,-,17759688,0.195328066418812,-17,LRD
iz,.,0,100,0,.,0.290344827586207,Hela_CPD_DS_NA_late_12_NA,HDLC_comb,single,HeLa_S3,CPD,Damage_seq,20J,NA,late,12,_,repair_replication,Sancar,+,17759688,0.163485320004612,-17,LRD
iz,.,0,100,0,.,0.308965517241379,Hela_CPD_DS_NA_late_12_NA,HDLC_comb,single,HeLa_S3,CPD,Damage_seq,20J,NA,late,12,_,repair_replication,Sancar,+,17759688,0.173970126750751,-16,LRD
iz,.,0,100,0,.,0.326896551724138,Hela_CPD_DS_NA_late_12_NA,HDLC_comb,single,HeLa_S3,CPD,Damage_seq,20J,NA,late,12,_,repair_replication,Sancar,-,17759688,0.184066607321107,-16,LRD
iz,.,0,100,0,.,0.307586206896552,Hela_CPD_DS_NA_late_12_NA,HDLC_comb,single,HeLa_S3,CPD,Damage_seq,20J,NA,late,12,_,repair_replication,Sancar,+,17759688,0.173193474399185,-15,LRD
iz,.,0,100,0,.,0.358620689655172,Hela_CPD_DS_NA_late_12_NA,HDLC_comb,single,HeLa_S3,CPD,Damage_seq,20J,NA,late,12,_,repair_replication,Sancar,-,17759688,0.201929611407122,-15,LRD
iz,.,0,100,0,.,0.317931034482759,Hela_CPD_DS_NA_late_12_NA,HDLC_comb,single,HeLa_S3,CPD,Damage_seq,20J,NA,late,12,_,repair_replication,Sancar,+,17759688,0.179018367035929,-14,LRD
iz,.,0,100,0,.,0.355862068965517,Hela_CPD_DS_NA_late_12_NA,HDLC_comb,single,HeLa_S3,CPD,Damage_seq,20J,NA,late,12,_,repair_replication,Sancar,-,17759688,0.20037630670399,-14,LRD
iz,.,0,100,0,.,0.301379310344828,Hela_CPD_DS_NA_late_12_NA,HDLC_comb,single,HeLa_S3,CPD,Damage_seq,20J,NA,late,12,_,repair_replication,Sancar,+,17759688,0.169698538817139,-13,LRD
iz,.,0,100,0,.,0.37448275862069,Hela_CPD_DS_NA_late_12_NA,HDLC_comb,single,HeLa_S3,CPD,Damage_seq,20J,NA,late,12,_,repair_replication,Sancar,-,17759688,0.210861113450129,-13,LRD
iz,.,0,100,0,.,0.307586206896552,Hela_CPD_DS_NA_late_12_NA,HDLC_comb,single,HeLa_S3,CPD,Damage_seq,20J,NA,late,12,_,repair_replication,Sancar,+,17759688,0.173193474399185,-12,LRD
iz,.,0,100,0,.,0.348965517241379,Hela_CPD_DS_NA_late_12_NA,HDLC_comb,single,HeLa_S3,CPD,Damage_seq,20J,NA,late,12,_,repair_replication,Sancar,-,17759688,0.196493044946161,-12,LRD
iz,.,0,100,0,.,0.351034482758621,Hela_CPD_DS_NA_late_12_NA,HDLC_comb,single,HeLa_S3,CPD,Damage_seq,20J,NA,late,12,_,repair_replication,Sancar,-,17759688,0.19765802347351,-92,LRD
iz,.,0,100,0,.,0.292413793103448,Hela_CPD_DS_NA_late_12_NA,HDLC_comb,single,HeLa_S3,CPD,Damage_seq,20J,NA,late,12,_,repair_replication,Sancar,+,17759688,0.164650298531961,-92,LRD
iz,.,0,100,0,.,0.313793103448276,Hela_CPD_DS_NA_late_12_NA,HDLC_comb,single,HeLa_S3,CPD,Damage_seq,20J,NA,late,12,_,repair_replication,Sancar,+,17759688,0.176688409981232,-11,LRD
iz,.,0,100,0,.,0.360689655172414,Hela_CPD_DS_NA_late_12_NA,HDLC_comb,single,HeLa_S3,CPD,Damage_seq,20J,NA,late,12,_,repair_replication,Sancar,-,17759688,0.203094589934471,-11,LRD
iz,.,0,100,0,.,0.30551724137931,Hela_CPD_DS_NA_late_12_NA,HDLC_comb,single,HeLa_S3,CPD,Damage_seq,20J,NA,late,12,_,repair_replication,Sancar,+,17759688,0.172028495871836,-10,LRD
iz,.,0,100,0,.,0.350344827586207,Hela_CPD_DS_NA_late_12_NA,HDLC_comb,single,HeLa_S3,CPD,Damage_seq,20J,NA,late,12,_,repair_replication,Sancar,-,17759688,0.197269697297727,-10,LRD
iz,.,0,100,0,.,0.353103448275862,Hela_CPD_DS_NA_late_12_NA,HDLC_comb,single,HeLa_S3,CPD,Damage_seq,20J,NA,late,12,_,repair_replication,Sancar,-,17759688,0.198823002000858,-9,LRD
iz,.,0,100,0,.,0.337931034482759,Hela_CPD_DS_NA_late_12_NA,HDLC_comb,single,HeLa_S3,CPD,Damage_seq,20J,NA,late,12,_,repair_replication,Sancar,+,17759688,0.190279826133634,-9,LRD
iz,.,0,100,0,.,0.317931034482759,Hela_CPD_DS_NA_late_12_NA,HDLC_comb,single,HeLa_S3,CPD,Damage_seq,20J,NA,late,12,_,repair_replication,Sancar,-,17759688,0.179018367035929,-8,LRD
iz,.,0,100,0,.,0.31448275862069,Hela_CPD_DS_NA_late_12_NA,HDLC_comb,single,HeLa_S3,CPD,Damage_seq,20J,NA,late,12,_,repair_replication,Sancar,+,17759688,0.177076736157014,-8,LRD
iz,.,0,100,0,.,0.317931034482759,Hela_CPD_DS_NA_late_12_NA,HDLC_comb,single,HeLa_S3,CPD,Damage_seq,20J,NA,late,12,_,repair_replication,Sancar,+,17759688,0.179018367035929,-7,LRD
iz,.,0,100,0,.,0.367586206896552,Hela_CPD_DS_NA_late_12_NA,HDLC_comb,single,HeLa_S3,CPD,Damage_seq,20J,NA,late,12,_,repair_replication,Sancar,-,17759688,0.2069778516923,-7,LRD
iz,.,0,100,0,.,0.29448275862069,Hela_CPD_DS_NA_late_12_NA,HDLC_comb,single,HeLa_S3,CPD,Damage_seq,20J,NA,late,12,_,repair_replication,Sancar,+,17759688,0.16581527705931,-6,LRD
iz,.,0,100,0,.,0.316551724137931,Hela_CPD_DS_NA_late_12_NA,HDLC_comb,single,HeLa_S3,CPD,Damage_seq,20J,NA,late,12,_,repair_replication,Sancar,-,17759688,0.178241714684363,-6,LRD
iz,.,0,100,0,.,0.315172413793103,Hela_CPD_DS_NA_late_12_NA,HDLC_comb,single,HeLa_S3,CPD,Damage_seq,20J,NA,late,12,_,repair_replication,Sancar,+,17759688,0.177465062332797,-5,LRD
iz,.,0,100,0,.,0.318620689655172,Hela_CPD_DS_NA_late_12_NA,HDLC_comb,single,HeLa_S3,CPD,Damage_seq,20J,NA,late,12,_,repair_replication,Sancar,-,17759688,0.179406693211712,-5,LRD
iz,.,0,100,0,.,0.3,Hela_CPD_DS_NA_late_12_NA,HDLC_comb,single,HeLa_S3,CPD,Damage_seq,20J,NA,late,12,_,repair_replication,Sancar,+,17759688,0.168921886465573,-4,LRD
iz,.,0,100,0,.,0.361379310344828,Hela_CPD_DS_NA_late_12_NA,HDLC_comb,single,HeLa_S3,CPD,Damage_seq,20J,NA,late,12,_,repair_replication,Sancar,-,17759688,0.203482916110253,-4,LRD
iz,.,0,100,0,.,0.298620689655172,Hela_CPD_DS_NA_late_12_NA,HDLC_comb,single,HeLa_S3,CPD,Damage_seq,20J,NA,late,12,_,repair_replication,Sancar,+,17759688,0.168145234114007,-3,LRD
iz,.,0,100,0,.,0.368965517241379,Hela_CPD_DS_NA_late_12_NA,HDLC_comb,single,HeLa_S3,CPD,Damage_seq,20J,NA,late,12,_,repair_replication,Sancar,-,17759688,0.207754504043866,-3,LRD
iz,.,0,100,0,.,0.32,Hela_CPD_DS_NA_late_12_NA,HDLC_comb,single,HeLa_S3,CPD,Damage_seq,20J,NA,late,12,_,repair_replication,Sancar,+,17759688,0.180183345563278,-2,LRD
iz,.,0,100,0,.,0.342068965517241,Hela_CPD_DS_NA_late_12_NA,HDLC_comb,single,HeLa_S3,CPD,Damage_seq,20J,NA,late,12,_,repair_replication,Sancar,-,17759688,0.192609783188332,-2,LRD
