repdomains,log2val,sample_strand,direction,windows
ERD,0.29716289578332,-,Left Replicating,-1
ERD,0.358908578889528,+,Left Replicating,-1
LRD,-0.708864098157437,-,Left Replicating,-1
LRD,-0.597455600268369,+,Left Replicating,-1
ERD,0.301727780721818,-,Left Replicating,-10
ERD,0.125442878809718,+,Left Replicating,-10
LRD,-0.832884565668461,-,Left Replicating,-10
LRD,-0.330576792320369,+,Left Replicating,-10
ERD,0.231752040666068,-,Left Replicating,-100
ERD,0.147626221910592,+,Left Replicating,-100
LRD,-1.30097163851957,-,Left Replicating,-100
LRD,-1.00203767731412,+,Left Replicating,-100
ERD,0.119811776993174,-,Left Replicating,-11
ERD,0.181988442889165,+,Left Replicating,-11
LRD,-0.623832155191135,-,Left Replicating,-11
LRD,-0.568912533644167,+,Left Replicating,-11
ERD,0.068364120129843,-,Left Replicating,-12
ERD,0.0871660397271649,+,Left Replicating,-12
LRD,-0.660997599820268,-,Left Replicating,-12
LRD,-0.765694442373501,+,Left Replicating,-12
ERD,0.176975165866383,-,Left Replicating,-13
ERD,0.297116876031686,+,Left Replicating,-13
LRD,-0.838048917683729,-,Left Replicating,-13
LRD,-0.550430751818739,+,Left Replicating,-13
ERD,0.313855319072832,-,Left Replicating,-14
ERD,0.148606033810121,+,Left Replicating,-14
LRD,-1.17844013014436,-,Left Replicating,-14
LRD,-0.28466132359862,+,Left Replicating,-14
ERD,0.063935292643998,-,Left Replicating,-15
ERD,0.168337292650659,+,Left Replicating,-15
LRD,-0.769379127126958,-,Left Replicating,-15
LRD,-0.724176823385202,+,Left Replicating,-15
ERD,0.336725629601243,-,Left Replicating,-16
ERD,0.27689112966247,+,Left Replicating,-16
LRD,-1.03960364169619,-,Left Replicating,-16
LRD,-0.553803771726696,+,Left Replicating,-16
ERD,0.181423878372982,-,Left Replicating,-17
ERD,0.431334421916484,+,Left Replicating,-17
LRD,-0.928526253945988,-,Left Replicating,-17
LRD,-0.577831847586565,+,Left Replicating,-17
ERD,0.157117517553757,-,Left Replicating,-18
ERD,0.11849721342049,+,Left Replicating,-18
LRD,-1.21807020547483,-,Left Replicating,-18
LRD,-0.61603516844845,+,Left Replicating,-18
ERD,0.148490253537793,-,Left Replicating,-19
ERD,0.414169600592776,+,Left Replicating,-19
LRD,-0.908906358753342,-,Left Replicating,-19
LRD,0.0708767402567197,+,Left Replicating,-19
ERD,0.255124163702122,-,Left Replicating,-2
ERD,0.0311424417160423,+,Left Replicating,-2
LRD,-0.714832889516435,-,Left Replicating,-2
LRD,-0.611042172902127,+,Left Replicating,-2
ERD,0.174048450117278,-,Left Replicating,-20
ERD,0.38232635493673,+,Left Replicating,-20
LRD,-0.746638947857695,-,Left Replicating,-20
LRD,-0.444951083387622,+,Left Replicating,-20
ERD,0.267212794741872,-,Left Replicating,-21
ERD,0.272076079492363,+,Left Replicating,-21
LRD,-1.05246767911686,-,Left Replicating,-21
LRD,-0.708195560447895,+,Left Replicating,-21
ERD,0.187532598960791,-,Left Replicating,-22
ERD,-0.0842682328874361,+,Left Replicating,-22
LRD,-0.646713652073638,-,Left Replicating,-22
LRD,-0.672082638011455,+,Left Replicating,-22
ERD,0.134900869015613,-,Left Replicating,-23
ERD,-0.01791222641494,+,Left Replicating,-23
LRD,-1.08186243529099,-,Left Replicating,-23
LRD,-0.879184308514118,+,Left Replicating,-23
ERD,0.0685391283917251,-,Left Replicating,-24
ERD,0.193791937571348,+,Left Replicating,-24
LRD,-1.02017901451799,-,Left Replicating,-24
LRD,-0.557356459813865,+,Left Replicating,-24
ERD,0.151862427318545,-,Left Replicating,-25
ERD,0.081447797896369,+,Left Replicating,-25
LRD,-0.61932651805179,-,Left Replicating,-25
LRD,-0.305734409590153,+,Left Replicating,-25
ERD,0.201124684303432,-,Left Replicating,-26
ERD,0.455256826388622,+,Left Replicating,-26
LRD,-1.19152923436573,-,Left Replicating,-26
LRD,-0.664685364839066,+,Left Replicating,-26
ERD,0.000375272390751342,-,Left Replicating,-27
ERD,0.0589994640685825,+,Left Replicating,-27
LRD,-1.06745423749432,-,Left Replicating,-27
LRD,-0.742395043800973,+,Left Replicating,-27
ERD,0.359503683742777,-,Left Replicating,-28
ERD,0.0503901201422509,+,Left Replicating,-28
LRD,-1.0029061492056,-,Left Replicating,-28
LRD,-0.731173711449222,+,Left Replicating,-28
ERD,0.371313010337618,-,Left Replicating,-29
ERD,0.343877536420822,+,Left Replicating,-29
LRD,-1.07561529135163,-,Left Replicating,-29
LRD,-0.550638344839214,+,Left Replicating,-29
ERD,0.167336227643722,-,Left Replicating,-3
ERD,0.178051375542286,+,Left Replicating,-3
LRD,-0.529450370439601,-,Left Replicating,-3
LRD,-0.454388134675264,+,Left Replicating,-3
ERD,0.0949601105534055,-,Left Replicating,-30
ERD,0.358850524940297,+,Left Replicating,-30
LRD,-0.920125715393803,-,Left Replicating,-30
LRD,-0.874987502161978,+,Left Replicating,-30
ERD,0.134351625549048,-,Left Replicating,-31
ERD,-0.0295791249051475,+,Left Replicating,-31
LRD,-0.897267124322866,-,Left Replicating,-31
LRD,-0.401880715243741,+,Left Replicating,-31
ERD,0.108307471481039,-,Left Replicating,-32
ERD,0.174368953960112,+,Left Replicating,-32
LRD,-1.07622605197461,-,Left Replicating,-32
LRD,-0.518794500312156,+,Left Replicating,-32
ERD,0.0885816027440719,-,Left Replicating,-33
ERD,0.219391545032135,+,Left Replicating,-33
LRD,-1.09289759656074,-,Left Replicating,-33
LRD,-0.476402498998554,+,Left Replicating,-33
ERD,0.0624977706448252,-,Left Replicating,-34
ERD,0.275888117272257,+,Left Replicating,-34
LRD,-1.2830676981086,-,Left Replicating,-34
LRD,-0.536437479739239,+,Left Replicating,-34
ERD,-0.0732934089484847,-,Left Replicating,-35
ERD,0.0790816815063588,+,Left Replicating,-35
LRD,-1.14665150010405,-,Left Replicating,-35
LRD,-0.945576233410411,+,Left Replicating,-35
ERD,0.129914735403588,-,Left Replicating,-36
ERD,0.0506273517582011,+,Left Replicating,-36
LRD,-0.943529787678942,-,Left Replicating,-36
LRD,-0.822889188118265,+,Left Replicating,-36
ERD,0.165352729370736,-,Left Replicating,-37
ERD,0.184673586308613,+,Left Replicating,-37
LRD,-1.68363692266124,-,Left Replicating,-37
LRD,-0.873735229068513,+,Left Replicating,-37
ERD,0.290571304430063,-,Left Replicating,-38
ERD,0.201144529928797,+,Left Replicating,-38
LRD,-0.996314638258004,-,Left Replicating,-38
LRD,-0.612893075427155,+,Left Replicating,-38
ERD,-0.0104659341798906,-,Left Replicating,-39
ERD,0.169201654030039,+,Left Replicating,-39
LRD,-1.40891120136747,-,Left Replicating,-39
LRD,-0.725292820812553,+,Left Replicating,-39
ERD,0.473515607967605,-,Left Replicating,-4
ERD,0.343328951591717,+,Left Replicating,-4
LRD,-0.66926269651367,-,Left Replicating,-4
LRD,-0.151810881974148,+,Left Replicating,-4
ERD,0.356471690951943,-,Left Replicating,-40
ERD,0.348783711340783,+,Left Replicating,-40
LRD,-1.3596877239585,-,Left Replicating,-40
LRD,-1.3407730067781,+,Left Replicating,-40
ERD,0.084697441210177,-,Left Replicating,-41
ERD,0.088587078727668,+,Left Replicating,-41
LRD,-1.15035140654171,-,Left Replicating,-41
LRD,-1.01557709939562,+,Left Replicating,-41
ERD,0.227413047471058,-,Left Replicating,-42
ERD,0.152127336501415,+,Left Replicating,-42
LRD,-1.08502585996496,-,Left Replicating,-42
LRD,-0.746127203486474,+,Left Replicating,-42
ERD,0.233254330130593,-,Left Replicating,-43
ERD,0.462311598781644,+,Left Replicating,-43
LRD,-1.4675846313714,-,Left Replicating,-43
LRD,-0.452735497103168,+,Left Replicating,-43
ERD,0.292652462329891,-,Left Replicating,-44
ERD,0.139137786287479,+,Left Replicating,-44
LRD,-1.04821295853074,-,Left Replicating,-44
LRD,-0.582768873705002,+,Left Replicating,-44
ERD,0.190145977537489,-,Left Replicating,-45
ERD,0.294954392934148,+,Left Replicating,-45
LRD,-0.752840982002329,-,Left Replicating,-45
LRD,-0.589330771756577,+,Left Replicating,-45
ERD,0.0676057625476221,-,Left Replicating,-46
ERD,0.117957971615296,+,Left Replicating,-46
LRD,-1.24114128328539,-,Left Replicating,-46
LRD,-1.17772737731306,+,Left Replicating,-46
ERD,0.239113361480776,-,Left Replicating,-47
ERD,0.269077160057047,+,Left Replicating,-47
LRD,-1.12906439442941,-,Left Replicating,-47
LRD,-0.592486339959959,+,Left Replicating,-47
ERD,-0.0440908157808245,-,Left Replicating,-48
ERD,0.0865383469186482,+,Left Replicating,-48
LRD,-1.13567562243651,-,Left Replicating,-48
LRD,-0.756315797916761,+,Left Replicating,-48
ERD,0.233250859175791,-,Left Replicating,-49
ERD,0.409139896045786,+,Left Replicating,-49
LRD,-1.25460399862782,-,Left Replicating,-49
LRD,-0.416500614128603,+,Left Replicating,-49
ERD,0.0388006447738352,-,Left Replicating,-5
ERD,0.444862387937537,+,Left Replicating,-5
LRD,-0.87450673183182,-,Left Replicating,-5
LRD,-0.748444929078035,+,Left Replicating,-5
ERD,0.487527737402914,-,Left Replicating,-50
ERD,0.279020422746266,+,Left Replicating,-50
LRD,-1.14555351737381,-,Left Replicating,-50
LRD,-0.675786465509717,+,Left Replicating,-50
ERD,0.196131319910677,-,Left Replicating,-51
ERD,0.295488346286457,+,Left Replicating,-51
LRD,-1.09605033983083,-,Left Replicating,-51
LRD,-0.514147586530441,+,Left Replicating,-51
ERD,0.209226367395372,-,Left Replicating,-52
ERD,0.295997702287782,+,Left Replicating,-52
LRD,-1.05866657999125,-,Left Replicating,-52
LRD,-0.801191426945717,+,Left Replicating,-52
ERD,0.255413499117095,-,Left Replicating,-53
ERD,0.498219002336447,+,Left Replicating,-53
LRD,-1.01937904351989,-,Left Replicating,-53
LRD,-0.727628960540136,+,Left Replicating,-53
ERD,0.274670223548363,-,Left Replicating,-54
ERD,0.385729589055661,+,Left Replicating,-54
LRD,-1.04979774155844,-,Left Replicating,-54
LRD,-0.713087579673423,+,Left Replicating,-54
ERD,0.162728262837518,-,Left Replicating,-55
ERD,0.39578617094782,+,Left Replicating,-55
LRD,-1.05190731482775,-,Left Replicating,-55
LRD,-0.830869187974252,+,Left Replicating,-55
ERD,-0.180577916395169,-,Left Replicating,-56
ERD,-0.0309841808598604,+,Left Replicating,-56
LRD,-1.2833019789773,-,Left Replicating,-56
LRD,-0.814879756653245,+,Left Replicating,-56
ERD,0.242818833807457,-,Left Replicating,-57
ERD,0.340466446892603,+,Left Replicating,-57
LRD,-1.20233744706776,-,Left Replicating,-57
LRD,-0.681254524296479,+,Left Replicating,-57
ERD,0.252218839398061,-,Left Replicating,-58
ERD,0.226060742029632,+,Left Replicating,-58
LRD,-1.03179415975931,-,Left Replicating,-58
LRD,-0.50758070589501,+,Left Replicating,-58
ERD,0.222295969163142,-,Left Replicating,-59
ERD,0.301570322552468,+,Left Replicating,-59
LRD,-0.96982460864148,-,Left Replicating,-59
LRD,-0.474374337172259,+,Left Replicating,-59
ERD,0.429080055288667,-,Left Replicating,-6
ERD,0.324903637777889,+,Left Replicating,-6
LRD,-0.821968686511131,-,Left Replicating,-6
LRD,-0.675685566208375,+,Left Replicating,-6
ERD,0.351539001747147,-,Left Replicating,-60
ERD,0.0289246294035702,+,Left Replicating,-60
LRD,-1.2197754402654,-,Left Replicating,-60
LRD,-0.610405375184574,+,Left Replicating,-60
ERD,0.130403943044095,-,Left Replicating,-61
ERD,0.199766926877136,+,Left Replicating,-61
LRD,-0.969940066717345,-,Left Replicating,-61
LRD,-0.710091590694447,+,Left Replicating,-61
ERD,0.331014865797895,-,Left Replicating,-62
ERD,0.374107839547931,+,Left Replicating,-62
LRD,-1.04060661716875,-,Left Replicating,-62
LRD,-0.756860805567184,+,Left Replicating,-62
ERD,0.14756834855945,-,Left Replicating,-63
ERD,0.430479919549048,+,Left Replicating,-63
LRD,-0.937409296708191,-,Left Replicating,-63
LRD,-0.669588741150314,+,Left Replicating,-63
ERD,0.386035533650485,-,Left Replicating,-64
ERD,0.228587046748522,+,Left Replicating,-64
LRD,-1.07480728615662,-,Left Replicating,-64
LRD,-0.834348024379054,+,Left Replicating,-64
ERD,0.226688660754871,-,Left Replicating,-65
ERD,0.41316146275418,+,Left Replicating,-65
LRD,-1.53235543476258,-,Left Replicating,-65
LRD,-1.04583432539095,+,Left Replicating,-65
ERD,0.145442420343349,-,Left Replicating,-66
ERD,0.229207430524246,+,Left Replicating,-66
LRD,-1.3064359853704,-,Left Replicating,-66
LRD,-1.06019982402366,+,Left Replicating,-66
ERD,0.421091328287375,-,Left Replicating,-67
ERD,0.352232503056222,+,Left Replicating,-67
LRD,-1.01911576998195,-,Left Replicating,-67
LRD,-0.720994950793014,+,Left Replicating,-67
ERD,0.0605683476011734,-,Left Replicating,-68
ERD,0.375004906494668,+,Left Replicating,-68
LRD,-1.20729428728889,-,Left Replicating,-68
LRD,-0.645362312781262,+,Left Replicating,-68
ERD,0.0715383797961106,-,Left Replicating,-69
ERD,0.352030616930021,+,Left Replicating,-69
LRD,-1.24255117591455,-,Left Replicating,-69
LRD,-0.622128686091977,+,Left Replicating,-69
ERD,0.157136653365487,-,Left Replicating,-7
ERD,0.0503870527940042,+,Left Replicating,-7
LRD,-0.711043474535539,-,Left Replicating,-7
LRD,-0.437464296951532,+,Left Replicating,-7
ERD,0.16766927055123,-,Left Replicating,-70
ERD,0.169588888229519,+,Left Replicating,-70
LRD,-1.22819708337144,-,Left Replicating,-70
LRD,-0.550812502014163,+,Left Replicating,-70
ERD,0.153542646382456,-,Left Replicating,-71
ERD,0.526351692009691,+,Left Replicating,-71
LRD,-1.2929958657182,-,Left Replicating,-71
LRD,-0.581815474847055,+,Left Replicating,-71
ERD,0.213856202734067,-,Left Replicating,-72
ERD,0.101095758571649,+,Left Replicating,-72
LRD,-1.01762483763367,-,Left Replicating,-72
LRD,-0.526050395681795,+,Left Replicating,-72
ERD,-0.0369775462705627,-,Left Replicating,-73
ERD,0.364452095007742,+,Left Replicating,-73
LRD,-1.22412520905529,-,Left Replicating,-73
LRD,-0.58850685988995,+,Left Replicating,-73
ERD,0.184472838613882,-,Left Replicating,-74
ERD,0.521784544022883,+,Left Replicating,-74
LRD,-0.863288550679182,-,Left Replicating,-74
LRD,-0.771885271452386,+,Left Replicating,-74
ERD,0.386594398920995,-,Left Replicating,-75
ERD,0.188409983057509,+,Left Replicating,-75
LRD,-1.04020594289899,-,Left Replicating,-75
LRD,-0.648055717181494,+,Left Replicating,-75
ERD,0.39268430693347,-,Left Replicating,-76
ERD,0.316366150580818,+,Left Replicating,-76
LRD,-1.10654947547992,-,Left Replicating,-76
LRD,-0.752183026579382,+,Left Replicating,-76
ERD,0.132686956204994,-,Left Replicating,-77
ERD,0.382405985169032,+,Left Replicating,-77
LRD,-1.18848060490358,-,Left Replicating,-77
LRD,-0.657754880320857,+,Left Replicating,-77
ERD,0.143232249305787,-,Left Replicating,-78
ERD,0.297089835510832,+,Left Replicating,-78
LRD,-1.01523512215623,-,Left Replicating,-78
LRD,-0.970889356434392,+,Left Replicating,-78
ERD,0.391399095932212,-,Left Replicating,-79
ERD,0.417615333635676,+,Left Replicating,-79
LRD,-1.10767821010818,-,Left Replicating,-79
LRD,-0.354011694727809,+,Left Replicating,-79
ERD,0.16889512503091,-,Left Replicating,-8
ERD,0.422339341647572,+,Left Replicating,-8
LRD,-1.25379021347123,-,Left Replicating,-8
LRD,-0.649889399311755,+,Left Replicating,-8
ERD,0.0354644045145603,-,Left Replicating,-80
ERD,0.510549307606927,+,Left Replicating,-80
LRD,-0.89539946429787,-,Left Replicating,-80
LRD,-0.162249521043684,+,Left Replicating,-80
ERD,0.181991813575938,-,Left Replicating,-81
ERD,0.268036723345572,+,Left Replicating,-81
LRD,-1.05515058522438,-,Left Replicating,-81
LRD,-0.723490940001015,+,Left Replicating,-81
ERD,0.128517159546617,-,Left Replicating,-82
ERD,0.0620873106584832,+,Left Replicating,-82
LRD,-1.00929856571044,-,Left Replicating,-82
LRD,-0.561422594071833,+,Left Replicating,-82
ERD,0.212346288706144,-,Left Replicating,-83
ERD,0.528657191501454,+,Left Replicating,-83
LRD,-1.23497891465792,-,Left Replicating,-83
LRD,-0.670859269800474,+,Left Replicating,-83
ERD,0.132483391072565,-,Left Replicating,-84
ERD,0.16070164348716,+,Left Replicating,-84
LRD,-1.07911147330868,-,Left Replicating,-84
LRD,-0.85127899258633,+,Left Replicating,-84
ERD,0.0944690240510275,-,Left Replicating,-85
ERD,0.254293939542033,+,Left Replicating,-85
LRD,-1.23035730092896,-,Left Replicating,-85
LRD,-0.499994234662393,+,Left Replicating,-85
ERD,0.171246533553122,-,Left Replicating,-86
ERD,0.242584262377534,+,Left Replicating,-86
LRD,-1.33413758649153,-,Left Replicating,-86
LRD,-0.42791302296107,+,Left Replicating,-86
ERD,0.264366799334784,-,Left Replicating,-87
ERD,0.458235024124101,+,Left Replicating,-87
LRD,-1.10723579190337,-,Left Replicating,-87
LRD,-0.922567509928511,+,Left Replicating,-87
ERD,0.132837397879078,-,Left Replicating,-88
ERD,0.275043866719909,+,Left Replicating,-88
LRD,-1.21519006193027,-,Left Replicating,-88
LRD,-0.715454563532899,+,Left Replicating,-88
ERD,0.181470533035696,-,Left Replicating,-89
ERD,0.296495206222178,+,Left Replicating,-89
LRD,-1.25620141780619,-,Left Replicating,-89
LRD,-0.575811295144429,+,Left Replicating,-89
ERD,0.242257034834766,-,Left Replicating,-9
ERD,0.346339331249257,+,Left Replicating,-9
LRD,-0.906497402433486,-,Left Replicating,-9
LRD,-0.339601942419188,+,Left Replicating,-9
ERD,0.196069927788042,-,Left Replicating,-90
ERD,0.327314824680133,+,Left Replicating,-90
LRD,-1.05089242095126,-,Left Replicating,-90
LRD,-0.893005674447907,+,Left Replicating,-90
ERD,0.522418235468687,-,Left Replicating,-91
ERD,0.237324189434942,+,Left Replicating,-91
LRD,-1.22019557470982,-,Left Replicating,-91
LRD,-0.548743653414733,+,Left Replicating,-91
ERD,-0.0157525261733848,-,Left Replicating,-92
ERD,0.24522844094796,+,Left Replicating,-92
LRD,-1.30782653566763,-,Left Replicating,-92
LRD,-0.625551092426768,+,Left Replicating,-92
ERD,0.0724732753934678,-,Left Replicating,-93
ERD,0.0640639121972896,+,Left Replicating,-93
LRD,-1.11886634905322,-,Left Replicating,-93
LRD,-0.813887920046742,+,Left Replicating,-93
ERD,0.110152083371032,-,Left Replicating,-94
ERD,0.190640940243826,+,Left Replicating,-94
LRD,-0.878657813297988,-,Left Replicating,-94
LRD,-0.71810395742229,+,Left Replicating,-94
ERD,0.00649217448129742,-,Left Replicating,-95
ERD,0.264968823891268,+,Left Replicating,-95
LRD,-0.759381158214674,-,Left Replicating,-95
LRD,-0.666050927438564,+,Left Replicating,-95
ERD,0.19977710189523,-,Left Replicating,-96
ERD,0.449121361434064,+,Left Replicating,-96
LRD,-1.14833136500737,-,Left Replicating,-96
LRD,-0.276217595959729,+,Left Replicating,-96
ERD,0.182169942479109,-,Left Replicating,-97
ERD,0.209045953624934,+,Left Replicating,-97
LRD,-1.47560987000097,-,Left Replicating,-97
LRD,-0.678566422218074,+,Left Replicating,-97
ERD,-0.0213878082292931,-,Left Replicating,-98
ERD,0.324139164638951,+,Left Replicating,-98
LRD,-0.962819952612092,-,Left Replicating,-98
LRD,-0.239272530979145,+,Left Replicating,-98
ERD,0.165588944970953,-,Left Replicating,-99
ERD,0.51265119124726,+,Left Replicating,-99
LRD,-1.38519550213399,-,Left Replicating,-99
LRD,-0.578549236746408,+,Left Replicating,-99
ERD,0.0580020719005222,-,Right Replicating,1
ERD,0.0622142192898326,+,Right Replicating,1
LRD,-0.836937628107537,-,Right Replicating,1
LRD,-0.587726708436093,+,Right Replicating,1
ERD,0.274833771919855,-,Right Replicating,10
ERD,-0.0282503194091141,+,Right Replicating,10
LRD,-0.721769528579789,-,Right Replicating,10
LRD,-0.463553164289567,+,Right Replicating,10
ERD,0.241717903346905,-,Right Replicating,100
ERD,0.160362328741927,+,Right Replicating,100
LRD,-0.834133234325054,-,Right Replicating,100
LRD,-0.901183343517589,+,Right Replicating,100
ERD,0.133987668525433,-,Right Replicating,11
ERD,0.143656093872324,+,Right Replicating,11
LRD,-0.278187075927092,-,Right Replicating,11
LRD,-0.609443507158663,+,Right Replicating,11
ERD,0.0794939991396824,-,Right Replicating,12
ERD,0.1370085969447,+,Right Replicating,12
LRD,-0.292394685573003,-,Right Replicating,12
LRD,-0.537746991668559,+,Right Replicating,12
ERD,0.0949520441362657,-,Right Replicating,13
ERD,0.0629016514734016,+,Right Replicating,13
LRD,-0.841050989324433,-,Right Replicating,13
LRD,-0.529197535754756,+,Right Replicating,13
ERD,0.18411315627468,-,Right Replicating,14
ERD,0.239932524250889,+,Right Replicating,14
LRD,-0.621790440496286,-,Right Replicating,14
LRD,-0.925742746811141,+,Right Replicating,14
ERD,0.328641355028476,-,Right Replicating,15
ERD,0.172965775298829,+,Right Replicating,15
LRD,-0.810005426098368,-,Right Replicating,15
LRD,-1.11098560913207,+,Right Replicating,15
ERD,0.215365865614768,-,Right Replicating,16
ERD,0.230439471153783,+,Right Replicating,16
LRD,-0.625934256060092,-,Right Replicating,16
LRD,-0.649951365257603,+,Right Replicating,16
ERD,0.350595328768492,-,Right Replicating,17
ERD,0.220619654023128,+,Right Replicating,17
LRD,-0.561402382614151,-,Right Replicating,17
LRD,-0.835494802284536,+,Right Replicating,17
ERD,0.262337309697635,-,Right Replicating,18
ERD,0.136638534017334,+,Right Replicating,18
LRD,-0.672038966244799,-,Right Replicating,18
LRD,-0.62957897646944,+,Right Replicating,18
ERD,0.0986582314822153,-,Right Replicating,19
ERD,0.0666558959522835,+,Right Replicating,19
LRD,-0.422386026527638,-,Right Replicating,19
LRD,-0.627803232422165,+,Right Replicating,19
ERD,0.322531224507272,-,Right Replicating,2
ERD,0.506214512444361,+,Right Replicating,2
LRD,-0.599398094040414,-,Right Replicating,2
LRD,-0.520046133095397,+,Right Replicating,2
ERD,0.244211945996987,-,Right Replicating,20
ERD,0.158229978782557,+,Right Replicating,20
LRD,-0.794366385340323,-,Right Replicating,20
LRD,-0.907236781618606,+,Right Replicating,20
ERD,0.173904287802026,-,Right Replicating,21
ERD,0.11670928171553,+,Right Replicating,21
LRD,-0.473546633035198,-,Right Replicating,21
LRD,-1.00035851692848,+,Right Replicating,21
ERD,0.397225359452008,-,Right Replicating,22
ERD,0.130556898418191,+,Right Replicating,22
LRD,-0.343227193154593,-,Right Replicating,22
LRD,-0.877613103580594,+,Right Replicating,22
ERD,0.0543406103080546,-,Right Replicating,23
ERD,0.330723465232044,+,Right Replicating,23
LRD,-0.818973644401101,-,Right Replicating,23
LRD,-0.434730707146697,+,Right Replicating,23
ERD,0.240250592371309,-,Right Replicating,24
ERD,0.348208844169134,+,Right Replicating,24
LRD,-0.521514463584306,-,Right Replicating,24
LRD,-0.56093027205633,+,Right Replicating,24
ERD,0.140339428458567,-,Right Replicating,25
ERD,0.307045607785237,+,Right Replicating,25
LRD,-0.494811311150708,-,Right Replicating,25
LRD,-0.869766983868108,+,Right Replicating,25
ERD,0.293475999390426,-,Right Replicating,26
ERD,0.36287442422102,+,Right Replicating,26
LRD,-0.572912286009453,-,Right Replicating,26
LRD,-0.703790686230297,+,Right Replicating,26
ERD,0.152530379532886,-,Right Replicating,27
ERD,0.155419719400843,+,Right Replicating,27
LRD,-0.757556116558324,-,Right Replicating,27
LRD,-0.767351155428592,+,Right Replicating,27
ERD,0.330772205022766,-,Right Replicating,28
ERD,0.276141176198374,+,Right Replicating,28
LRD,-0.318391313332477,-,Right Replicating,28
LRD,-1.00592276304046,+,Right Replicating,28
ERD,0.353016163687162,-,Right Replicating,29
ERD,0.026658133254016,+,Right Replicating,29
LRD,-0.868206956266852,-,Right Replicating,29
LRD,-0.678346182609175,+,Right Replicating,29
ERD,0.30666027918471,-,Right Replicating,3
ERD,0.274252286797456,+,Right Replicating,3
LRD,-0.565646743278119,-,Right Replicating,3
LRD,-0.870919093685256,+,Right Replicating,3
ERD,0.0296121135365017,-,Right Replicating,30
ERD,0.15125732096901,+,Right Replicating,30
LRD,-0.220908417257888,-,Right Replicating,30
LRD,-0.94212611245949,+,Right Replicating,30
ERD,0.0311561319627636,-,Right Replicating,31
ERD,0.0548647430774762,+,Right Replicating,31
LRD,-0.469879128634597,-,Right Replicating,31
LRD,-0.856585230242752,+,Right Replicating,31
ERD,0.159297970064721,-,Right Replicating,32
ERD,-0.0379911292721122,+,Right Replicating,32
LRD,-0.607384920434268,-,Right Replicating,32
LRD,-0.832931967237476,+,Right Replicating,32
ERD,0.257541507707487,-,Right Replicating,33
ERD,0.347402815578289,+,Right Replicating,33
LRD,-0.487437500018902,-,Right Replicating,33
LRD,-0.811918843139738,+,Right Replicating,33
ERD,0.370303514433903,-,Right Replicating,34
ERD,0.271661800798873,+,Right Replicating,34
LRD,-0.71060943126984,-,Right Replicating,34
LRD,-0.956720840908179,+,Right Replicating,34
ERD,0.48229924476737,-,Right Replicating,35
ERD,0.269184353366389,+,Right Replicating,35
LRD,-0.611392204542433,-,Right Replicating,35
LRD,-0.781440678356741,+,Right Replicating,35
ERD,0.248935092487411,-,Right Replicating,36
ERD,0.34339674092319,+,Right Replicating,36
LRD,-0.252244467215464,-,Right Replicating,36
LRD,-0.806297367473293,+,Right Replicating,36
ERD,0.082162889766917,-,Right Replicating,37
ERD,0.133512901864741,+,Right Replicating,37
LRD,-0.71049289546511,-,Right Replicating,37
LRD,-0.718894369726003,+,Right Replicating,37
ERD,0.120158813714013,-,Right Replicating,38
ERD,0.161065584701088,+,Right Replicating,38
LRD,-0.169957547182827,-,Right Replicating,38
LRD,-0.654769257573743,+,Right Replicating,38
ERD,0.250984814410488,-,Right Replicating,39
ERD,0.181558953373272,+,Right Replicating,39
LRD,-0.378597836353823,-,Right Replicating,39
LRD,-0.690452977579937,+,Right Replicating,39
ERD,0.339684615462159,-,Right Replicating,4
ERD,0.19449553625466,+,Right Replicating,4
LRD,-0.981116758690887,-,Right Replicating,4
LRD,-0.508867983022144,+,Right Replicating,4
ERD,0.138223037851378,-,Right Replicating,40
ERD,0.00640093530602791,+,Right Replicating,40
LRD,-0.355679695634949,-,Right Replicating,40
LRD,-1.07462148860758,+,Right Replicating,40
ERD,0.284148191628054,-,Right Replicating,41
ERD,0.205419951277926,+,Right Replicating,41
LRD,-0.423116813128623,-,Right Replicating,41
LRD,-0.870357948666779,+,Right Replicating,41
ERD,0.328815826026566,-,Right Replicating,42
ERD,0.412261204721678,+,Right Replicating,42
LRD,-0.630722880153475,-,Right Replicating,42
LRD,-0.899541791694721,+,Right Replicating,42
ERD,0.454695576104264,-,Right Replicating,43
ERD,0.15981595708676,+,Right Replicating,43
LRD,-0.692987350920313,-,Right Replicating,43
LRD,-1.27485329521634,+,Right Replicating,43
ERD,0.231465417358688,-,Right Replicating,44
ERD,0.120288868272268,+,Right Replicating,44
LRD,-0.846538608434808,-,Right Replicating,44
LRD,-1.06977015375577,+,Right Replicating,44
ERD,0.271643009781761,-,Right Replicating,45
ERD,0.164693935056469,+,Right Replicating,45
LRD,-0.693112012908187,-,Right Replicating,45
LRD,-1.33910017150457,+,Right Replicating,45
ERD,0.321651894988045,-,Right Replicating,46
ERD,0.326844585427787,+,Right Replicating,46
LRD,-0.781514017630084,-,Right Replicating,46
LRD,-1.0357177517054,+,Right Replicating,46
ERD,0.419474620722062,-,Right Replicating,47
ERD,0.226370448513926,+,Right Replicating,47
LRD,-0.942492060392895,-,Right Replicating,47
LRD,-0.934930642586502,+,Right Replicating,47
ERD,0.187604204011058,-,Right Replicating,48
ERD,0.259601716576728,+,Right Replicating,48
LRD,-0.613410167414954,-,Right Replicating,48
LRD,-1.11728324339697,+,Right Replicating,48
ERD,0.556414466910531,-,Right Replicating,49
ERD,0.205828894091346,+,Right Replicating,49
LRD,-0.476037284203402,-,Right Replicating,49
LRD,-1.29057176611825,+,Right Replicating,49
ERD,0.149652557402402,-,Right Replicating,5
ERD,0.174910057673229,+,Right Replicating,5
LRD,-0.189190860536054,-,Right Replicating,5
LRD,-0.400422037648714,+,Right Replicating,5
ERD,0.336114965284382,-,Right Replicating,50
ERD,0.272463701736087,+,Right Replicating,50
LRD,-0.869654893115007,-,Right Replicating,50
LRD,-0.909469140233194,+,Right Replicating,50
ERD,0.565303138660484,-,Right Replicating,51
ERD,0.29984975049293,+,Right Replicating,51
LRD,-0.446598059799659,-,Right Replicating,51
LRD,-0.96530392257887,+,Right Replicating,51
ERD,0.476151481116605,-,Right Replicating,52
ERD,0.373551541152014,+,Right Replicating,52
LRD,-0.916682070217424,-,Right Replicating,52
LRD,-1.16147504433083,+,Right Replicating,52
ERD,0.336442196474735,-,Right Replicating,53
ERD,0.180343708309991,+,Right Replicating,53
LRD,-0.548745738776774,-,Right Replicating,53
LRD,-0.975697444841883,+,Right Replicating,53
ERD,0.324018124003796,-,Right Replicating,54
ERD,0.390455700625458,+,Right Replicating,54
LRD,-0.673760835516303,-,Right Replicating,54
LRD,-0.914775769110997,+,Right Replicating,54
ERD,0.438572623381834,-,Right Replicating,55
ERD,0.125728542787539,+,Right Replicating,55
LRD,-0.706403696245459,-,Right Replicating,55
LRD,-0.833659519528946,+,Right Replicating,55
ERD,0.215681867790188,-,Right Replicating,56
ERD,0.181064864492861,+,Right Replicating,56
LRD,-0.765888982629924,-,Right Replicating,56
LRD,-1.0720491075892,+,Right Replicating,56
ERD,0.112010646445942,-,Right Replicating,57
ERD,0.11828412336852,+,Right Replicating,57
LRD,-0.764132924498361,-,Right Replicating,57
LRD,-1.15160858939544,+,Right Replicating,57
ERD,0.294661947071927,-,Right Replicating,58
ERD,0.0233957826041471,+,Right Replicating,58
LRD,-0.77464302791358,-,Right Replicating,58
LRD,-0.907036557938525,+,Right Replicating,58
ERD,0.153132969809026,-,Right Replicating,59
ERD,-0.0746246416390235,+,Right Replicating,59
LRD,-0.603441771885431,-,Right Replicating,59
LRD,-1.04527366879261,+,Right Replicating,59
ERD,0.32032135701216,-,Right Replicating,6
ERD,0.372020663302274,+,Right Replicating,6
LRD,-0.3427350950138,-,Right Replicating,6
LRD,-0.494857421056782,+,Right Replicating,6
ERD,0.121790571302826,-,Right Replicating,60
ERD,0.271882455759623,+,Right Replicating,60
LRD,-0.66646745278786,-,Right Replicating,60
LRD,-1.08005755561177,+,Right Replicating,60
ERD,0.33808209651296,-,Right Replicating,61
ERD,0.137145467174575,+,Right Replicating,61
LRD,-0.3723749975856,-,Right Replicating,61
LRD,-0.832322569689921,+,Right Replicating,61
ERD,0.262316008725858,-,Right Replicating,62
ERD,0.0706754722753863,+,Right Replicating,62
LRD,-0.861646371291026,-,Right Replicating,62
LRD,-1.15539634601978,+,Right Replicating,62
ERD,0.205505938457989,-,Right Replicating,63
ERD,-0.0307431286761546,+,Right Replicating,63
LRD,-0.782754995329025,-,Right Replicating,63
LRD,-0.961082602383432,+,Right Replicating,63
ERD,0.465927252573944,-,Right Replicating,64
ERD,0.32169869575939,+,Right Replicating,64
LRD,-0.659536793158844,-,Right Replicating,64
LRD,-0.928453996261639,+,Right Replicating,64
ERD,0.307202843352682,-,Right Replicating,65
ERD,0.138988804706416,+,Right Replicating,65
LRD,-0.689615829511328,-,Right Replicating,65
LRD,-1.11543128068898,+,Right Replicating,65
ERD,0.144881391066562,-,Right Replicating,66
ERD,0.359699793072881,+,Right Replicating,66
LRD,-0.0206454712631575,-,Right Replicating,66
LRD,-1.36386832088317,+,Right Replicating,66
ERD,0.409459981398149,-,Right Replicating,67
ERD,0.186269616675079,+,Right Replicating,67
LRD,-0.704186059066614,-,Right Replicating,67
LRD,-1.38932890476028,+,Right Replicating,67
ERD,0.20437595506992,-,Right Replicating,68
ERD,0.270275292071928,+,Right Replicating,68
LRD,-0.573581910946655,-,Right Replicating,68
LRD,-1.46638120881945,+,Right Replicating,68
ERD,0.170752306309087,-,Right Replicating,69
ERD,0.0357685626321215,+,Right Replicating,69
LRD,-0.748631227509574,-,Right Replicating,69
LRD,-1.15902792947992,+,Right Replicating,69
ERD,0.106684560771687,-,Right Replicating,7
ERD,0.182211110397869,+,Right Replicating,7
LRD,-0.4169042724028,-,Right Replicating,7
LRD,-0.348229851447707,+,Right Replicating,7
ERD,-0.0286144906261876,-,Right Replicating,70
ERD,-0.0160220674471185,+,Right Replicating,70
LRD,-1.09105335843282,-,Right Replicating,70
LRD,-1.12373908998537,+,Right Replicating,70
ERD,0.210447827549009,-,Right Replicating,71
ERD,-0.0112420486420839,+,Right Replicating,71
LRD,-0.623530175086379,-,Right Replicating,71
LRD,-1.03259641471323,+,Right Replicating,71
ERD,0.218513537972088,-,Right Replicating,72
ERD,0.127916965722723,+,Right Replicating,72
LRD,-0.583913131163392,-,Right Replicating,72
LRD,-1.25866308227511,+,Right Replicating,72
ERD,0.194109624018411,-,Right Replicating,73
ERD,0.161315506239461,+,Right Replicating,73
LRD,-0.634465331829466,-,Right Replicating,73
LRD,-1.08626241465943,+,Right Replicating,73
ERD,0.298507682335933,-,Right Replicating,74
ERD,0.0163982029301907,+,Right Replicating,74
LRD,-0.691465700672413,-,Right Replicating,74
LRD,-0.984058925152563,+,Right Replicating,74
ERD,0.40652530670871,-,Right Replicating,75
ERD,0.0506622640359878,+,Right Replicating,75
LRD,-0.95435698827975,-,Right Replicating,75
LRD,-1.28921481857782,+,Right Replicating,75
ERD,0.302018101267171,-,Right Replicating,76
ERD,-0.0158183357536583,+,Right Replicating,76
LRD,-0.777328016598912,-,Right Replicating,76
LRD,-1.12861347069297,+,Right Replicating,76
ERD,0.263087473167075,-,Right Replicating,77
ERD,0.427809296740857,+,Right Replicating,77
LRD,-0.872800911599574,-,Right Replicating,77
LRD,-1.25623140173823,+,Right Replicating,77
ERD,0.367912616783259,-,Right Replicating,78
ERD,0.154080256715056,+,Right Replicating,78
LRD,-0.689158510517289,-,Right Replicating,78
LRD,-1.28384608373309,+,Right Replicating,78
ERD,0.176631098471971,-,Right Replicating,79
ERD,0.249198893772356,+,Right Replicating,79
LRD,-0.983618163052789,-,Right Replicating,79
LRD,-1.30775170140347,+,Right Replicating,79
ERD,0.0463440331400036,-,Right Replicating,8
ERD,0.0954343400091432,+,Right Replicating,8
LRD,-0.425514165220776,-,Right Replicating,8
LRD,-0.43268955490141,+,Right Replicating,8
ERD,0.322931807383805,-,Right Replicating,80
ERD,0.158554399283917,+,Right Replicating,80
LRD,-0.943139119850018,-,Right Replicating,80
LRD,-0.994124331365218,+,Right Replicating,80
ERD,0.164748246058828,-,Right Replicating,81
ERD,0.254130703603717,+,Right Replicating,81
LRD,-0.609993776714684,-,Right Replicating,81
LRD,-1.0512088321167,+,Right Replicating,81
ERD,0.0167344728913415,-,Right Replicating,82
ERD,0.202250359963075,+,Right Replicating,82
LRD,-0.724265541383859,-,Right Replicating,82
LRD,-0.845818440154173,+,Right Replicating,82
ERD,0.466462966624683,-,Right Replicating,83
ERD,0.0341911959624163,+,Right Replicating,83
LRD,-0.938967675562718,-,Right Replicating,83
LRD,-1.13523225363996,+,Right Replicating,83
ERD,0.504520609472941,-,Right Replicating,84
ERD,-0.13605769716554,+,Right Replicating,84
LRD,-0.937733367364353,-,Right Replicating,84
LRD,-1.29110464036318,+,Right Replicating,84
ERD,0.633453835519174,-,Right Replicating,85
ERD,0.187865376894257,+,Right Replicating,85
LRD,-0.562527024198343,-,Right Replicating,85
LRD,-1.077595301106,+,Right Replicating,85
ERD,0.546213810931458,-,Right Replicating,86
ERD,0.369478274837331,+,Right Replicating,86
LRD,-0.753501381478495,-,Right Replicating,86
LRD,-1.30797655614932,+,Right Replicating,86
ERD,0.32716583477462,-,Right Replicating,87
ERD,0.462834016066987,+,Right Replicating,87
LRD,-0.301977495668625,-,Right Replicating,87
LRD,-0.872404538528747,+,Right Replicating,87
ERD,0.10118201209137,-,Right Replicating,88
ERD,0.245521096022809,+,Right Replicating,88
LRD,-0.624362054526356,-,Right Replicating,88
LRD,-1.28719481001761,+,Right Replicating,88
ERD,0.292095684156842,-,Right Replicating,89
ERD,0.288910976468389,+,Right Replicating,89
LRD,-0.772800654341076,-,Right Replicating,89
LRD,-1.06005776511393,+,Right Replicating,89
ERD,0.156488013392683,-,Right Replicating,9
ERD,0.137264716050043,+,Right Replicating,9
LRD,-0.711376400441986,-,Right Replicating,9
LRD,-0.508437798631454,+,Right Replicating,9
ERD,0.18782067433138,-,Right Replicating,90
ERD,0.318513378530035,+,Right Replicating,90
LRD,-0.5056814578222,-,Right Replicating,90
LRD,-1.23776929112099,+,Right Replicating,90
ERD,0.108800980232417,-,Right Replicating,91
ERD,0.228844480853305,+,Right Replicating,91
LRD,-0.47089300936022,-,Right Replicating,91
LRD,-1.21716416759724,+,Right Replicating,91
ERD,0.18841814186095,-,Right Replicating,92
ERD,0.432568145555216,+,Right Replicating,92
LRD,-0.889422170302624,-,Right Replicating,92
LRD,-1.10837330016416,+,Right Replicating,92
ERD,0.212090125850783,-,Right Replicating,93
ERD,0.154854512623891,+,Right Replicating,93
LRD,-0.79267958619669,-,Right Replicating,93
LRD,-1.61907279252491,+,Right Replicating,93
ERD,0.177406553018564,-,Right Replicating,94
ERD,0.0950904342110549,+,Right Replicating,94
LRD,-0.754941989541298,-,Right Replicating,94
LRD,-0.673055692287378,+,Right Replicating,94
ERD,0.453976859537926,-,Right Replicating,95
ERD,0.362138865706164,+,Right Replicating,95
LRD,-0.514245217634071,-,Right Replicating,95
LRD,-1.26356318994496,+,Right Replicating,95
ERD,0.202239997844684,-,Right Replicating,96
ERD,0.282602552752671,+,Right Replicating,96
LRD,-0.708152349347701,-,Right Replicating,96
LRD,-1.21020711016984,+,Right Replicating,96
ERD,0.260333409856829,-,Right Replicating,97
ERD,0.0916367769247511,+,Right Replicating,97
LRD,-0.824576582518321,-,Right Replicating,97
LRD,-0.953163235088741,+,Right Replicating,97
ERD,0.609139677162493,-,Right Replicating,98
ERD,0.35816733163777,+,Right Replicating,98
LRD,-0.735250466045842,-,Right Replicating,98
LRD,-1.28153153981333,+,Right Replicating,98
ERD,0.199257104297971,-,Right Replicating,99
ERD,0.112318137239159,+,Right Replicating,99
LRD,-0.668402819947744,-,Right Replicating,99
LRD,-0.707996191109797,+,Right Replicating,99
