repdomains,log2val,sample_strand,direction,windows
ERD,-0.178534895799619,-,Left Replicating,-1
ERD,-0.0636650267507492,+,Left Replicating,-1
LRD,-0.369086482689178,-,Left Replicating,-1
LRD,-0.174856807831075,+,Left Replicating,-1
ERD,-0.071859357845529,-,Left Replicating,-10
ERD,-0.210961983502742,+,Left Replicating,-10
LRD,-0.539841543570368,-,Left Replicating,-10
LRD,-0.287919982351833,+,Left Replicating,-10
ERD,-0.329827764444668,-,Left Replicating,-100
ERD,-0.0900557771338934,+,Left Replicating,-100
LRD,-0.580906525592183,-,Left Replicating,-100
LRD,-0.382336796241778,+,Left Replicating,-100
ERD,-0.134674718920263,-,Left Replicating,-11
ERD,-0.0789578077015497,+,Left Replicating,-11
LRD,-0.227400459681765,-,Left Replicating,-11
LRD,-0.177564129915296,+,Left Replicating,-11
ERD,-0.138849240197143,-,Left Replicating,-12
ERD,-0.0972948271256105,+,Left Replicating,-12
LRD,-0.411018329457225,-,Left Replicating,-12
LRD,-0.433500823383423,+,Left Replicating,-12
ERD,-0.245070762316992,-,Left Replicating,-13
ERD,-0.259398915534191,+,Left Replicating,-13
LRD,-0.446634977024543,-,Left Replicating,-13
LRD,-0.324596682658731,+,Left Replicating,-13
ERD,-0.0565152461822906,-,Left Replicating,-14
ERD,-0.13354019826035,+,Left Replicating,-14
LRD,-0.529119081563497,-,Left Replicating,-14
LRD,-0.327925829820576,+,Left Replicating,-14
ERD,-0.129614827643606,-,Left Replicating,-15
ERD,0.000205388749905332,+,Left Replicating,-15
LRD,-0.568190117518558,-,Left Replicating,-15
LRD,-0.284294072004657,+,Left Replicating,-15
ERD,-0.129057222398776,-,Left Replicating,-16
ERD,-0.138823539914403,+,Left Replicating,-16
LRD,-0.456398526298723,-,Left Replicating,-16
LRD,-0.201713176627292,+,Left Replicating,-16
ERD,-0.128583601011223,-,Left Replicating,-17
ERD,-0.133619914762916,+,Left Replicating,-17
LRD,-0.49962244321937,-,Left Replicating,-17
LRD,-0.270081039269096,+,Left Replicating,-17
ERD,-0.215100385457887,-,Left Replicating,-18
ERD,-0.187682947545308,+,Left Replicating,-18
LRD,-0.524176913871226,-,Left Replicating,-18
LRD,-0.276054641689038,+,Left Replicating,-18
ERD,-0.381969232107344,-,Left Replicating,-19
ERD,-0.220200939093393,+,Left Replicating,-19
LRD,-0.517908057991334,-,Left Replicating,-19
LRD,-0.0800732129445412,+,Left Replicating,-19
ERD,0.0132393333892538,-,Left Replicating,-2
ERD,-0.0847606949856105,+,Left Replicating,-2
LRD,-0.364893742730807,-,Left Replicating,-2
LRD,-0.159098919203407,+,Left Replicating,-2
ERD,-0.149727722092339,-,Left Replicating,-20
ERD,-0.30004858546803,+,Left Replicating,-20
LRD,-0.531449148644369,-,Left Replicating,-20
LRD,-0.0810894830076715,+,Left Replicating,-20
ERD,-0.304628596367406,-,Left Replicating,-21
ERD,-0.156479141537349,+,Left Replicating,-21
LRD,-0.427549534438165,-,Left Replicating,-21
LRD,-0.400747420336615,+,Left Replicating,-21
ERD,-0.151932181098564,-,Left Replicating,-22
ERD,-0.134340493251683,+,Left Replicating,-22
LRD,-0.499585679985119,-,Left Replicating,-22
LRD,-0.118216573057442,+,Left Replicating,-22
ERD,-0.1058043302185,-,Left Replicating,-23
ERD,0.0123628021383643,+,Left Replicating,-23
LRD,-0.527934667443227,-,Left Replicating,-23
LRD,-0.342526368449497,+,Left Replicating,-23
ERD,-0.0497375795078342,-,Left Replicating,-24
ERD,-0.130266922896333,+,Left Replicating,-24
LRD,-0.249579375399535,-,Left Replicating,-24
LRD,-0.272884049055498,+,Left Replicating,-24
ERD,-0.0979412863519665,-,Left Replicating,-25
ERD,-0.350411727136247,+,Left Replicating,-25
LRD,-0.632792875937713,-,Left Replicating,-25
LRD,-0.188098529780745,+,Left Replicating,-25
ERD,0.0231037302421676,-,Left Replicating,-26
ERD,-0.173709277874861,+,Left Replicating,-26
LRD,-0.536638335498953,-,Left Replicating,-26
LRD,-0.517313774492258,+,Left Replicating,-26
ERD,-0.202545584157908,-,Left Replicating,-27
ERD,-0.128026808655117,+,Left Replicating,-27
LRD,-0.555843840173362,-,Left Replicating,-27
LRD,-0.283843478893353,+,Left Replicating,-27
ERD,-0.137088734747053,-,Left Replicating,-28
ERD,-0.0504800763966037,+,Left Replicating,-28
LRD,-0.600222356398903,-,Left Replicating,-28
LRD,-0.147254537313332,+,Left Replicating,-28
ERD,0.0156528809692067,-,Left Replicating,-29
ERD,0.0545883578454606,+,Left Replicating,-29
LRD,-0.604542522333002,-,Left Replicating,-29
LRD,-0.249558619516329,+,Left Replicating,-29
ERD,-0.102010497273709,-,Left Replicating,-3
ERD,0.150106945554569,+,Left Replicating,-3
LRD,-0.345449898152465,-,Left Replicating,-3
LRD,-0.181809500476898,+,Left Replicating,-3
ERD,-0.0876123526198075,-,Left Replicating,-30
ERD,-0.208819729240043,+,Left Replicating,-30
LRD,-0.61554982408836,-,Left Replicating,-30
LRD,-0.34685682995962,+,Left Replicating,-30
ERD,-0.219012126864141,-,Left Replicating,-31
ERD,-0.211359545723151,+,Left Replicating,-31
LRD,-0.650069066634433,-,Left Replicating,-31
LRD,-0.232142228940942,+,Left Replicating,-31
ERD,-0.202633929390281,-,Left Replicating,-32
ERD,-0.26156078772,+,Left Replicating,-32
LRD,-0.560638433795808,-,Left Replicating,-32
LRD,-0.313181732827692,+,Left Replicating,-32
ERD,-0.163856282877004,-,Left Replicating,-33
ERD,-0.0817149938432371,+,Left Replicating,-33
LRD,-0.545584492314549,-,Left Replicating,-33
LRD,-0.198790267538035,+,Left Replicating,-33
ERD,-0.244505024678732,-,Left Replicating,-34
ERD,-0.0844915415091325,+,Left Replicating,-34
LRD,-0.613126898821879,-,Left Replicating,-34
LRD,-0.248454045977522,+,Left Replicating,-34
ERD,-0.153435419119248,-,Left Replicating,-35
ERD,-0.145542752823456,+,Left Replicating,-35
LRD,-0.550714883542842,-,Left Replicating,-35
LRD,-0.437708939684114,+,Left Replicating,-35
ERD,-0.201401130991359,-,Left Replicating,-36
ERD,-0.16384699623649,+,Left Replicating,-36
LRD,-0.49979652657298,-,Left Replicating,-36
LRD,-0.205339076928034,+,Left Replicating,-36
ERD,-0.249278544649492,-,Left Replicating,-37
ERD,-0.0715518316448067,+,Left Replicating,-37
LRD,-0.495081873365774,-,Left Replicating,-37
LRD,-0.0145656175495965,+,Left Replicating,-37
ERD,-0.0908897991158185,-,Left Replicating,-38
ERD,-0.17123094170626,+,Left Replicating,-38
LRD,-0.429183417499464,-,Left Replicating,-38
LRD,-0.314162453131678,+,Left Replicating,-38
ERD,-0.216169032512667,-,Left Replicating,-39
ERD,-0.0654124218304487,+,Left Replicating,-39
LRD,-0.679682554887793,-,Left Replicating,-39
LRD,-0.261415052698671,+,Left Replicating,-39
ERD,-0.0400443766451223,-,Left Replicating,-4
ERD,0.0228833722281274,+,Left Replicating,-4
LRD,-0.347047066020834,-,Left Replicating,-4
LRD,-0.0589517313941184,+,Left Replicating,-4
ERD,-0.0397661351496728,-,Left Replicating,-40
ERD,-0.00879771733199132,+,Left Replicating,-40
LRD,-0.704500845054218,-,Left Replicating,-40
LRD,-0.334256240246052,+,Left Replicating,-40
ERD,-0.119856746365567,-,Left Replicating,-41
ERD,-0.279866462290608,+,Left Replicating,-41
LRD,-0.602659570831178,-,Left Replicating,-41
LRD,-0.40594654410377,+,Left Replicating,-41
ERD,0.013176897304735,-,Left Replicating,-42
ERD,-0.0987114407735536,+,Left Replicating,-42
LRD,-0.523202540351853,-,Left Replicating,-42
LRD,-0.252695679599049,+,Left Replicating,-42
ERD,-0.110989085466685,-,Left Replicating,-43
ERD,-0.139845132360691,+,Left Replicating,-43
LRD,-0.607526524833626,-,Left Replicating,-43
LRD,-0.0794894118721403,+,Left Replicating,-43
ERD,-0.0466041959937774,-,Left Replicating,-44
ERD,-0.0466601242821967,+,Left Replicating,-44
LRD,-0.682868203704414,-,Left Replicating,-44
LRD,-0.320873086728087,+,Left Replicating,-44
ERD,-0.171815823679189,-,Left Replicating,-45
ERD,0.0617455614892518,+,Left Replicating,-45
LRD,-0.497636984555568,-,Left Replicating,-45
LRD,-0.303655206584436,+,Left Replicating,-45
ERD,-0.11470278470253,-,Left Replicating,-46
ERD,-0.0547403028850738,+,Left Replicating,-46
LRD,-0.659811276446648,-,Left Replicating,-46
LRD,-0.0853247394611607,+,Left Replicating,-46
ERD,-0.226979619230239,-,Left Replicating,-47
ERD,-0.213109141907616,+,Left Replicating,-47
LRD,-0.66706270439261,-,Left Replicating,-47
LRD,-0.476153679506583,+,Left Replicating,-47
ERD,-0.279293336023779,-,Left Replicating,-48
ERD,-0.186683805979961,+,Left Replicating,-48
LRD,-0.619859397953777,-,Left Replicating,-48
LRD,-0.435183010614006,+,Left Replicating,-48
ERD,-0.143469714990931,-,Left Replicating,-49
ERD,-0.268835212034867,+,Left Replicating,-49
LRD,-0.561960943469568,-,Left Replicating,-49
LRD,-0.461179367520578,+,Left Replicating,-49
ERD,-0.0367648124368009,-,Left Replicating,-5
ERD,-0.049683775821169,+,Left Replicating,-5
LRD,-0.207018419581713,-,Left Replicating,-5
LRD,-0.151712726983888,+,Left Replicating,-5
ERD,-0.19401154816072,-,Left Replicating,-50
ERD,-0.185237530470104,+,Left Replicating,-50
LRD,-0.583411477924611,-,Left Replicating,-50
LRD,-0.149124134524407,+,Left Replicating,-50
ERD,-0.0882724828390841,-,Left Replicating,-51
ERD,-0.0578747875406683,+,Left Replicating,-51
LRD,-0.572877153300956,-,Left Replicating,-51
LRD,-0.336492727121648,+,Left Replicating,-51
ERD,0.00226851364508866,-,Left Replicating,-52
ERD,-0.0974168250797011,+,Left Replicating,-52
LRD,-0.313626622084184,-,Left Replicating,-52
LRD,-0.162161380532216,+,Left Replicating,-52
ERD,-0.131657535096974,-,Left Replicating,-53
ERD,-0.0954835873976211,+,Left Replicating,-53
LRD,-0.650974081880203,-,Left Replicating,-53
LRD,-0.328022925884054,+,Left Replicating,-53
ERD,-0.111465930754788,-,Left Replicating,-54
ERD,-0.0811087655603679,+,Left Replicating,-54
LRD,-0.689562219317676,-,Left Replicating,-54
LRD,-0.268823466446198,+,Left Replicating,-54
ERD,0.0557794298609122,-,Left Replicating,-55
ERD,-0.273660096857067,+,Left Replicating,-55
LRD,-0.490963084526568,-,Left Replicating,-55
LRD,-0.320131920191332,+,Left Replicating,-55
ERD,-0.0372321822361085,-,Left Replicating,-56
ERD,-0.307491190028061,+,Left Replicating,-56
LRD,-0.626807671511084,-,Left Replicating,-56
LRD,-0.378770788482036,+,Left Replicating,-56
ERD,-0.144446471806629,-,Left Replicating,-57
ERD,-0.126533985067625,+,Left Replicating,-57
LRD,-0.680219971584812,-,Left Replicating,-57
LRD,-0.279157824392205,+,Left Replicating,-57
ERD,-0.149522545065521,-,Left Replicating,-58
ERD,-0.0700342366554599,+,Left Replicating,-58
LRD,-0.720825123228729,-,Left Replicating,-58
LRD,-0.265182103673271,+,Left Replicating,-58
ERD,-0.0287733258612418,-,Left Replicating,-59
ERD,-0.0242751711968906,+,Left Replicating,-59
LRD,-0.755137203818398,-,Left Replicating,-59
LRD,-0.338756209920384,+,Left Replicating,-59
ERD,-0.034539467660661,-,Left Replicating,-6
ERD,-0.11284240456538,+,Left Replicating,-6
LRD,-0.140130926731632,-,Left Replicating,-6
LRD,-0.0138342281926831,+,Left Replicating,-6
ERD,-0.118238369042833,-,Left Replicating,-60
ERD,-0.191005469287829,+,Left Replicating,-60
LRD,-0.598187063334361,-,Left Replicating,-60
LRD,-0.31721492652195,+,Left Replicating,-60
ERD,-0.254142977248274,-,Left Replicating,-61
ERD,-0.256663047825167,+,Left Replicating,-61
LRD,-0.501293193497282,-,Left Replicating,-61
LRD,-0.263157016578752,+,Left Replicating,-61
ERD,0.0595958416655612,-,Left Replicating,-62
ERD,-0.00382463530306996,+,Left Replicating,-62
LRD,-0.694445194000992,-,Left Replicating,-62
LRD,-0.231566373137581,+,Left Replicating,-62
ERD,-0.256172718470463,-,Left Replicating,-63
ERD,-0.140174600281143,+,Left Replicating,-63
LRD,-0.543529502321858,-,Left Replicating,-63
LRD,-0.50659365914449,+,Left Replicating,-63
ERD,-0.167411003526013,-,Left Replicating,-64
ERD,-0.0593195839988002,+,Left Replicating,-64
LRD,-0.457157528339853,-,Left Replicating,-64
LRD,-0.470521319033814,+,Left Replicating,-64
ERD,-0.0641576959562675,-,Left Replicating,-65
ERD,-0.0908677375999303,+,Left Replicating,-65
LRD,-0.830584257273244,-,Left Replicating,-65
LRD,-0.153403821400782,+,Left Replicating,-65
ERD,-0.277858567940633,-,Left Replicating,-66
ERD,-0.150452533075522,+,Left Replicating,-66
LRD,-0.62760237533532,-,Left Replicating,-66
LRD,-0.26991631770763,+,Left Replicating,-66
ERD,-0.0545144002724407,-,Left Replicating,-67
ERD,0.057911297359981,+,Left Replicating,-67
LRD,-0.457455492448282,-,Left Replicating,-67
LRD,-0.350009111988349,+,Left Replicating,-67
ERD,-0.0535467002427271,-,Left Replicating,-68
ERD,0.0723033942614686,+,Left Replicating,-68
LRD,-0.564679500216361,-,Left Replicating,-68
LRD,-0.240839680623255,+,Left Replicating,-68
ERD,-0.10708575184094,-,Left Replicating,-69
ERD,-0.0727321449108951,+,Left Replicating,-69
LRD,-0.588876253094573,-,Left Replicating,-69
LRD,-0.432746420687401,+,Left Replicating,-69
ERD,-0.246512112569837,-,Left Replicating,-7
ERD,-0.146899350877925,+,Left Replicating,-7
LRD,-0.354169998488865,-,Left Replicating,-7
LRD,-0.108757201025972,+,Left Replicating,-7
ERD,0.0971452245248885,-,Left Replicating,-70
ERD,-0.143496515297899,+,Left Replicating,-70
LRD,-0.575693805640086,-,Left Replicating,-70
LRD,-0.235476053046362,+,Left Replicating,-70
ERD,-0.0366447468196355,-,Left Replicating,-71
ERD,-0.126145368823052,+,Left Replicating,-71
LRD,-0.686759080219898,-,Left Replicating,-71
LRD,-0.343050808437607,+,Left Replicating,-71
ERD,-0.235091835533443,-,Left Replicating,-72
ERD,-0.0334890765418482,+,Left Replicating,-72
LRD,-0.5525704458412,-,Left Replicating,-72
LRD,-0.247809925010491,+,Left Replicating,-72
ERD,-0.0493889073331281,-,Left Replicating,-73
ERD,-0.135196784201905,+,Left Replicating,-73
LRD,-0.615048997778822,-,Left Replicating,-73
LRD,-0.184659446567241,+,Left Replicating,-73
ERD,-0.26196403175899,-,Left Replicating,-74
ERD,-0.169121748025692,+,Left Replicating,-74
LRD,-0.720011484826336,-,Left Replicating,-74
LRD,-0.0559362052313748,+,Left Replicating,-74
ERD,-0.0863769637121396,-,Left Replicating,-75
ERD,-0.149097382272849,+,Left Replicating,-75
LRD,-0.706599433312721,-,Left Replicating,-75
LRD,-0.362922324343903,+,Left Replicating,-75
ERD,-0.0910549373581461,-,Left Replicating,-76
ERD,-0.190149704800035,+,Left Replicating,-76
LRD,-0.71174759377625,-,Left Replicating,-76
LRD,-0.173093574791108,+,Left Replicating,-76
ERD,-0.149693912815597,-,Left Replicating,-77
ERD,0.0183078575978053,+,Left Replicating,-77
LRD,-0.588400118586596,-,Left Replicating,-77
LRD,-0.380139808648849,+,Left Replicating,-77
ERD,-0.178306874628707,-,Left Replicating,-78
ERD,0.0488929918053545,+,Left Replicating,-78
LRD,-0.643366369469851,-,Left Replicating,-78
LRD,-0.221796209895202,+,Left Replicating,-78
ERD,-0.0692784546465713,-,Left Replicating,-79
ERD,0.0645054927817892,+,Left Replicating,-79
LRD,-0.706378784610961,-,Left Replicating,-79
LRD,-0.342073135845653,+,Left Replicating,-79
ERD,-0.168719862253135,-,Left Replicating,-8
ERD,-0.124186830396779,+,Left Replicating,-8
LRD,-0.625859529629506,-,Left Replicating,-8
LRD,-0.0773408291185332,+,Left Replicating,-8
ERD,-0.263583775221957,-,Left Replicating,-80
ERD,-0.21600233538326,+,Left Replicating,-80
LRD,-0.423729247514055,-,Left Replicating,-80
LRD,-0.370016158554966,+,Left Replicating,-80
ERD,-0.100617545544963,-,Left Replicating,-81
ERD,-0.221342709463986,+,Left Replicating,-81
LRD,-0.71110768060032,-,Left Replicating,-81
LRD,-0.496916749323535,+,Left Replicating,-81
ERD,0.0485094379589612,-,Left Replicating,-82
ERD,-0.0215982128245938,+,Left Replicating,-82
LRD,-0.619931860281551,-,Left Replicating,-82
LRD,-0.333062136590086,+,Left Replicating,-82
ERD,-0.0423116870085152,-,Left Replicating,-83
ERD,-0.0220834549511046,+,Left Replicating,-83
LRD,-0.716830743852672,-,Left Replicating,-83
LRD,-0.272566107272911,+,Left Replicating,-83
ERD,-0.208578833269159,-,Left Replicating,-84
ERD,-0.038217124327105,+,Left Replicating,-84
LRD,-0.817075921832029,-,Left Replicating,-84
LRD,-0.147800764046645,+,Left Replicating,-84
ERD,-0.179404282501248,-,Left Replicating,-85
ERD,-0.23063211303721,+,Left Replicating,-85
LRD,-0.712044279938471,-,Left Replicating,-85
LRD,-0.1207094136016,+,Left Replicating,-85
ERD,-0.172221939887732,-,Left Replicating,-86
ERD,-0.240833930643878,+,Left Replicating,-86
LRD,-0.847395445811052,-,Left Replicating,-86
LRD,-0.237784971029727,+,Left Replicating,-86
ERD,-0.0161461203183336,-,Left Replicating,-87
ERD,0.212411731967922,+,Left Replicating,-87
LRD,-0.730151528329357,-,Left Replicating,-87
LRD,-0.264409426887532,+,Left Replicating,-87
ERD,-0.24757869397709,-,Left Replicating,-88
ERD,-0.153135445483691,+,Left Replicating,-88
LRD,-0.733265457438375,-,Left Replicating,-88
LRD,-0.447618282074056,+,Left Replicating,-88
ERD,-0.166866621055884,-,Left Replicating,-89
ERD,-0.197943628295248,+,Left Replicating,-89
LRD,-0.706399350090578,-,Left Replicating,-89
LRD,-0.00959094187840349,+,Left Replicating,-89
ERD,-0.11359807857062,-,Left Replicating,-9
ERD,-0.204009556606791,+,Left Replicating,-9
LRD,-0.244231325686503,-,Left Replicating,-9
LRD,-0.117504806047008,+,Left Replicating,-9
ERD,-0.129229604485093,-,Left Replicating,-90
ERD,0.00859264641535915,+,Left Replicating,-90
LRD,-0.614499059988395,-,Left Replicating,-90
LRD,-0.367811711406727,+,Left Replicating,-90
ERD,-0.134798473821539,-,Left Replicating,-91
ERD,-0.207493984450602,+,Left Replicating,-91
LRD,-0.656031592388564,-,Left Replicating,-91
LRD,-0.123927446707432,+,Left Replicating,-91
ERD,-0.109243979731915,-,Left Replicating,-92
ERD,-0.0483568803421434,+,Left Replicating,-92
LRD,-0.691125162637589,-,Left Replicating,-92
LRD,-0.107913307381328,+,Left Replicating,-92
ERD,0.00207598317481148,-,Left Replicating,-93
ERD,-0.0237468739769011,+,Left Replicating,-93
LRD,-0.73798672104286,-,Left Replicating,-93
LRD,-0.263269920199418,+,Left Replicating,-93
ERD,-0.104992631696356,-,Left Replicating,-94
ERD,0.0473299398228255,+,Left Replicating,-94
LRD,-0.495743869434618,-,Left Replicating,-94
LRD,-0.178815365521667,+,Left Replicating,-94
ERD,-0.241156706079649,-,Left Replicating,-95
ERD,-0.098234503664757,+,Left Replicating,-95
LRD,-0.589101564669394,-,Left Replicating,-95
LRD,-0.441728722132329,+,Left Replicating,-95
ERD,-0.13536534552816,-,Left Replicating,-96
ERD,-0.072977249829434,+,Left Replicating,-96
LRD,-0.700574537674721,-,Left Replicating,-96
LRD,-0.426484223757552,+,Left Replicating,-96
ERD,-0.0436769478020826,-,Left Replicating,-97
ERD,-0.0688339234785389,+,Left Replicating,-97
LRD,-0.591024430603407,-,Left Replicating,-97
LRD,-0.293890902607808,+,Left Replicating,-97
ERD,-0.239659029732992,-,Left Replicating,-98
ERD,-0.0767573045188916,+,Left Replicating,-98
LRD,-0.696238522241726,-,Left Replicating,-98
LRD,-0.236543305760336,+,Left Replicating,-98
ERD,-0.296428620738912,-,Left Replicating,-99
ERD,-0.209178077561021,+,Left Replicating,-99
LRD,-0.546389078008258,-,Left Replicating,-99
LRD,-0.323237134204866,+,Left Replicating,-99
ERD,-0.21492428769946,-,Right Replicating,1
ERD,-0.231697944585846,+,Right Replicating,1
LRD,-0.211890911182117,-,Right Replicating,1
LRD,0.0297952992939925,+,Right Replicating,1
ERD,-0.121096221536549,-,Right Replicating,10
ERD,-0.233616980353116,+,Right Replicating,10
LRD,-0.154948514031635,-,Right Replicating,10
LRD,-0.0421845849514179,+,Right Replicating,10
ERD,-0.0239220652702558,-,Right Replicating,100
ERD,-0.0725800973899541,+,Right Replicating,100
LRD,-0.389132831554788,-,Right Replicating,100
LRD,-0.851266590432087,+,Right Replicating,100
ERD,-0.0444494258984557,-,Right Replicating,11
ERD,-0.175733355714746,+,Right Replicating,11
LRD,-0.184132878109197,-,Right Replicating,11
LRD,-0.173559180207019,+,Right Replicating,11
ERD,-0.103725551645138,-,Right Replicating,12
ERD,-0.114159827595585,+,Right Replicating,12
LRD,-0.18787569504095,-,Right Replicating,12
LRD,-0.07868600693025,+,Right Replicating,12
ERD,-0.162866107600424,-,Right Replicating,13
ERD,-0.194748743816552,+,Right Replicating,13
LRD,-0.0874980157035426,-,Right Replicating,13
LRD,-0.232162529941513,+,Right Replicating,13
ERD,-0.19973726192875,-,Right Replicating,14
ERD,-0.00816362053493327,+,Right Replicating,14
LRD,-0.0808556651638478,-,Right Replicating,14
LRD,-0.405205570949722,+,Right Replicating,14
ERD,-0.177422495665524,-,Right Replicating,15
ERD,-0.0434341059237082,+,Right Replicating,15
LRD,-0.161381091921726,-,Right Replicating,15
LRD,-0.212063061843294,+,Right Replicating,15
ERD,-0.17005721346503,-,Right Replicating,16
ERD,-0.277511853711978,+,Right Replicating,16
LRD,-0.0477542598357434,-,Right Replicating,16
LRD,-0.443694938503337,+,Right Replicating,16
ERD,-0.067990191760245,-,Right Replicating,17
ERD,-0.188417398252712,+,Right Replicating,17
LRD,-0.154938482783318,-,Right Replicating,17
LRD,-0.389674641883509,+,Right Replicating,17
ERD,-0.237935994854588,-,Right Replicating,18
ERD,-0.162394096545051,+,Right Replicating,18
LRD,-0.120495465722521,-,Right Replicating,18
LRD,-0.151718105879886,+,Right Replicating,18
ERD,-0.0439066643553789,-,Right Replicating,19
ERD,-0.256645118018292,+,Right Replicating,19
LRD,-0.302270378414736,-,Right Replicating,19
LRD,-0.299059299632649,+,Right Replicating,19
ERD,-0.274664008259375,-,Right Replicating,2
ERD,-0.105681631536054,+,Right Replicating,2
LRD,-0.261268866684039,-,Right Replicating,2
LRD,-0.0376727494098967,+,Right Replicating,2
ERD,-0.0749000496269056,-,Right Replicating,20
ERD,-0.260066378518113,+,Right Replicating,20
LRD,-0.358523874170468,-,Right Replicating,20
LRD,-0.249011740651488,+,Right Replicating,20
ERD,-0.0529778264590559,-,Right Replicating,21
ERD,-0.287725757688829,+,Right Replicating,21
LRD,-0.179527236210357,-,Right Replicating,21
LRD,-0.310513668079267,+,Right Replicating,21
ERD,-0.177509982577143,-,Right Replicating,22
ERD,-0.0771516845857895,+,Right Replicating,22
LRD,-0.0404561487886198,-,Right Replicating,22
LRD,-0.330123493934842,+,Right Replicating,22
ERD,-0.10126092954818,-,Right Replicating,23
ERD,-0.189778670434667,+,Right Replicating,23
LRD,-0.00834808310036196,-,Right Replicating,23
LRD,-0.343785078525526,+,Right Replicating,23
ERD,-0.179470341676951,-,Right Replicating,24
ERD,-0.0811472514351898,+,Right Replicating,24
LRD,-0.107363092821019,-,Right Replicating,24
LRD,-0.43468640639686,+,Right Replicating,24
ERD,0.00561327613686837,-,Right Replicating,25
ERD,-0.0497916955082724,+,Right Replicating,25
LRD,-0.27063252745893,-,Right Replicating,25
LRD,-0.495881603335685,+,Right Replicating,25
ERD,-0.206147987089535,-,Right Replicating,26
ERD,-0.00845576442771666,+,Right Replicating,26
LRD,-0.151518654596342,-,Right Replicating,26
LRD,-0.371440214862874,+,Right Replicating,26
ERD,0.0102073179940291,-,Right Replicating,27
ERD,-0.106611243821604,+,Right Replicating,27
LRD,-0.213005058843844,-,Right Replicating,27
LRD,-0.370200214454876,+,Right Replicating,27
ERD,-0.0689597022292719,-,Right Replicating,28
ERD,-0.130426516641674,+,Right Replicating,28
LRD,-0.295771087911061,-,Right Replicating,28
LRD,-0.295074430484646,+,Right Replicating,28
ERD,-0.270384300539643,-,Right Replicating,29
ERD,-0.060845137018081,+,Right Replicating,29
LRD,-0.2245945125732,-,Right Replicating,29
LRD,-0.26674567542733,+,Right Replicating,29
ERD,0.120794643707443,-,Right Replicating,3
ERD,0.0379738256380472,+,Right Replicating,3
LRD,-0.389046164800355,-,Right Replicating,3
LRD,-0.301250109046358,+,Right Replicating,3
ERD,0.0275037630018483,-,Right Replicating,30
ERD,0.00322617251825987,+,Right Replicating,30
LRD,-0.0298428196183862,-,Right Replicating,30
LRD,-0.577674319154278,+,Right Replicating,30
ERD,-0.24955842403022,-,Right Replicating,31
ERD,-0.0802785240171952,+,Right Replicating,31
LRD,-0.0939826754353281,-,Right Replicating,31
LRD,-0.378104123124119,+,Right Replicating,31
ERD,-0.164470463698565,-,Right Replicating,32
ERD,-0.0331232691787514,+,Right Replicating,32
LRD,-0.176640247364891,-,Right Replicating,32
LRD,-0.561195339621908,+,Right Replicating,32
ERD,-0.0310585306709187,-,Right Replicating,33
ERD,-0.0779330341271016,+,Right Replicating,33
LRD,-0.155882597679115,-,Right Replicating,33
LRD,-0.608408631583088,+,Right Replicating,33
ERD,-0.191703432731058,-,Right Replicating,34
ERD,-0.15999149128725,+,Right Replicating,34
LRD,0.0550002664219642,-,Right Replicating,34
LRD,-0.641158155892225,+,Right Replicating,34
ERD,-0.37622559754861,-,Right Replicating,35
ERD,-0.056983504072501,+,Right Replicating,35
LRD,-0.0580459057064433,-,Right Replicating,35
LRD,-0.403993846497723,+,Right Replicating,35
ERD,-0.0261513329642931,-,Right Replicating,36
ERD,-0.105752340134854,+,Right Replicating,36
LRD,-0.355300040140375,-,Right Replicating,36
LRD,-0.518195510453022,+,Right Replicating,36
ERD,-0.236111790432299,-,Right Replicating,37
ERD,-0.145258528203748,+,Right Replicating,37
LRD,-0.0642363780209731,-,Right Replicating,37
LRD,-0.67411164601067,+,Right Replicating,37
ERD,-0.147967462450322,-,Right Replicating,38
ERD,-0.129422939980878,+,Right Replicating,38
LRD,-0.206535549823128,-,Right Replicating,38
LRD,-0.44496311935311,+,Right Replicating,38
ERD,-0.194427127266275,-,Right Replicating,39
ERD,-0.171384324594722,+,Right Replicating,39
LRD,-0.23535528207073,-,Right Replicating,39
LRD,-0.49843803692401,+,Right Replicating,39
ERD,-0.0957370275604116,-,Right Replicating,4
ERD,-0.043714632027658,+,Right Replicating,4
LRD,-0.223958559138743,-,Right Replicating,4
LRD,-0.25296527461944,+,Right Replicating,4
ERD,-0.0920880084112166,-,Right Replicating,40
ERD,-0.153265883018102,+,Right Replicating,40
LRD,-0.168324519344929,-,Right Replicating,40
LRD,-0.611681794839539,+,Right Replicating,40
ERD,-0.0647464956930947,-,Right Replicating,41
ERD,-0.097120994924368,+,Right Replicating,41
LRD,-0.126082978124573,-,Right Replicating,41
LRD,-0.429261132353136,+,Right Replicating,41
ERD,0.0759417136768893,-,Right Replicating,42
ERD,0.076965740739267,+,Right Replicating,42
LRD,-0.234395272048986,-,Right Replicating,42
LRD,-0.528925244757211,+,Right Replicating,42
ERD,-0.250658535008438,-,Right Replicating,43
ERD,-0.0710388585963739,+,Right Replicating,43
LRD,-0.197357504854672,-,Right Replicating,43
LRD,-0.619138649829982,+,Right Replicating,43
ERD,-0.113521872190693,-,Right Replicating,44
ERD,-0.200837516666601,+,Right Replicating,44
LRD,-0.294287838404077,-,Right Replicating,44
LRD,-0.444162353311166,+,Right Replicating,44
ERD,-0.152523521782312,-,Right Replicating,45
ERD,-0.0690822409318611,+,Right Replicating,45
LRD,-0.233089981416513,-,Right Replicating,45
LRD,-0.540963518009419,+,Right Replicating,45
ERD,-0.211579328794078,-,Right Replicating,46
ERD,-0.0276415184280916,+,Right Replicating,46
LRD,-0.279128817181972,-,Right Replicating,46
LRD,-0.748035508348015,+,Right Replicating,46
ERD,-0.0303192519273455,-,Right Replicating,47
ERD,-0.161763112521297,+,Right Replicating,47
LRD,-0.212814229974356,-,Right Replicating,47
LRD,-0.601023960352241,+,Right Replicating,47
ERD,-0.0713693040147012,-,Right Replicating,48
ERD,-0.1294892996594,+,Right Replicating,48
LRD,-0.0397397906655662,-,Right Replicating,48
LRD,-0.586220281359394,+,Right Replicating,48
ERD,-0.0606557124251896,-,Right Replicating,49
ERD,-0.00606696941598172,+,Right Replicating,49
LRD,-0.291644005379172,-,Right Replicating,49
LRD,-0.541803661397227,+,Right Replicating,49
ERD,-0.122534803642885,-,Right Replicating,5
ERD,-0.0962021500225466,+,Right Replicating,5
LRD,-0.272312350641451,-,Right Replicating,5
LRD,-0.238018507128843,+,Right Replicating,5
ERD,-0.0208689769489184,-,Right Replicating,50
ERD,-0.0808916035764125,+,Right Replicating,50
LRD,-0.107985552266683,-,Right Replicating,50
LRD,-0.495869780267007,+,Right Replicating,50
ERD,0.0777861584506262,-,Right Replicating,51
ERD,-0.108059763204251,+,Right Replicating,51
LRD,-0.187665449704429,-,Right Replicating,51
LRD,-0.60246105231365,+,Right Replicating,51
ERD,-0.154613566627056,-,Right Replicating,52
ERD,-0.141657264013046,+,Right Replicating,52
LRD,-0.0948489748458929,-,Right Replicating,52
LRD,-0.630328240449836,+,Right Replicating,52
ERD,-0.013629826150605,-,Right Replicating,53
ERD,-0.114806579282175,+,Right Replicating,53
LRD,-0.371540846127547,-,Right Replicating,53
LRD,-0.593399795694683,+,Right Replicating,53
ERD,-0.202180887368705,-,Right Replicating,54
ERD,-0.281690617983701,+,Right Replicating,54
LRD,-0.0926510069795222,-,Right Replicating,54
LRD,-0.610725424247266,+,Right Replicating,54
ERD,-0.17098695408854,-,Right Replicating,55
ERD,-0.174429481199345,+,Right Replicating,55
LRD,-0.204101584530849,-,Right Replicating,55
LRD,-0.563291869547558,+,Right Replicating,55
ERD,-0.20061573494246,-,Right Replicating,56
ERD,-0.174415206984858,+,Right Replicating,56
LRD,0.112516254436752,-,Right Replicating,56
LRD,-0.374822491062512,+,Right Replicating,56
ERD,-0.224334477184799,-,Right Replicating,57
ERD,-0.270245424789111,+,Right Replicating,57
LRD,-0.128305491334843,-,Right Replicating,57
LRD,-0.63482151282809,+,Right Replicating,57
ERD,-0.278375422008205,-,Right Replicating,58
ERD,-0.0519500775191437,+,Right Replicating,58
LRD,-0.181259490605283,-,Right Replicating,58
LRD,-0.712259372631664,+,Right Replicating,58
ERD,0.061754973660622,-,Right Replicating,59
ERD,-0.0560881171049813,+,Right Replicating,59
LRD,-0.355944588503903,-,Right Replicating,59
LRD,-0.607566424702529,+,Right Replicating,59
ERD,-0.146162362689074,-,Right Replicating,6
ERD,-0.128195507684367,+,Right Replicating,6
LRD,-0.29119580318229,-,Right Replicating,6
LRD,-0.1507524548584,+,Right Replicating,6
ERD,-0.125321792473049,-,Right Replicating,60
ERD,0.0676474803183541,+,Right Replicating,60
LRD,-0.0549055350104759,-,Right Replicating,60
LRD,-0.713372093581164,+,Right Replicating,60
ERD,-0.0129692904531811,-,Right Replicating,61
ERD,-0.0649847240288477,+,Right Replicating,61
LRD,0.000622763337253502,-,Right Replicating,61
LRD,-0.518423081214948,+,Right Replicating,61
ERD,-0.0393405302149813,-,Right Replicating,62
ERD,0.0729219735271933,+,Right Replicating,62
LRD,-0.258270769069794,-,Right Replicating,62
LRD,-0.484770618399176,+,Right Replicating,62
ERD,-0.209005951837095,-,Right Replicating,63
ERD,-0.0895219512438133,+,Right Replicating,63
LRD,-0.189159242254118,-,Right Replicating,63
LRD,-0.573289683271696,+,Right Replicating,63
ERD,-0.0622655499038275,-,Right Replicating,64
ERD,-0.263107309348756,+,Right Replicating,64
LRD,-0.0802269179957155,-,Right Replicating,64
LRD,-0.553502306087018,+,Right Replicating,64
ERD,-0.0791507963551266,-,Right Replicating,65
ERD,-0.288144850679099,+,Right Replicating,65
LRD,-0.184902864082662,-,Right Replicating,65
LRD,-0.848293432147731,+,Right Replicating,65
ERD,-0.0382799632836913,-,Right Replicating,66
ERD,-0.0441569489392539,+,Right Replicating,66
LRD,-0.172148237685147,-,Right Replicating,66
LRD,-0.65493508092874,+,Right Replicating,66
ERD,-0.123590537410098,-,Right Replicating,67
ERD,-0.0475778124767984,+,Right Replicating,67
LRD,-0.225017493482941,-,Right Replicating,67
LRD,-0.5592237245667,+,Right Replicating,67
ERD,0.0169529371605568,-,Right Replicating,68
ERD,-0.211726152792541,+,Right Replicating,68
LRD,-0.233146149790596,-,Right Replicating,68
LRD,-0.777167684958682,+,Right Replicating,68
ERD,-0.203703465776413,-,Right Replicating,69
ERD,-0.129432604095862,+,Right Replicating,69
LRD,-0.194685324193797,-,Right Replicating,69
LRD,-0.724261028839938,+,Right Replicating,69
ERD,-0.152235823897987,-,Right Replicating,7
ERD,-0.109518204491374,+,Right Replicating,7
LRD,-0.154116969238841,-,Right Replicating,7
LRD,-0.354233880616503,+,Right Replicating,7
ERD,-0.166203251022937,-,Right Replicating,70
ERD,-0.0894823796420959,+,Right Replicating,70
LRD,-0.305963387192375,-,Right Replicating,70
LRD,-0.766852890848409,+,Right Replicating,70
ERD,-0.165185699456996,-,Right Replicating,71
ERD,-0.218199592999817,+,Right Replicating,71
LRD,-0.0437917297427042,-,Right Replicating,71
LRD,-0.772126576885761,+,Right Replicating,71
ERD,-0.0756973527961618,-,Right Replicating,72
ERD,-0.0298876199013128,+,Right Replicating,72
LRD,-0.174867441566804,-,Right Replicating,72
LRD,-0.805152860977627,+,Right Replicating,72
ERD,-0.165350046701743,-,Right Replicating,73
ERD,-0.130932776321267,+,Right Replicating,73
LRD,-0.0715360679312334,-,Right Replicating,73
LRD,-0.461209800074429,+,Right Replicating,73
ERD,0.0111958482186093,-,Right Replicating,74
ERD,-0.223234241367007,+,Right Replicating,74
LRD,-0.40058510971095,-,Right Replicating,74
LRD,-0.607882415618847,+,Right Replicating,74
ERD,-0.131101744096409,-,Right Replicating,75
ERD,-0.117934548720372,+,Right Replicating,75
LRD,-0.163013232406926,-,Right Replicating,75
LRD,-0.672602454871346,+,Right Replicating,75
ERD,-0.214635218442909,-,Right Replicating,76
ERD,-0.216575989102991,+,Right Replicating,76
LRD,-0.330512264439747,-,Right Replicating,76
LRD,-0.568023156934091,+,Right Replicating,76
ERD,-0.115780011383851,-,Right Replicating,77
ERD,-0.148186454794524,+,Right Replicating,77
LRD,-0.397832085276189,-,Right Replicating,77
LRD,-0.552476080079474,+,Right Replicating,77
ERD,-0.190329733463722,-,Right Replicating,78
ERD,-0.0101489580592497,+,Right Replicating,78
LRD,-0.380001410959583,-,Right Replicating,78
LRD,-0.591054463252739,+,Right Replicating,78
ERD,-0.0999273648336128,-,Right Replicating,79
ERD,-0.16846733615507,+,Right Replicating,79
LRD,-0.168150209651327,-,Right Replicating,79
LRD,-0.800563422332365,+,Right Replicating,79
ERD,-0.248900142156729,-,Right Replicating,8
ERD,-0.297171116152124,+,Right Replicating,8
LRD,-0.106104209297262,-,Right Replicating,8
LRD,-0.0902053556888099,+,Right Replicating,8
ERD,-0.0682056127163899,-,Right Replicating,80
ERD,-0.130822913579375,+,Right Replicating,80
LRD,-0.197819194991132,-,Right Replicating,80
LRD,-0.614879455201396,+,Right Replicating,80
ERD,-0.122378699238747,-,Right Replicating,81
ERD,-0.0689034862557852,+,Right Replicating,81
LRD,-0.268412640261915,-,Right Replicating,81
LRD,-0.636887423783421,+,Right Replicating,81
ERD,-0.133357483324533,-,Right Replicating,82
ERD,-0.185142296531866,+,Right Replicating,82
LRD,-0.14845990501723,-,Right Replicating,82
LRD,-0.555875148319778,+,Right Replicating,82
ERD,-0.11092084871678,-,Right Replicating,83
ERD,-0.110885688384372,+,Right Replicating,83
LRD,-0.0885660832586889,-,Right Replicating,83
LRD,-0.638444974350807,+,Right Replicating,83
ERD,-0.101701100011366,-,Right Replicating,84
ERD,0.0293953722670658,+,Right Replicating,84
LRD,-0.187684115827869,-,Right Replicating,84
LRD,-0.672469116497087,+,Right Replicating,84
ERD,0.0413844494775772,-,Right Replicating,85
ERD,-0.150934744410663,+,Right Replicating,85
LRD,-0.251520082182611,-,Right Replicating,85
LRD,-0.679151047777579,+,Right Replicating,85
ERD,-0.0726300246997043,-,Right Replicating,86
ERD,-0.108714228481917,+,Right Replicating,86
LRD,-0.326118027491362,-,Right Replicating,86
LRD,-0.423214528650453,+,Right Replicating,86
ERD,-0.159349446404082,-,Right Replicating,87
ERD,-0.142529674578728,+,Right Replicating,87
LRD,-0.141686703861094,-,Right Replicating,87
LRD,-0.58497853845908,+,Right Replicating,87
ERD,-0.0153272622616274,-,Right Replicating,88
ERD,-0.00337129675089066,+,Right Replicating,88
LRD,-0.125988787870887,-,Right Replicating,88
LRD,-0.519392219872689,+,Right Replicating,88
ERD,-0.260179549610735,-,Right Replicating,89
ERD,-0.174748136614293,+,Right Replicating,89
LRD,-0.318146100197847,-,Right Replicating,89
LRD,-0.529282606466378,+,Right Replicating,89
ERD,-0.199331982964501,-,Right Replicating,9
ERD,-0.231649199057561,+,Right Replicating,9
LRD,-0.235491483653457,-,Right Replicating,9
LRD,-0.220731353454032,+,Right Replicating,9
ERD,-0.121984087760077,-,Right Replicating,90
ERD,-0.0773312180599656,+,Right Replicating,90
LRD,-0.566501005536406,-,Right Replicating,90
LRD,-0.72835163802083,+,Right Replicating,90
ERD,-0.0773392206256057,-,Right Replicating,91
ERD,0.00639540750906902,+,Right Replicating,91
LRD,-0.127691840240505,-,Right Replicating,91
LRD,-0.628409355643702,+,Right Replicating,91
ERD,-0.305229574124333,-,Right Replicating,92
ERD,-0.0633731821395938,+,Right Replicating,92
LRD,-0.138931731332108,-,Right Replicating,92
LRD,-0.543733427100239,+,Right Replicating,92
ERD,-0.0715018495168573,-,Right Replicating,93
ERD,-0.0536784051588631,+,Right Replicating,93
LRD,-0.401711438027602,-,Right Replicating,93
LRD,-0.531601832804234,+,Right Replicating,93
ERD,-0.178238468023408,-,Right Replicating,94
ERD,-0.194235508226783,+,Right Replicating,94
LRD,-0.0517377770967793,-,Right Replicating,94
LRD,-0.553484688916896,+,Right Replicating,94
ERD,-0.0753170439090679,-,Right Replicating,95
ERD,0.0775952691473261,+,Right Replicating,95
LRD,-0.454249702416817,-,Right Replicating,95
LRD,-0.532953802098394,+,Right Replicating,95
ERD,-0.0751323980405894,-,Right Replicating,96
ERD,-0.0742053356802725,+,Right Replicating,96
LRD,-0.329033002446891,-,Right Replicating,96
LRD,-0.656653643450463,+,Right Replicating,96
ERD,-0.0981672701348697,-,Right Replicating,97
ERD,-0.124159375962532,+,Right Replicating,97
LRD,-0.23464116837237,-,Right Replicating,97
LRD,-0.762162074169936,+,Right Replicating,97
ERD,0.012862989932222,-,Right Replicating,98
ERD,-0.133696867399676,+,Right Replicating,98
LRD,-0.206454013868278,-,Right Replicating,98
LRD,-0.660714890349771,+,Right Replicating,98
ERD,-0.295512618976452,-,Right Replicating,99
ERD,-0.167699262556627,+,Right Replicating,99
LRD,-0.212835947847159,-,Right Replicating,99
LRD,-0.653506202915883,+,Right Replicating,99
