repdomains,log2val,sample_strand,direction,windows
ERD,0.159158521324349,-,Left Replicating,-1
ERD,0.21903079369878,+,Left Replicating,-1
LRD,-0.852194926642195,-,Left Replicating,-1
LRD,-0.794023745825873,+,Left Replicating,-1
ERD,0.221490166398549,-,Left Replicating,-10
ERD,0.0564511631882593,+,Left Replicating,-10
LRD,-0.866328302553279,-,Left Replicating,-10
LRD,-0.541566019894384,+,Left Replicating,-10
ERD,0.148676317413403,-,Left Replicating,-100
ERD,0.133312271502276,+,Left Replicating,-100
LRD,-1.43460261741731,-,Left Replicating,-100
LRD,-1.02350906865315,+,Left Replicating,-100
ERD,0.118705070518486,-,Left Replicating,-11
ERD,0.0956865671527876,+,Left Replicating,-11
LRD,-0.695502750305113,-,Left Replicating,-11
LRD,-0.590741168360899,+,Left Replicating,-11
ERD,-0.0190621022776114,-,Left Replicating,-12
ERD,-0.0133189885493372,+,Left Replicating,-12
LRD,-0.578069915762505,-,Left Replicating,-12
LRD,-0.892468786998243,+,Left Replicating,-12
ERD,0.101743078682098,-,Left Replicating,-13
ERD,0.21055821675745,+,Left Replicating,-13
LRD,-0.729883089069318,-,Left Replicating,-13
LRD,-0.617523957749818,+,Left Replicating,-13
ERD,0.292592548422432,-,Left Replicating,-14
ERD,0.108975399178116,+,Left Replicating,-14
LRD,-1.10174189606924,-,Left Replicating,-14
LRD,-0.326135807183694,+,Left Replicating,-14
ERD,-0.0879906920879555,-,Left Replicating,-15
ERD,-0.0438139082298693,+,Left Replicating,-15
LRD,-0.820189481720748,-,Left Replicating,-15
LRD,-0.695640104417899,+,Left Replicating,-15
ERD,0.156691553819577,-,Left Replicating,-16
ERD,0.19600052588441,+,Left Replicating,-16
LRD,-1.07249844060193,-,Left Replicating,-16
LRD,-0.649918522653125,+,Left Replicating,-16
ERD,0.177539128745844,-,Left Replicating,-17
ERD,0.219668937043117,+,Left Replicating,-17
LRD,-0.970555503506834,-,Left Replicating,-17
LRD,-0.553634334469268,+,Left Replicating,-17
ERD,0.0423395887943703,-,Left Replicating,-18
ERD,-0.0201222703593739,+,Left Replicating,-18
LRD,-1.21844328493361,-,Left Replicating,-18
LRD,-0.755986556986856,+,Left Replicating,-18
ERD,0.0165896894774017,-,Left Replicating,-19
ERD,0.314652210884181,+,Left Replicating,-19
LRD,-0.8911127344256,-,Left Replicating,-19
LRD,-0.0604155767312926,+,Left Replicating,-19
ERD,0.116309432426533,-,Left Replicating,-2
ERD,-0.130570082041028,+,Left Replicating,-2
LRD,-0.728652527208606,-,Left Replicating,-2
LRD,-0.607529096690442,+,Left Replicating,-2
ERD,0.0864843563853154,-,Left Replicating,-20
ERD,0.241526712436106,+,Left Replicating,-20
LRD,-0.952428064269096,-,Left Replicating,-20
LRD,-0.516351852239327,+,Left Replicating,-20
ERD,0.062054084986918,-,Left Replicating,-21
ERD,0.19139056327732,+,Left Replicating,-21
LRD,-1.04478176860571,-,Left Replicating,-21
LRD,-0.80447592990755,+,Left Replicating,-21
ERD,0.116495344199394,-,Left Replicating,-22
ERD,-0.0239671090518932,+,Left Replicating,-22
LRD,-0.828184089330454,-,Left Replicating,-22
LRD,-0.685530068261209,+,Left Replicating,-22
ERD,-0.0883894621919867,-,Left Replicating,-23
ERD,-0.0330311465181875,+,Left Replicating,-23
LRD,-1.23696408535088,-,Left Replicating,-23
LRD,-0.774442817844392,+,Left Replicating,-23
ERD,0.0468384974301544,-,Left Replicating,-24
ERD,0.0689359155633878,+,Left Replicating,-24
LRD,-1.05550957554034,-,Left Replicating,-24
LRD,-0.787032401952878,+,Left Replicating,-24
ERD,0.0726574940364792,-,Left Replicating,-25
ERD,0.0585254175290598,+,Left Replicating,-25
LRD,-0.772279227898937,-,Left Replicating,-25
LRD,-0.491593637295605,+,Left Replicating,-25
ERD,0.0814837286801567,-,Left Replicating,-26
ERD,0.359149424699195,+,Left Replicating,-26
LRD,-1.08625179905408,-,Left Replicating,-26
LRD,-0.750503569221083,+,Left Replicating,-26
ERD,0.0138315649036877,-,Left Replicating,-27
ERD,-0.0152342787145007,+,Left Replicating,-27
LRD,-1.13659268054904,-,Left Replicating,-27
LRD,-0.668919565851941,+,Left Replicating,-27
ERD,0.0879221298503827,-,Left Replicating,-28
ERD,0.0201717330085135,+,Left Replicating,-28
LRD,-0.883423376570425,-,Left Replicating,-28
LRD,-0.784880738643195,+,Left Replicating,-28
ERD,0.19040662391472,-,Left Replicating,-29
ERD,0.197478675611807,+,Left Replicating,-29
LRD,-1.11137350284986,-,Left Replicating,-29
LRD,-0.723787398317715,+,Left Replicating,-29
ERD,0.0999121251514357,-,Left Replicating,-3
ERD,0.0027559153094026,+,Left Replicating,-3
LRD,-0.607774467538888,-,Left Replicating,-3
LRD,-0.548101332459729,+,Left Replicating,-3
ERD,-0.00128342293385004,-,Left Replicating,-30
ERD,0.263649497237945,+,Left Replicating,-30
LRD,-1.01200175770522,-,Left Replicating,-30
LRD,-0.89757174919428,+,Left Replicating,-30
ERD,-0.0224637839539225,-,Left Replicating,-31
ERD,-0.0123457251875365,+,Left Replicating,-31
LRD,-0.953932263214881,-,Left Replicating,-31
LRD,-0.605185127606708,+,Left Replicating,-31
ERD,0.103896749532897,-,Left Replicating,-32
ERD,0.0356672931569213,+,Left Replicating,-32
LRD,-1.1641057795981,-,Left Replicating,-32
LRD,-0.7420283783554,+,Left Replicating,-32
ERD,-0.00673365151481985,-,Left Replicating,-33
ERD,0.161297659199363,+,Left Replicating,-33
LRD,-1.26190059147243,-,Left Replicating,-33
LRD,-0.675725240298992,+,Left Replicating,-33
ERD,0.0469881065376843,-,Left Replicating,-34
ERD,0.158316717872827,+,Left Replicating,-34
LRD,-1.28937683577205,-,Left Replicating,-34
LRD,-0.741144346675514,+,Left Replicating,-34
ERD,-0.077056135869788,-,Left Replicating,-35
ERD,-0.0865542938380148,+,Left Replicating,-35
LRD,-1.19793353479547,-,Left Replicating,-35
LRD,-0.825620468532274,+,Left Replicating,-35
ERD,0.00985847780753049,-,Left Replicating,-36
ERD,0.0951182768469313,+,Left Replicating,-36
LRD,-0.925734509881664,-,Left Replicating,-36
LRD,-0.732279961658304,+,Left Replicating,-36
ERD,0.0845662187361356,-,Left Replicating,-37
ERD,0.103966351166411,+,Left Replicating,-37
LRD,-1.54343606305184,-,Left Replicating,-37
LRD,-0.775329240724874,+,Left Replicating,-37
ERD,0.17579240116859,-,Left Replicating,-38
ERD,0.198341157901514,+,Left Replicating,-38
LRD,-1.23061707228834,-,Left Replicating,-38
LRD,-0.699082749710342,+,Left Replicating,-38
ERD,-0.0201135543435713,-,Left Replicating,-39
ERD,0.0400023864124371,+,Left Replicating,-39
LRD,-1.63744260261636,-,Left Replicating,-39
LRD,-0.72303070566702,+,Left Replicating,-39
ERD,0.337728318910571,-,Left Replicating,-4
ERD,0.121174496742601,+,Left Replicating,-4
LRD,-0.707270550502686,-,Left Replicating,-4
LRD,-0.272470144210233,+,Left Replicating,-4
ERD,0.193199914056599,-,Left Replicating,-40
ERD,0.203026127081523,+,Left Replicating,-40
LRD,-1.51570597162735,-,Left Replicating,-40
LRD,-1.27262951210355,+,Left Replicating,-40
ERD,0.048842179884873,-,Left Replicating,-41
ERD,-0.0185486885920754,+,Left Replicating,-41
LRD,-1.16059045407823,-,Left Replicating,-41
LRD,-1.20853494665417,+,Left Replicating,-41
ERD,0.119466028628185,-,Left Replicating,-42
ERD,0.0777822727606516,+,Left Replicating,-42
LRD,-1.13155886767003,-,Left Replicating,-42
LRD,-1.00983820917906,+,Left Replicating,-42
ERD,0.113568227558219,-,Left Replicating,-43
ERD,0.200890238636201,+,Left Replicating,-43
LRD,-1.52981073571145,-,Left Replicating,-43
LRD,-0.57775576698503,+,Left Replicating,-43
ERD,0.161405942909877,-,Left Replicating,-44
ERD,-0.00432305470787023,+,Left Replicating,-44
LRD,-1.18700722111508,-,Left Replicating,-44
LRD,-0.604155508344543,+,Left Replicating,-44
ERD,0.0786785246574438,-,Left Replicating,-45
ERD,0.165918743900001,+,Left Replicating,-45
LRD,-0.895268258418033,-,Left Replicating,-45
LRD,-0.727720763921501,+,Left Replicating,-45
ERD,-0.0308843088559052,-,Left Replicating,-46
ERD,0.117688148222583,+,Left Replicating,-46
LRD,-1.25650643639808,-,Left Replicating,-46
LRD,-1.13503911418831,+,Left Replicating,-46
ERD,0.174779576176417,-,Left Replicating,-47
ERD,0.0648474504031692,+,Left Replicating,-47
LRD,-1.14589885091328,-,Left Replicating,-47
LRD,-0.656841415041188,+,Left Replicating,-47
ERD,-0.0654769200387313,-,Left Replicating,-48
ERD,-0.00695353527153467,+,Left Replicating,-48
LRD,-1.2415480970991,-,Left Replicating,-48
LRD,-0.755236178283594,+,Left Replicating,-48
ERD,0.13735257903138,-,Left Replicating,-49
ERD,0.132456007620974,+,Left Replicating,-49
LRD,-1.50581812677266,-,Left Replicating,-49
LRD,-0.720361489959282,+,Left Replicating,-49
ERD,0.0286372859391828,-,Left Replicating,-5
ERD,0.204612798465613,+,Left Replicating,-5
LRD,-0.982683161632227,-,Left Replicating,-5
LRD,-0.686967440966974,+,Left Replicating,-5
ERD,0.223669090464168,-,Left Replicating,-50
ERD,0.232934859467706,+,Left Replicating,-50
LRD,-1.17271443448174,-,Left Replicating,-50
LRD,-0.743602983791793,+,Left Replicating,-50
ERD,0.147688226759854,-,Left Replicating,-51
ERD,0.111773961160183,+,Left Replicating,-51
LRD,-1.17968777815766,-,Left Replicating,-51
LRD,-0.676504751216845,+,Left Replicating,-51
ERD,0.197799818905694,-,Left Replicating,-52
ERD,0.186391651849151,+,Left Replicating,-52
LRD,-1.15168049780288,-,Left Replicating,-52
LRD,-0.935642716812,+,Left Replicating,-52
ERD,0.0335309406992055,-,Left Replicating,-53
ERD,0.237980907672318,+,Left Replicating,-53
LRD,-1.11557625681745,-,Left Replicating,-53
LRD,-0.760104549061224,+,Left Replicating,-53
ERD,0.201329599636566,-,Left Replicating,-54
ERD,0.18093836872135,+,Left Replicating,-54
LRD,-1.14218719576756,-,Left Replicating,-54
LRD,-0.924311127363874,+,Left Replicating,-54
ERD,0.119864587399685,-,Left Replicating,-55
ERD,0.263709332659918,+,Left Replicating,-55
LRD,-1.18049052836992,-,Left Replicating,-55
LRD,-0.762078564159087,+,Left Replicating,-55
ERD,-0.126252026483582,-,Left Replicating,-56
ERD,-0.0260680945669924,+,Left Replicating,-56
LRD,-1.24585285470961,-,Left Replicating,-56
LRD,-0.765772438493366,+,Left Replicating,-56
ERD,0.161136513623005,-,Left Replicating,-57
ERD,0.206944309088312,+,Left Replicating,-57
LRD,-1.31779798629008,-,Left Replicating,-57
LRD,-0.700483098290248,+,Left Replicating,-57
ERD,0.146500360818042,-,Left Replicating,-58
ERD,0.200158768511053,+,Left Replicating,-58
LRD,-1.04586078066906,-,Left Replicating,-58
LRD,-0.615202564263463,+,Left Replicating,-58
ERD,0.194572844065522,-,Left Replicating,-59
ERD,0.185872610548648,+,Left Replicating,-59
LRD,-1.05522114847441,-,Left Replicating,-59
LRD,-0.714998007745278,+,Left Replicating,-59
ERD,0.354022279931605,-,Left Replicating,-6
ERD,0.0809784298604629,+,Left Replicating,-6
LRD,-0.859958079028777,-,Left Replicating,-6
LRD,-0.699802089034244,+,Left Replicating,-6
ERD,0.183341236552808,-,Left Replicating,-60
ERD,0.0271625610962347,+,Left Replicating,-60
LRD,-1.28349137958057,-,Left Replicating,-60
LRD,-0.669140002390367,+,Left Replicating,-60
ERD,0.0863171149908085,-,Left Replicating,-61
ERD,0.173154602491195,+,Left Replicating,-61
LRD,-1.04807626780852,-,Left Replicating,-61
LRD,-0.829532166084108,+,Left Replicating,-61
ERD,0.0495000403129892,-,Left Replicating,-62
ERD,0.193251865007898,+,Left Replicating,-62
LRD,-1.12925294530454,-,Left Replicating,-62
LRD,-0.682148403692079,+,Left Replicating,-62
ERD,0.0569029612708192,-,Left Replicating,-63
ERD,0.240458238287811,+,Left Replicating,-63
LRD,-1.1031154318821,-,Left Replicating,-63
LRD,-0.689330288343436,+,Left Replicating,-63
ERD,0.219621926920053,-,Left Replicating,-64
ERD,0.106090963380736,+,Left Replicating,-64
LRD,-1.22179713632063,-,Left Replicating,-64
LRD,-0.785347219369713,+,Left Replicating,-64
ERD,0.134340887072597,-,Left Replicating,-65
ERD,0.253559388299253,+,Left Replicating,-65
LRD,-1.48559780601592,-,Left Replicating,-65
LRD,-0.987595692634871,+,Left Replicating,-65
ERD,0.0965244364083341,-,Left Replicating,-66
ERD,0.0672493657357051,+,Left Replicating,-66
LRD,-1.36184115390144,-,Left Replicating,-66
LRD,-0.928578472070637,+,Left Replicating,-66
ERD,0.234758913924744,-,Left Replicating,-67
ERD,0.073782491881129,+,Left Replicating,-67
LRD,-0.989436940476174,-,Left Replicating,-67
LRD,-0.823097590631605,+,Left Replicating,-67
ERD,0.121041027248217,-,Left Replicating,-68
ERD,0.130205218421606,+,Left Replicating,-68
LRD,-1.36408433959263,-,Left Replicating,-68
LRD,-0.794033229197154,+,Left Replicating,-68
ERD,0.0601935008638739,-,Left Replicating,-69
ERD,0.117750688451201,+,Left Replicating,-69
LRD,-1.29865403076997,-,Left Replicating,-69
LRD,-0.689463077925127,+,Left Replicating,-69
ERD,0.138566487160631,-,Left Replicating,-7
ERD,-0.0275778201041312,+,Left Replicating,-7
LRD,-0.669137054708475,-,Left Replicating,-7
LRD,-0.594675603967471,+,Left Replicating,-7
ERD,0.221377686852724,-,Left Replicating,-70
ERD,0.110152888645252,+,Left Replicating,-70
LRD,-1.10317364567214,-,Left Replicating,-70
LRD,-0.76139901145811,+,Left Replicating,-70
ERD,0.1290796503011,-,Left Replicating,-71
ERD,0.298577970148247,+,Left Replicating,-71
LRD,-1.48890698876011,-,Left Replicating,-71
LRD,-0.510203796389935,+,Left Replicating,-71
ERD,0.0755631205547118,-,Left Replicating,-72
ERD,-0.048476755679352,+,Left Replicating,-72
LRD,-1.09519303049682,-,Left Replicating,-72
LRD,-0.658495027618252,+,Left Replicating,-72
ERD,-0.0972146090322609,-,Left Replicating,-73
ERD,0.198930637780186,+,Left Replicating,-73
LRD,-1.36545840026365,-,Left Replicating,-73
LRD,-0.516128379430712,+,Left Replicating,-73
ERD,0.0594632746025591,-,Left Replicating,-74
ERD,0.238436213650823,+,Left Replicating,-74
LRD,-0.996068354101928,-,Left Replicating,-74
LRD,-0.581185594693604,+,Left Replicating,-74
ERD,0.259662374561093,-,Left Replicating,-75
ERD,0.0879349805048581,+,Left Replicating,-75
LRD,-1.10631451080061,-,Left Replicating,-75
LRD,-0.792325665701145,+,Left Replicating,-75
ERD,0.201766634247145,-,Left Replicating,-76
ERD,0.1342405850679,+,Left Replicating,-76
LRD,-1.11731543200074,-,Left Replicating,-76
LRD,-0.729873804340864,+,Left Replicating,-76
ERD,0.0145758405277719,-,Left Replicating,-77
ERD,0.142734977106395,+,Left Replicating,-77
LRD,-1.21785513757855,-,Left Replicating,-77
LRD,-0.851046406343928,+,Left Replicating,-77
ERD,0.00734502605974371,-,Left Replicating,-78
ERD,0.0733541644316639,+,Left Replicating,-78
LRD,-1.07827332434019,-,Left Replicating,-78
LRD,-0.67131959697076,+,Left Replicating,-78
ERD,0.284665666116378,-,Left Replicating,-79
ERD,0.117864402461623,+,Left Replicating,-79
LRD,-1.16767109345193,-,Left Replicating,-79
LRD,-0.476686711093182,+,Left Replicating,-79
ERD,0.06548394202825,-,Left Replicating,-8
ERD,0.199884596389954,+,Left Replicating,-8
LRD,-1.26183284985486,-,Left Replicating,-8
LRD,-0.651359310659175,+,Left Replicating,-8
ERD,-0.124318614090574,-,Left Replicating,-80
ERD,0.168929704609625,+,Left Replicating,-80
LRD,-1.00547195918098,-,Left Replicating,-80
LRD,-0.472814858786261,+,Left Replicating,-80
ERD,0.0929562130005652,-,Left Replicating,-81
ERD,0.137030558222237,+,Left Replicating,-81
LRD,-1.12959620219426,-,Left Replicating,-81
LRD,-0.799162839430169,+,Left Replicating,-81
ERD,0.00960903984622358,-,Left Replicating,-82
ERD,-0.118742148954006,+,Left Replicating,-82
LRD,-0.995863992208482,-,Left Replicating,-82
LRD,-0.545218324426554,+,Left Replicating,-82
ERD,0.175086961592684,-,Left Replicating,-83
ERD,0.227927822564433,+,Left Replicating,-83
LRD,-1.0755180396464,-,Left Replicating,-83
LRD,-0.872099681046686,+,Left Replicating,-83
ERD,0.102069883612136,-,Left Replicating,-84
ERD,0.108084111423415,+,Left Replicating,-84
LRD,-1.13501043828271,-,Left Replicating,-84
LRD,-0.83053459855853,+,Left Replicating,-84
ERD,-0.0594143608368512,-,Left Replicating,-85
ERD,0.168180433676395,+,Left Replicating,-85
LRD,-1.29067081560794,-,Left Replicating,-85
LRD,-0.566489939638788,+,Left Replicating,-85
ERD,0.175595099300804,-,Left Replicating,-86
ERD,0.0579495281592836,+,Left Replicating,-86
LRD,-1.33253330791233,-,Left Replicating,-86
LRD,-0.751621113291104,+,Left Replicating,-86
ERD,0.133044959008155,-,Left Replicating,-87
ERD,0.131347835712493,+,Left Replicating,-87
LRD,-1.28017726869286,-,Left Replicating,-87
LRD,-0.864108816973943,+,Left Replicating,-87
ERD,0.133438972174356,-,Left Replicating,-88
ERD,0.12386231470674,+,Left Replicating,-88
LRD,-1.20952401613568,-,Left Replicating,-88
LRD,-0.610789761570667,+,Left Replicating,-88
ERD,0.112036376599761,-,Left Replicating,-89
ERD,0.1634475863684,+,Left Replicating,-89
LRD,-1.23685892184941,-,Left Replicating,-89
LRD,-0.750453732191636,+,Left Replicating,-89
ERD,0.0662438785836819,-,Left Replicating,-9
ERD,0.267975183131453,+,Left Replicating,-9
LRD,-1.00004965982715,-,Left Replicating,-9
LRD,-0.19628420766152,+,Left Replicating,-9
ERD,0.00279083387034829,-,Left Replicating,-90
ERD,0.22320513343406,+,Left Replicating,-90
LRD,-1.1156799768083,-,Left Replicating,-90
LRD,-0.817847180374157,+,Left Replicating,-90
ERD,0.33871772569411,-,Left Replicating,-91
ERD,0.190696652654337,+,Left Replicating,-91
LRD,-1.17975516165144,-,Left Replicating,-91
LRD,-0.774771327036521,+,Left Replicating,-91
ERD,0.00494897917937768,-,Left Replicating,-92
ERD,0.0743091113342445,+,Left Replicating,-92
LRD,-1.25815544127598,-,Left Replicating,-92
LRD,-0.851175883687673,+,Left Replicating,-92
ERD,0.125710432845681,-,Left Replicating,-93
ERD,0.00196734460680073,+,Left Replicating,-93
LRD,-1.09994262914066,-,Left Replicating,-93
LRD,-0.840737909644802,+,Left Replicating,-93
ERD,0.0954408151195639,-,Left Replicating,-94
ERD,0.223899766025385,+,Left Replicating,-94
LRD,-1.01858390696009,-,Left Replicating,-94
LRD,-0.902090385637038,+,Left Replicating,-94
ERD,0.219843058131216,-,Left Replicating,-95
ERD,0.254561213211278,+,Left Replicating,-95
LRD,-0.980049619462639,-,Left Replicating,-95
LRD,-0.677891066923331,+,Left Replicating,-95
ERD,0.00751858621534242,-,Left Replicating,-96
ERD,0.196700389735731,+,Left Replicating,-96
LRD,-1.27430351857282,-,Left Replicating,-96
LRD,-0.715351393660026,+,Left Replicating,-96
ERD,0.159938232376105,-,Left Replicating,-97
ERD,0.123706462265234,+,Left Replicating,-97
LRD,-1.55548404244119,-,Left Replicating,-97
LRD,-0.680778585349664,+,Left Replicating,-97
ERD,-0.128839065136294,-,Left Replicating,-98
ERD,0.27704982706764,+,Left Replicating,-98
LRD,-1.15945143745116,-,Left Replicating,-98
LRD,-0.340452715022371,+,Left Replicating,-98
ERD,0.101732007207422,-,Left Replicating,-99
ERD,0.252786438701958,+,Left Replicating,-99
LRD,-1.29591873016023,-,Left Replicating,-99
LRD,-0.948416854156954,+,Left Replicating,-99
ERD,0.070158869096478,-,Right Replicating,1
ERD,-0.0722121138580027,+,Right Replicating,1
LRD,-0.846921112792357,-,Right Replicating,1
LRD,-0.617304290175554,+,Right Replicating,1
ERD,-0.0036104624230358,-,Right Replicating,10
ERD,-0.0639048485116816,+,Right Replicating,10
LRD,-0.828060264394297,-,Right Replicating,10
LRD,-0.640907398712166,+,Right Replicating,10
ERD,0.284351282094791,-,Right Replicating,100
ERD,0.23957362259477,+,Right Replicating,100
LRD,-1.05537734210519,-,Right Replicating,100
LRD,-1.04876360068699,+,Right Replicating,100
ERD,0.114972721966967,-,Right Replicating,11
ERD,0.108344806325762,+,Right Replicating,11
LRD,-0.372082153333271,-,Right Replicating,11
LRD,-0.854231908032528,+,Right Replicating,11
ERD,0.117862215794505,-,Right Replicating,12
ERD,0.185992462241218,+,Right Replicating,12
LRD,-0.468426547179301,-,Right Replicating,12
LRD,-0.664330853854449,+,Right Replicating,12
ERD,0.0609893032392149,-,Right Replicating,13
ERD,0.0489575135803809,+,Right Replicating,13
LRD,-0.873223156427063,-,Right Replicating,13
LRD,-0.758281559039798,+,Right Replicating,13
ERD,0.0792211673102981,-,Right Replicating,14
ERD,0.126684923801649,+,Right Replicating,14
LRD,-0.647273391388536,-,Right Replicating,14
LRD,-0.925780458314099,+,Right Replicating,14
ERD,0.271905623858642,-,Right Replicating,15
ERD,0.180333307469464,+,Right Replicating,15
LRD,-0.83569555131746,-,Right Replicating,15
LRD,-0.995612678028029,+,Right Replicating,15
ERD,0.0636138686570573,-,Right Replicating,16
ERD,0.159365335808658,+,Right Replicating,16
LRD,-0.698061790111497,-,Right Replicating,16
LRD,-0.711503882391384,+,Right Replicating,16
ERD,0.10812114027141,-,Right Replicating,17
ERD,0.207710417859195,+,Right Replicating,17
LRD,-0.559471237415602,-,Right Replicating,17
LRD,-1.02560797750148,+,Right Replicating,17
ERD,0.100705169275893,-,Right Replicating,18
ERD,0.0465678387497178,+,Right Replicating,18
LRD,-0.78987821942673,-,Right Replicating,18
LRD,-0.743048576690446,+,Right Replicating,18
ERD,0.0427638608803134,-,Right Replicating,19
ERD,0.0645026420524142,+,Right Replicating,19
LRD,-0.437479768798278,-,Right Replicating,19
LRD,-0.735969519798899,+,Right Replicating,19
ERD,0.12517663409982,-,Right Replicating,2
ERD,0.274518893409892,+,Right Replicating,2
LRD,-0.706061240594546,-,Right Replicating,2
LRD,-0.861330058170449,+,Right Replicating,2
ERD,0.101300406477841,-,Right Replicating,20
ERD,0.062823462266149,+,Right Replicating,20
LRD,-0.801095205132544,-,Right Replicating,20
LRD,-1.06606492033208,+,Right Replicating,20
ERD,0.0884264434165806,-,Right Replicating,21
ERD,0.0590127641184946,+,Right Replicating,21
LRD,-0.456565474983263,-,Right Replicating,21
LRD,-1.04722096654766,+,Right Replicating,21
ERD,0.218278782753971,-,Right Replicating,22
ERD,0.108042579822893,+,Right Replicating,22
LRD,-0.59315126176143,-,Right Replicating,22
LRD,-0.846242248029397,+,Right Replicating,22
ERD,-0.0590215889854538,-,Right Replicating,23
ERD,0.149015282631615,+,Right Replicating,23
LRD,-0.892229491273424,-,Right Replicating,23
LRD,-0.533397142457612,+,Right Replicating,23
ERD,0.0624736894220091,-,Right Replicating,24
ERD,0.205909299103344,+,Right Replicating,24
LRD,-0.580899230390263,-,Right Replicating,24
LRD,-0.737291051355981,+,Right Replicating,24
ERD,0.0328497809299644,-,Right Replicating,25
ERD,0.204104224213108,+,Right Replicating,25
LRD,-0.487360536440833,-,Right Replicating,25
LRD,-0.982386864568048,+,Right Replicating,25
ERD,0.101768127928608,-,Right Replicating,26
ERD,0.178766864664004,+,Right Replicating,26
LRD,-0.61600254670529,-,Right Replicating,26
LRD,-0.874542957884459,+,Right Replicating,26
ERD,-0.00492234800822187,-,Right Replicating,27
ERD,0.131469938363524,+,Right Replicating,27
LRD,-0.829782114008829,-,Right Replicating,27
LRD,-0.941306714730766,+,Right Replicating,27
ERD,0.178436070452256,-,Right Replicating,28
ERD,0.145941562796124,+,Right Replicating,28
LRD,-0.470610937079037,-,Right Replicating,28
LRD,-1.07605628936489,+,Right Replicating,28
ERD,0.152252344871155,-,Right Replicating,29
ERD,-0.193923790586571,+,Right Replicating,29
LRD,-1.01529273863053,-,Right Replicating,29
LRD,-0.744016201627685,+,Right Replicating,29
ERD,0.193656040900759,-,Right Replicating,3
ERD,0.137016741801614,+,Right Replicating,3
LRD,-0.680714464122191,-,Right Replicating,3
LRD,-0.815827559841958,+,Right Replicating,3
ERD,0.0151055716285056,-,Right Replicating,30
ERD,0.127913107114179,+,Right Replicating,30
LRD,-0.427672656414253,-,Right Replicating,30
LRD,-1.05562797946388,+,Right Replicating,30
ERD,-0.0922792772801447,-,Right Replicating,31
ERD,0.0623664708206785,+,Right Replicating,31
LRD,-0.531848266426414,-,Right Replicating,31
LRD,-1.03899853578315,+,Right Replicating,31
ERD,0.0450367590285962,-,Right Replicating,32
ERD,-0.121545488077937,+,Right Replicating,32
LRD,-0.629296276588969,-,Right Replicating,32
LRD,-0.912619415457565,+,Right Replicating,32
ERD,0.16667916009883,-,Right Replicating,33
ERD,0.118267511661878,+,Right Replicating,33
LRD,-0.612965058561112,-,Right Replicating,33
LRD,-0.786457234270492,+,Right Replicating,33
ERD,0.181484041220687,-,Right Replicating,34
ERD,0.127605240718739,+,Right Replicating,34
LRD,-0.842710155693097,-,Right Replicating,34
LRD,-1.03561057836444,+,Right Replicating,34
ERD,0.26246734254643,-,Right Replicating,35
ERD,0.0620695565635382,+,Right Replicating,35
LRD,-0.643219948352069,-,Right Replicating,35
LRD,-0.857630006890135,+,Right Replicating,35
ERD,0.0798298763245903,-,Right Replicating,36
ERD,0.210381788970606,+,Right Replicating,36
LRD,-0.434378464222582,-,Right Replicating,36
LRD,-0.755509224216404,+,Right Replicating,36
ERD,0.19251769605758,-,Right Replicating,37
ERD,0.0744132955492933,+,Right Replicating,37
LRD,-0.804639092710627,-,Right Replicating,37
LRD,-0.903399159500119,+,Right Replicating,37
ERD,-0.034902630779583,-,Right Replicating,38
ERD,0.113176163172602,+,Right Replicating,38
LRD,-0.264916598836392,-,Right Replicating,38
LRD,-0.972894421287128,+,Right Replicating,38
ERD,0.0541222320728475,-,Right Replicating,39
ERD,-0.0122555019561092,+,Right Replicating,39
LRD,-0.675294454783864,-,Right Replicating,39
LRD,-0.795858638318609,+,Right Replicating,39
ERD,0.171594145130826,-,Right Replicating,4
ERD,0.0940120527437144,+,Right Replicating,4
LRD,-1.03672382142057,-,Right Replicating,4
LRD,-0.645829349923266,+,Right Replicating,4
ERD,0.121557180833851,-,Right Replicating,40
ERD,0.00205341203926799,+,Right Replicating,40
LRD,-0.273613948687407,-,Right Replicating,40
LRD,-1.11427650830723,+,Right Replicating,40
ERD,-0.0183484433792324,-,Right Replicating,41
ERD,-0.0859067368592176,+,Right Replicating,41
LRD,-0.590247399459586,-,Right Replicating,41
LRD,-0.854257644341023,+,Right Replicating,41
ERD,0.140106247056794,-,Right Replicating,42
ERD,0.244569942536926,+,Right Replicating,42
LRD,-0.716174912619691,-,Right Replicating,42
LRD,-0.952262587283662,+,Right Replicating,42
ERD,0.356120289299993,-,Right Replicating,43
ERD,0.132321598782993,+,Right Replicating,43
LRD,-0.783264216154857,-,Right Replicating,43
LRD,-1.30662790706399,+,Right Replicating,43
ERD,0.138646661950996,-,Right Replicating,44
ERD,0.0720118983005198,+,Right Replicating,44
LRD,-0.780739898872165,-,Right Replicating,44
LRD,-1.13462353980895,+,Right Replicating,44
ERD,0.119846511054918,-,Right Replicating,45
ERD,0.124915316724347,+,Right Replicating,45
LRD,-0.618483691634666,-,Right Replicating,45
LRD,-1.2496250778863,+,Right Replicating,45
ERD,0.168403959471334,-,Right Replicating,46
ERD,0.214883465259353,+,Right Replicating,46
LRD,-0.78826188673928,-,Right Replicating,46
LRD,-1.18554151284035,+,Right Replicating,46
ERD,0.159064466870474,-,Right Replicating,47
ERD,0.0843912254214715,+,Right Replicating,47
LRD,-0.909420853731303,-,Right Replicating,47
LRD,-1.03573497746831,+,Right Replicating,47
ERD,-0.0204997407965488,-,Right Replicating,48
ERD,0.122084874050818,+,Right Replicating,48
LRD,-0.793198261670242,-,Right Replicating,48
LRD,-1.16034556971748,+,Right Replicating,48
ERD,0.359583742051178,-,Right Replicating,49
ERD,0.0406875068601178,+,Right Replicating,49
LRD,-0.597488949466385,-,Right Replicating,49
LRD,-1.20322882119189,+,Right Replicating,49
ERD,0.0846183309364692,-,Right Replicating,5
ERD,0.0708384382763708,+,Right Replicating,5
LRD,-0.560900809275797,-,Right Replicating,5
LRD,-0.552993861690064,+,Right Replicating,5
ERD,0.231655957350706,-,Right Replicating,50
ERD,0.0741768519300583,+,Right Replicating,50
LRD,-0.889168020340807,-,Right Replicating,50
LRD,-0.941950951740016,+,Right Replicating,50
ERD,0.3079966938869,-,Right Replicating,51
ERD,0.0881434271542701,+,Right Replicating,51
LRD,-0.612951098717058,-,Right Replicating,51
LRD,-1.07614742630624,+,Right Replicating,51
ERD,0.351984498361416,-,Right Replicating,52
ERD,0.0974444841297689,+,Right Replicating,52
LRD,-0.919071114837539,-,Right Replicating,52
LRD,-1.18500652539962,+,Right Replicating,52
ERD,0.137614025005903,-,Right Replicating,53
ERD,0.0865780913837786,+,Right Replicating,53
LRD,-0.645406452762316,-,Right Replicating,53
LRD,-0.964874854768866,+,Right Replicating,53
ERD,0.129216877799675,-,Right Replicating,54
ERD,0.239659419403792,+,Right Replicating,54
LRD,-0.703847347317213,-,Right Replicating,54
LRD,-1.02648587419463,+,Right Replicating,54
ERD,0.23184913156622,-,Right Replicating,55
ERD,0.0666287979915712,+,Right Replicating,55
LRD,-0.827092362166604,-,Right Replicating,55
LRD,-1.00009903939752,+,Right Replicating,55
ERD,0.108274225772735,-,Right Replicating,56
ERD,0.183563922781162,+,Right Replicating,56
LRD,-0.800366556744946,-,Right Replicating,56
LRD,-1.15054245607525,+,Right Replicating,56
ERD,0.0665536385761105,-,Right Replicating,57
ERD,0.0280443598346625,+,Right Replicating,57
LRD,-0.886681929436265,-,Right Replicating,57
LRD,-1.31744458023488,+,Right Replicating,57
ERD,0.286834284542268,-,Right Replicating,58
ERD,0.0118686194397864,+,Right Replicating,58
LRD,-0.845207545916348,-,Right Replicating,58
LRD,-1.09058528282229,+,Right Replicating,58
ERD,0.0560000529016315,-,Right Replicating,59
ERD,-0.0217879708624429,+,Right Replicating,59
LRD,-0.774339717219201,-,Right Replicating,59
LRD,-1.28152605341158,+,Right Replicating,59
ERD,0.134108949173093,-,Right Replicating,6
ERD,0.164106221322066,+,Right Replicating,6
LRD,-0.499127363223282,-,Right Replicating,6
LRD,-0.569140830268972,+,Right Replicating,6
ERD,-0.0497713226685612,-,Right Replicating,60
ERD,0.117027718859944,+,Right Replicating,60
LRD,-0.804863392192957,-,Right Replicating,60
LRD,-1.19845129753129,+,Right Replicating,60
ERD,0.171177776040301,-,Right Replicating,61
ERD,0.0944063093355861,+,Right Replicating,61
LRD,-0.59010024901534,-,Right Replicating,61
LRD,-1.08945510374369,+,Right Replicating,61
ERD,0.171375270676545,-,Right Replicating,62
ERD,-0.0981128131140072,+,Right Replicating,62
LRD,-0.916553612790074,-,Right Replicating,62
LRD,-1.25616461555233,+,Right Replicating,62
ERD,0.141503252809269,-,Right Replicating,63
ERD,-0.115665740206871,+,Right Replicating,63
LRD,-0.882588720241805,-,Right Replicating,63
LRD,-0.998400328785216,+,Right Replicating,63
ERD,0.315910533072943,-,Right Replicating,64
ERD,0.187812251492823,+,Right Replicating,64
LRD,-0.836815116035283,-,Right Replicating,64
LRD,-1.12364919215306,+,Right Replicating,64
ERD,0.139321954730351,-,Right Replicating,65
ERD,-0.0433238070484319,+,Right Replicating,65
LRD,-0.720456922114771,-,Right Replicating,65
LRD,-1.20487562367389,+,Right Replicating,65
ERD,0.114799316559982,-,Right Replicating,66
ERD,0.0570055649668851,+,Right Replicating,66
LRD,-0.257303334996642,-,Right Replicating,66
LRD,-1.34671059333449,+,Right Replicating,66
ERD,0.314796865217041,-,Right Replicating,67
ERD,0.181994342962487,+,Right Replicating,67
LRD,-0.817932277377365,-,Right Replicating,67
LRD,-1.38616857932719,+,Right Replicating,67
ERD,0.123378422371875,-,Right Replicating,68
ERD,0.0731870626776725,+,Right Replicating,68
LRD,-0.699851870694555,-,Right Replicating,68
LRD,-1.42591231008048,+,Right Replicating,68
ERD,0.172772123126679,-,Right Replicating,69
ERD,0.0587810765747332,+,Right Replicating,69
LRD,-0.798737188288066,-,Right Replicating,69
LRD,-1.22262397302424,+,Right Replicating,69
ERD,0.0590225626010318,-,Right Replicating,7
ERD,0.010497322943061,+,Right Replicating,7
LRD,-0.607444126121556,-,Right Replicating,7
LRD,-0.469991735277203,+,Right Replicating,7
ERD,-0.0553552697329379,-,Right Replicating,70
ERD,-0.00707989090578467,+,Right Replicating,70
LRD,-1.15004236844816,-,Right Replicating,70
LRD,-1.15209612498718,+,Right Replicating,70
ERD,0.162836925896285,-,Right Replicating,71
ERD,0.00204142013033263,+,Right Replicating,71
LRD,-0.599931885860269,-,Right Replicating,71
LRD,-1.05457132659154,+,Right Replicating,71
ERD,0.169665565000593,-,Right Replicating,72
ERD,0.0827314939100049,+,Right Replicating,72
LRD,-0.556717125032051,-,Right Replicating,72
LRD,-1.2503252331774,+,Right Replicating,72
ERD,0.0716138180455463,-,Right Replicating,73
ERD,0.0253200206503347,+,Right Replicating,73
LRD,-0.687619377941439,-,Right Replicating,73
LRD,-1.26652528610171,+,Right Replicating,73
ERD,0.109403390439949,-,Right Replicating,74
ERD,0.00970313326783231,+,Right Replicating,74
LRD,-0.797649446483675,-,Right Replicating,74
LRD,-1.17179728487762,+,Right Replicating,74
ERD,0.224777393582625,-,Right Replicating,75
ERD,0.0434521114665605,+,Right Replicating,75
LRD,-0.91259608024729,-,Right Replicating,75
LRD,-1.22117769697297,+,Right Replicating,75
ERD,0.131043751728924,-,Right Replicating,76
ERD,-0.0771724158577372,+,Right Replicating,76
LRD,-0.851868914045775,-,Right Replicating,76
LRD,-1.25391769076391,+,Right Replicating,76
ERD,0.136650080470818,-,Right Replicating,77
ERD,0.223931565128489,+,Right Replicating,77
LRD,-0.958351056874206,-,Right Replicating,77
LRD,-1.31301732885065,+,Right Replicating,77
ERD,0.275690486241525,-,Right Replicating,78
ERD,0.0482560639915071,+,Right Replicating,78
LRD,-0.816928738270009,-,Right Replicating,78
LRD,-1.38139674290768,+,Right Replicating,78
ERD,0.182587322708423,-,Right Replicating,79
ERD,0.133942004178815,+,Right Replicating,79
LRD,-0.908217554610797,-,Right Replicating,79
LRD,-1.22619778255772,+,Right Replicating,79
ERD,-0.0458059272122222,-,Right Replicating,8
ERD,0.0419750222139238,+,Right Replicating,8
LRD,-0.437529749287657,-,Right Replicating,8
LRD,-0.486363408092732,+,Right Replicating,8
ERD,0.240065811211699,-,Right Replicating,80
ERD,0.00478905338050633,+,Right Replicating,80
LRD,-0.952281401491538,-,Right Replicating,80
LRD,-1.07700474988276,+,Right Replicating,80
ERD,0.190731747248487,-,Right Replicating,81
ERD,0.129744625229351,+,Right Replicating,81
LRD,-0.847735621296532,-,Right Replicating,81
LRD,-1.19170477078981,+,Right Replicating,81
ERD,0.115095430573983,-,Right Replicating,82
ERD,0.109644448455898,+,Right Replicating,82
LRD,-0.825599262351064,-,Right Replicating,82
LRD,-0.969909517817878,+,Right Replicating,82
ERD,0.266989974826852,-,Right Replicating,83
ERD,0.0348953788988763,+,Right Replicating,83
LRD,-1.0606801991229,-,Right Replicating,83
LRD,-1.10611261938835,+,Right Replicating,83
ERD,0.222288321929446,-,Right Replicating,84
ERD,-0.241369907988523,+,Right Replicating,84
LRD,-1.01472643903881,-,Right Replicating,84
LRD,-1.38605649055018,+,Right Replicating,84
ERD,0.341973258120763,-,Right Replicating,85
ERD,0.154626443030061,+,Right Replicating,85
LRD,-0.770827739047817,-,Right Replicating,85
LRD,-1.12455995234863,+,Right Replicating,85
ERD,0.293299082037584,-,Right Replicating,86
ERD,0.353989105668393,+,Right Replicating,86
LRD,-0.727135507949405,-,Right Replicating,86
LRD,-1.24444785312598,+,Right Replicating,86
ERD,0.237811872049435,-,Right Replicating,87
ERD,0.284299839857316,+,Right Replicating,87
LRD,-0.45542042504515,-,Right Replicating,87
LRD,-0.97196759554635,+,Right Replicating,87
ERD,0.130074263551987,-,Right Replicating,88
ERD,0.127519967741818,+,Right Replicating,88
LRD,-0.708801673118925,-,Right Replicating,88
LRD,-1.34537164133779,+,Right Replicating,88
ERD,0.453812753347396,-,Right Replicating,89
ERD,0.186952773828767,+,Right Replicating,89
LRD,-0.977334600517164,-,Right Replicating,89
LRD,-1.20901348894916,+,Right Replicating,89
ERD,0.00966272638625978,-,Right Replicating,9
ERD,0.113496830822762,+,Right Replicating,9
LRD,-0.711769637774576,-,Right Replicating,9
LRD,-0.64396236132211,+,Right Replicating,9
ERD,0.11208751329149,-,Right Replicating,90
ERD,0.100537606798075,+,Right Replicating,90
LRD,-0.794886510258263,-,Right Replicating,90
LRD,-1.38313572372938,+,Right Replicating,90
ERD,0.0497622687873363,-,Right Replicating,91
ERD,0.134883069882393,+,Right Replicating,91
LRD,-0.630384157912311,-,Right Replicating,91
LRD,-1.13553079650462,+,Right Replicating,91
ERD,0.111297521506505,-,Right Replicating,92
ERD,0.211106552055727,+,Right Replicating,92
LRD,-0.79743383826657,-,Right Replicating,92
LRD,-1.20995943381489,+,Right Replicating,92
ERD,0.0899091597590237,-,Right Replicating,93
ERD,0.101170176937931,+,Right Replicating,93
LRD,-0.821155623740468,-,Right Replicating,93
LRD,-1.54219244723275,+,Right Replicating,93
ERD,0.043133540053907,-,Right Replicating,94
ERD,0.0428651696334722,+,Right Replicating,94
LRD,-0.914146084957186,-,Right Replicating,94
LRD,-0.868995918141169,+,Right Replicating,94
ERD,0.275116713268159,-,Right Replicating,95
ERD,0.074643299797065,+,Right Replicating,95
LRD,-0.680219900627097,-,Right Replicating,95
LRD,-1.14003149677903,+,Right Replicating,95
ERD,0.139694886855677,-,Right Replicating,96
ERD,0.175785285026437,+,Right Replicating,96
LRD,-0.701663544120528,-,Right Replicating,96
LRD,-1.202712659546,+,Right Replicating,96
ERD,0.146990222151781,-,Right Replicating,97
ERD,0.0260738896629572,+,Right Replicating,97
LRD,-0.929213783166078,-,Right Replicating,97
LRD,-1.17646778235866,+,Right Replicating,97
ERD,0.345994178538386,-,Right Replicating,98
ERD,0.373612782419853,+,Right Replicating,98
LRD,-0.906792115485896,-,Right Replicating,98
LRD,-1.34246152968767,+,Right Replicating,98
ERD,0.166577886027312,-,Right Replicating,99
ERD,0.203074547921389,+,Right Replicating,99
LRD,-0.554801129022968,-,Right Replicating,99
LRD,-0.898939360018321,+,Right Replicating,99
