dataset,chromosomes,start_position,end_position,score,dataset_strand,counts,sample_names,file_names,layout,cell_line,product,method,uv_exposure,treatment,phase,time_after_exposure,replicate,project,sample_source,sample_strand,mapped_reads,RPKM,windows,repdomains
iz,.,0,100,0,.,0.140689655172414,Hela_CPD_XR_NA_late_12_NA,HXLC_comb,single,HeLa_S3,CPD,XR_seq,20J,NA,late,12,_,repair_replication,Sancar,-,24781539,0.0567719604389436,-100,LRD
iz,.,0,100,0,.,0.107586206896552,Hela_CPD_XR_NA_late_12_NA,HXLC_comb,single,HeLa_S3,CPD,XR_seq,20J,NA,late,12,_,repair_replication,Sancar,+,24781539,0.0434138521003686,-100,LRD
iz,.,0,100,0,.,0.121379310344828,Hela_CPD_XR_NA_late_12_NA,HXLC_comb,single,HeLa_S3,CPD,XR_seq,20J,NA,late,12,_,repair_replication,Sancar,+,24781539,0.0489797305747749,-91,LRD
iz,.,0,100,0,.,0.148965517241379,Hela_CPD_XR_NA_late_12_NA,HXLC_comb,single,HeLa_S3,CPD,XR_seq,20J,NA,late,12,_,repair_replication,Sancar,-,24781539,0.0601114875235873,-91,LRD
iz,.,0,100,0,.,0.152413793103448,Hela_CPD_XR_NA_late_12_NA,HXLC_comb,single,HeLa_S3,CPD,XR_seq,20J,NA,late,12,_,repair_replication,Sancar,+,24781539,0.0615029571421889,-1,LRD
iz,.,0,100,0,.,0.166206896551724,Hela_CPD_XR_NA_late_12_NA,HXLC_comb,single,HeLa_S3,CPD,XR_seq,20J,NA,late,12,_,repair_replication,Sancar,-,24781539,0.0670688356165951,-1,LRD
iz,.,0,100,0,.,0.17448275862069,Hela_CPD_XR_NA_late_12_NA,HXLC_comb,single,HeLa_S3,CPD,XR_seq,20J,NA,late,12,_,repair_replication,Sancar,-,24781539,0.0704083627012389,0,LRD
iz,.,0,100,0,.,0.163448275862069,Hela_CPD_XR_NA_late_12_NA,HXLC_comb,single,HeLa_S3,CPD,XR_seq,20J,NA,late,12,_,repair_replication,Sancar,+,24781539,0.0659556599217139,0,LRD
iz,.,0,100,0,.,0.155862068965517,Hela_CPD_XR_NA_late_12_NA,HXLC_comb,single,HeLa_S3,CPD,XR_seq,20J,NA,late,12,_,repair_replication,Sancar,-,24781539,0.0628944267607905,1,LRD
iz,.,0,100,0,.,0.135862068965517,Hela_CPD_XR_NA_late_12_NA,HXLC_comb,single,HeLa_S3,CPD,XR_seq,20J,NA,late,12,_,repair_replication,Sancar,+,24781539,0.0548239029729014,1,LRD
iz,.,0,100,0,.,0.166896551724138,Hela_CPD_XR_NA_late_12_NA,HXLC_comb,single,HeLa_S3,CPD,XR_seq,20J,NA,late,12,_,repair_replication,Sancar,-,24781539,0.0673471295403155,2,LRD
iz,.,0,100,0,.,0.157241379310345,Hela_CPD_XR_NA_late_12_NA,HXLC_comb,single,HeLa_S3,CPD,XR_seq,20J,NA,late,12,_,repair_replication,Sancar,+,24781539,0.0634510146082311,2,LRD
iz,.,0,100,0,.,0.164137931034483,Hela_CPD_XR_NA_late_12_NA,HXLC_comb,single,HeLa_S3,CPD,XR_seq,20J,NA,late,12,_,repair_replication,Sancar,-,24781539,0.0662339538454342,3,LRD
iz,.,0,100,0,.,0.135172413793103,Hela_CPD_XR_NA_late_12_NA,HXLC_comb,single,HeLa_S3,CPD,XR_seq,20J,NA,late,12,_,repair_replication,Sancar,+,24781539,0.0545456090491811,3,LRD
iz,.,0,100,0,.,0.149655172413793,Hela_CPD_XR_NA_late_12_NA,HXLC_comb,single,HeLa_S3,CPD,XR_seq,20J,NA,late,12,_,repair_replication,Sancar,-,24781539,0.0603897814473077,4,LRD
iz,.,0,100,0,.,0.142758620689655,Hela_CPD_XR_NA_late_12_NA,HXLC_comb,single,HeLa_S3,CPD,XR_seq,20J,NA,late,12,_,repair_replication,Sancar,+,24781539,0.0576068422101045,4,LRD
iz,.,0,100,0,.,0.175172413793103,Hela_CPD_XR_NA_late_12_NA,HXLC_comb,single,HeLa_S3,CPD,XR_seq,20J,NA,late,12,_,repair_replication,Sancar,-,24781539,0.0706866566249592,5,LRD
iz,.,0,100,0,.,0.155862068965517,Hela_CPD_XR_NA_late_12_NA,HXLC_comb,single,HeLa_S3,CPD,XR_seq,20J,NA,late,12,_,repair_replication,Sancar,+,24781539,0.0628944267607905,5,LRD
iz,.,0,100,0,.,0.149655172413793,Hela_CPD_XR_NA_late_12_NA,HXLC_comb,single,HeLa_S3,CPD,XR_seq,20J,NA,late,12,_,repair_replication,Sancar,+,24781539,0.0603897814473077,6,LRD
iz,.,0,100,0,.,0.189655172413793,Hela_CPD_XR_NA_late_12_NA,HXLC_comb,single,HeLa_S3,CPD,XR_seq,20J,NA,late,12,_,repair_replication,Sancar,-,24781539,0.0765308290230857,6,LRD
iz,.,0,100,0,.,0.171034482758621,Hela_CPD_XR_NA_late_12_NA,HXLC_comb,single,HeLa_S3,CPD,XR_seq,20J,NA,late,12,_,repair_replication,Sancar,+,24781539,0.0690168930826373,7,LRD
iz,.,0,100,0,.,0.155862068965517,Hela_CPD_XR_NA_late_12_NA,HXLC_comb,single,HeLa_S3,CPD,XR_seq,20J,NA,late,12,_,repair_replication,Sancar,-,24781539,0.0628944267607905,7,LRD
iz,.,0,100,0,.,0.153793103448276,Hela_CPD_XR_NA_late_12_NA,HXLC_comb,single,HeLa_S3,CPD,XR_seq,20J,NA,late,12,_,repair_replication,Sancar,+,24781539,0.0620595449896295,8,LRD
iz,.,0,100,0,.,0.171724137931034,Hela_CPD_XR_NA_late_12_NA,HXLC_comb,single,HeLa_S3,CPD,XR_seq,20J,NA,late,12,_,repair_replication,Sancar,-,24781539,0.0692951870063576,8,LRD
iz,.,0,100,0,.,0.153103448275862,Hela_CPD_XR_NA_late_12_NA,HXLC_comb,single,HeLa_S3,CPD,XR_seq,20J,NA,late,12,_,repair_replication,Sancar,-,24781539,0.0617812510659092,-90,LRD
iz,.,0,100,0,.,0.117241379310345,Hela_CPD_XR_NA_late_12_NA,HXLC_comb,single,HeLa_S3,CPD,XR_seq,20J,NA,late,12,_,repair_replication,Sancar,+,24781539,0.047309967032453,-90,LRD
iz,.,0,100,0,.,0.155862068965517,Hela_CPD_XR_NA_late_12_NA,HXLC_comb,single,HeLa_S3,CPD,XR_seq,20J,NA,late,12,_,repair_replication,Sancar,-,24781539,0.0628944267607905,9,LRD
iz,.,0,100,0,.,0.155172413793103,Hela_CPD_XR_NA_late_12_NA,HXLC_comb,single,HeLa_S3,CPD,XR_seq,20J,NA,late,12,_,repair_replication,Sancar,+,24781539,0.0626161328370702,9,LRD
iz,.,0,100,0,.,0.160689655172414,Hela_CPD_XR_NA_late_12_NA,HXLC_comb,single,HeLa_S3,CPD,XR_seq,20J,NA,late,12,_,repair_replication,Sancar,-,24781539,0.0648424842268326,10,LRD
iz,.,0,100,0,.,0.157931034482759,Hela_CPD_XR_NA_late_12_NA,HXLC_comb,single,HeLa_S3,CPD,XR_seq,20J,NA,late,12,_,repair_replication,Sancar,+,24781539,0.0637293085319514,10,LRD
iz,.,0,100,0,.,0.161379310344828,Hela_CPD_XR_NA_late_12_NA,HXLC_comb,single,HeLa_S3,CPD,XR_seq,20J,NA,late,12,_,repair_replication,Sancar,-,24781539,0.065120778150553,11,LRD
iz,.,0,100,0,.,0.149655172413793,Hela_CPD_XR_NA_late_12_NA,HXLC_comb,single,HeLa_S3,CPD,XR_seq,20J,NA,late,12,_,repair_replication,Sancar,+,24781539,0.0603897814473077,11,LRD
iz,.,0,100,0,.,0.16,Hela_CPD_XR_NA_late_12_NA,HXLC_comb,single,HeLa_S3,CPD,XR_seq,20J,NA,late,12,_,repair_replication,Sancar,+,24781539,0.0645641903031123,12,LRD
iz,.,0,100,0,.,0.170344827586207,Hela_CPD_XR_NA_late_12_NA,HXLC_comb,single,HeLa_S3,CPD,XR_seq,20J,NA,late,12,_,repair_replication,Sancar,-,24781539,0.068738599158917,12,LRD
iz,.,0,100,0,.,0.149655172413793,Hela_CPD_XR_NA_late_12_NA,HXLC_comb,single,HeLa_S3,CPD,XR_seq,20J,NA,late,12,_,repair_replication,Sancar,-,24781539,0.0603897814473077,13,LRD
iz,.,0,100,0,.,0.147586206896552,Hela_CPD_XR_NA_late_12_NA,HXLC_comb,single,HeLa_S3,CPD,XR_seq,20J,NA,late,12,_,repair_replication,Sancar,+,24781539,0.0595548996761467,13,LRD
iz,.,0,100,0,.,0.147586206896552,Hela_CPD_XR_NA_late_12_NA,HXLC_comb,single,HeLa_S3,CPD,XR_seq,20J,NA,late,12,_,repair_replication,Sancar,-,24781539,0.0595548996761467,14,LRD
iz,.,0,100,0,.,0.173793103448276,Hela_CPD_XR_NA_late_12_NA,HXLC_comb,single,HeLa_S3,CPD,XR_seq,20J,NA,late,12,_,repair_replication,Sancar,+,24781539,0.0701300687775186,14,LRD
iz,.,0,100,0,.,0.146206896551724,Hela_CPD_XR_NA_late_12_NA,HXLC_comb,single,HeLa_S3,CPD,XR_seq,20J,NA,late,12,_,repair_replication,Sancar,-,24781539,0.0589983118287061,15,LRD
iz,.,0,100,0,.,0.150344827586207,Hela_CPD_XR_NA_late_12_NA,HXLC_comb,single,HeLa_S3,CPD,XR_seq,20J,NA,late,12,_,repair_replication,Sancar,+,24781539,0.060668075371028,15,LRD
iz,.,0,100,0,.,0.155862068965517,Hela_CPD_XR_NA_late_12_NA,HXLC_comb,single,HeLa_S3,CPD,XR_seq,20J,NA,late,12,_,repair_replication,Sancar,-,24781539,0.0628944267607905,16,LRD
iz,.,0,100,0,.,0.155172413793103,Hela_CPD_XR_NA_late_12_NA,HXLC_comb,single,HeLa_S3,CPD,XR_seq,20J,NA,late,12,_,repair_replication,Sancar,+,24781539,0.0626161328370702,16,LRD
iz,.,0,100,0,.,0.157931034482759,Hela_CPD_XR_NA_late_12_NA,HXLC_comb,single,HeLa_S3,CPD,XR_seq,20J,NA,late,12,_,repair_replication,Sancar,-,24781539,0.0637293085319514,17,LRD
iz,.,0,100,0,.,0.153793103448276,Hela_CPD_XR_NA_late_12_NA,HXLC_comb,single,HeLa_S3,CPD,XR_seq,20J,NA,late,12,_,repair_replication,Sancar,+,24781539,0.0620595449896295,17,LRD
iz,.,0,100,0,.,0.172413793103448,Hela_CPD_XR_NA_late_12_NA,HXLC_comb,single,HeLa_S3,CPD,XR_seq,20J,NA,late,12,_,repair_replication,Sancar,+,24781539,0.069573480930078,18,LRD
iz,.,0,100,0,.,0.139310344827586,Hela_CPD_XR_NA_late_12_NA,HXLC_comb,single,HeLa_S3,CPD,XR_seq,20J,NA,late,12,_,repair_replication,Sancar,-,24781539,0.056215372591503,18,LRD
iz,.,0,100,0,.,0.127586206896552,Hela_CPD_XR_NA_late_12_NA,HXLC_comb,single,HeLa_S3,CPD,XR_seq,20J,NA,late,12,_,repair_replication,Sancar,+,24781539,0.0514843758882577,-89,LRD
iz,.,0,100,0,.,0.148275862068966,Hela_CPD_XR_NA_late_12_NA,HXLC_comb,single,HeLa_S3,CPD,XR_seq,20J,NA,late,12,_,repair_replication,Sancar,-,24781539,0.059833193599867,-89,LRD
iz,.,0,100,0,.,0.160689655172414,Hela_CPD_XR_NA_late_12_NA,HXLC_comb,single,HeLa_S3,CPD,XR_seq,20J,NA,late,12,_,repair_replication,Sancar,-,24781539,0.0648424842268326,19,LRD
iz,.,0,100,0,.,0.160689655172414,Hela_CPD_XR_NA_late_12_NA,HXLC_comb,single,HeLa_S3,CPD,XR_seq,20J,NA,late,12,_,repair_replication,Sancar,+,24781539,0.0648424842268326,19,LRD
iz,.,0,100,0,.,0.146896551724138,Hela_CPD_XR_NA_late_12_NA,HXLC_comb,single,HeLa_S3,CPD,XR_seq,20J,NA,late,12,_,repair_replication,Sancar,+,24781539,0.0592766057524264,20,LRD
iz,.,0,100,0,.,0.157241379310345,Hela_CPD_XR_NA_late_12_NA,HXLC_comb,single,HeLa_S3,CPD,XR_seq,20J,NA,late,12,_,repair_replication,Sancar,-,24781539,0.0634510146082311,20,LRD
iz,.,0,100,0,.,0.157931034482759,Hela_CPD_XR_NA_late_12_NA,HXLC_comb,single,HeLa_S3,CPD,XR_seq,20J,NA,late,12,_,repair_replication,Sancar,-,24781539,0.0637293085319514,21,LRD
iz,.,0,100,0,.,0.155172413793103,Hela_CPD_XR_NA_late_12_NA,HXLC_comb,single,HeLa_S3,CPD,XR_seq,20J,NA,late,12,_,repair_replication,Sancar,+,24781539,0.0626161328370702,21,LRD
iz,.,0,100,0,.,0.160689655172414,Hela_CPD_XR_NA_late_12_NA,HXLC_comb,single,HeLa_S3,CPD,XR_seq,20J,NA,late,12,_,repair_replication,Sancar,-,24781539,0.0648424842268326,22,LRD
iz,.,0,100,0,.,0.16,Hela_CPD_XR_NA_late_12_NA,HXLC_comb,single,HeLa_S3,CPD,XR_seq,20J,NA,late,12,_,repair_replication,Sancar,+,24781539,0.0645641903031123,22,LRD
iz,.,0,100,0,.,0.126896551724138,Hela_CPD_XR_NA_late_12_NA,HXLC_comb,single,HeLa_S3,CPD,XR_seq,20J,NA,late,12,_,repair_replication,Sancar,-,24781539,0.0512060819645374,23,LRD
iz,.,0,100,0,.,0.186896551724138,Hela_CPD_XR_NA_late_12_NA,HXLC_comb,single,HeLa_S3,CPD,XR_seq,20J,NA,late,12,_,repair_replication,Sancar,+,24781539,0.0754176533282045,23,LRD
iz,.,0,100,0,.,0.156551724137931,Hela_CPD_XR_NA_late_12_NA,HXLC_comb,single,HeLa_S3,CPD,XR_seq,20J,NA,late,12,_,repair_replication,Sancar,-,24781539,0.0631727206845108,24,LRD
iz,.,0,100,0,.,0.172413793103448,Hela_CPD_XR_NA_late_12_NA,HXLC_comb,single,HeLa_S3,CPD,XR_seq,20J,NA,late,12,_,repair_replication,Sancar,+,24781539,0.069573480930078,24,LRD
iz,.,0,100,0,.,0.151034482758621,Hela_CPD_XR_NA_late_12_NA,HXLC_comb,single,HeLa_S3,CPD,XR_seq,20J,NA,late,12,_,repair_replication,Sancar,-,24781539,0.0609463692947483,25,LRD
iz,.,0,100,0,.,0.142758620689655,Hela_CPD_XR_NA_late_12_NA,HXLC_comb,single,HeLa_S3,CPD,XR_seq,20J,NA,late,12,_,repair_replication,Sancar,+,24781539,0.0576068422101045,25,LRD
iz,.,0,100,0,.,0.150344827586207,Hela_CPD_XR_NA_late_12_NA,HXLC_comb,single,HeLa_S3,CPD,XR_seq,20J,NA,late,12,_,repair_replication,Sancar,-,24781539,0.060668075371028,26,LRD
iz,.,0,100,0,.,0.175172413793103,Hela_CPD_XR_NA_late_12_NA,HXLC_comb,single,HeLa_S3,CPD,XR_seq,20J,NA,late,12,_,repair_replication,Sancar,+,24781539,0.0706866566249592,26,LRD
iz,.,0,100,0,.,0.12551724137931,Hela_CPD_XR_NA_late_12_NA,HXLC_comb,single,HeLa_S3,CPD,XR_seq,20J,NA,late,12,_,repair_replication,Sancar,-,24781539,0.0506494941170967,27,LRD
iz,.,0,100,0,.,0.16,Hela_CPD_XR_NA_late_12_NA,HXLC_comb,single,HeLa_S3,CPD,XR_seq,20J,NA,late,12,_,repair_replication,Sancar,+,24781539,0.0645641903031123,27,LRD
iz,.,0,100,0,.,0.144137931034483,Hela_CPD_XR_NA_late_12_NA,HXLC_comb,single,HeLa_S3,CPD,XR_seq,20J,NA,late,12,_,repair_replication,Sancar,+,24781539,0.0581634300575452,28,LRD
iz,.,0,100,0,.,0.156551724137931,Hela_CPD_XR_NA_late_12_NA,HXLC_comb,single,HeLa_S3,CPD,XR_seq,20J,NA,late,12,_,repair_replication,Sancar,-,24781539,0.0631727206845108,28,LRD
iz,.,0,100,0,.,0.16,Hela_CPD_XR_NA_late_12_NA,HXLC_comb,single,HeLa_S3,CPD,XR_seq,20J,NA,late,12,_,repair_replication,Sancar,-,24781539,0.0645641903031123,-88,LRD
iz,.,0,100,0,.,0.122068965517241,Hela_CPD_XR_NA_late_12_NA,HXLC_comb,single,HeLa_S3,CPD,XR_seq,20J,NA,late,12,_,repair_replication,Sancar,+,24781539,0.0492580244984952,-88,LRD
iz,.,0,100,0,.,0.155862068965517,Hela_CPD_XR_NA_late_12_NA,HXLC_comb,single,HeLa_S3,CPD,XR_seq,20J,NA,late,12,_,repair_replication,Sancar,+,24781539,0.0628944267607905,29,LRD
iz,.,0,100,0,.,0.122758620689655,Hela_CPD_XR_NA_late_12_NA,HXLC_comb,single,HeLa_S3,CPD,XR_seq,20J,NA,late,12,_,repair_replication,Sancar,-,24781539,0.0495363184222155,29,LRD
iz,.,0,100,0,.,0.150344827586207,Hela_CPD_XR_NA_late_12_NA,HXLC_comb,single,HeLa_S3,CPD,XR_seq,20J,NA,late,12,_,repair_replication,Sancar,-,24781539,0.060668075371028,30,LRD
iz,.,0,100,0,.,0.150344827586207,Hela_CPD_XR_NA_late_12_NA,HXLC_comb,single,HeLa_S3,CPD,XR_seq,20J,NA,late,12,_,repair_replication,Sancar,+,24781539,0.060668075371028,30,LRD
iz,.,0,100,0,.,0.153793103448276,Hela_CPD_XR_NA_late_12_NA,HXLC_comb,single,HeLa_S3,CPD,XR_seq,20J,NA,late,12,_,repair_replication,Sancar,-,24781539,0.0620595449896295,31,LRD
iz,.,0,100,0,.,0.149655172413793,Hela_CPD_XR_NA_late_12_NA,HXLC_comb,single,HeLa_S3,CPD,XR_seq,20J,NA,late,12,_,repair_replication,Sancar,+,24781539,0.0603897814473077,31,LRD
iz,.,0,100,0,.,0.175172413793103,Hela_CPD_XR_NA_late_12_NA,HXLC_comb,single,HeLa_S3,CPD,XR_seq,20J,NA,late,12,_,repair_replication,Sancar,+,24781539,0.0706866566249592,32,LRD
iz,.,0,100,0,.,0.144827586206897,Hela_CPD_XR_NA_late_12_NA,HXLC_comb,single,HeLa_S3,CPD,XR_seq,20J,NA,late,12,_,repair_replication,Sancar,-,24781539,0.0584417239812655,32,LRD
iz,.,0,100,0,.,0.164137931034483,Hela_CPD_XR_NA_late_12_NA,HXLC_comb,single,HeLa_S3,CPD,XR_seq,20J,NA,late,12,_,repair_replication,Sancar,-,24781539,0.0662339538454342,33,LRD
iz,.,0,100,0,.,0.18,Hela_CPD_XR_NA_late_12_NA,HXLC_comb,single,HeLa_S3,CPD,XR_seq,20J,NA,late,12,_,repair_replication,Sancar,+,24781539,0.0726347140910014,33,LRD
iz,.,0,100,0,.,0.168965517241379,Hela_CPD_XR_NA_late_12_NA,HXLC_comb,single,HeLa_S3,CPD,XR_seq,20J,NA,late,12,_,repair_replication,Sancar,+,24781539,0.0681820113114764,34,LRD
iz,.,0,100,0,.,0.12,Hela_CPD_XR_NA_late_12_NA,HXLC_comb,single,HeLa_S3,CPD,XR_seq,20J,NA,late,12,_,repair_replication,Sancar,-,24781539,0.0484231427273342,34,LRD
iz,.,0,100,0,.,0.140689655172414,Hela_CPD_XR_NA_late_12_NA,HXLC_comb,single,HeLa_S3,CPD,XR_seq,20J,NA,late,12,_,repair_replication,Sancar,-,24781539,0.0567719604389436,35,LRD
iz,.,0,100,0,.,0.16551724137931,Hela_CPD_XR_NA_late_12_NA,HXLC_comb,single,HeLa_S3,CPD,XR_seq,20J,NA,late,12,_,repair_replication,Sancar,+,24781539,0.0667905416928748,35,LRD
iz,.,0,100,0,.,0.14,Hela_CPD_XR_NA_late_12_NA,HXLC_comb,single,HeLa_S3,CPD,XR_seq,20J,NA,late,12,_,repair_replication,Sancar,-,24781539,0.0564936665152233,36,LRD
iz,.,0,100,0,.,0.182758620689655,Hela_CPD_XR_NA_late_12_NA,HXLC_comb,single,HeLa_S3,CPD,XR_seq,20J,NA,late,12,_,repair_replication,Sancar,+,24781539,0.0737478897858826,36,LRD
iz,.,0,100,0,.,0.168965517241379,Hela_CPD_XR_NA_late_12_NA,HXLC_comb,single,HeLa_S3,CPD,XR_seq,20J,NA,late,12,_,repair_replication,Sancar,+,24781539,0.0681820113114764,37,LRD
iz,.,0,100,0,.,0.137241379310345,Hela_CPD_XR_NA_late_12_NA,HXLC_comb,single,HeLa_S3,CPD,XR_seq,20J,NA,late,12,_,repair_replication,Sancar,-,24781539,0.055380490820342,37,LRD
iz,.,0,100,0,.,0.153793103448276,Hela_CPD_XR_NA_late_12_NA,HXLC_comb,single,HeLa_S3,CPD,XR_seq,20J,NA,late,12,_,repair_replication,Sancar,+,24781539,0.0620595449896295,38,LRD
iz,.,0,100,0,.,0.144827586206897,Hela_CPD_XR_NA_late_12_NA,HXLC_comb,single,HeLa_S3,CPD,XR_seq,20J,NA,late,12,_,repair_replication,Sancar,-,24781539,0.0584417239812655,38,LRD
iz,.,0,100,0,.,0.161379310344828,Hela_CPD_XR_NA_late_12_NA,HXLC_comb,single,HeLa_S3,CPD,XR_seq,20J,NA,late,12,_,repair_replication,Sancar,-,24781539,0.065120778150553,-87,LRD
iz,.,0,100,0,.,0.128965517241379,Hela_CPD_XR_NA_late_12_NA,HXLC_comb,single,HeLa_S3,CPD,XR_seq,20J,NA,late,12,_,repair_replication,Sancar,+,24781539,0.0520409637356983,-87,LRD
iz,.,0,100,0,.,0.169655172413793,Hela_CPD_XR_NA_late_12_NA,HXLC_comb,single,HeLa_S3,CPD,XR_seq,20J,NA,late,12,_,repair_replication,Sancar,+,24781539,0.0684603052351967,39,LRD
iz,.,0,100,0,.,0.135172413793103,Hela_CPD_XR_NA_late_12_NA,HXLC_comb,single,HeLa_S3,CPD,XR_seq,20J,NA,late,12,_,repair_replication,Sancar,-,24781539,0.0545456090491811,39,LRD
iz,.,0,100,0,.,0.156551724137931,Hela_CPD_XR_NA_late_12_NA,HXLC_comb,single,HeLa_S3,CPD,XR_seq,20J,NA,late,12,_,repair_replication,Sancar,+,24781539,0.0631727206845108,40,LRD
iz,.,0,100,0,.,0.149655172413793,Hela_CPD_XR_NA_late_12_NA,HXLC_comb,single,HeLa_S3,CPD,XR_seq,20J,NA,late,12,_,repair_replication,Sancar,-,24781539,0.0603897814473077,40,LRD
iz,.,0,100,0,.,0.162068965517241,Hela_CPD_XR_NA_late_12_NA,HXLC_comb,single,HeLa_S3,CPD,XR_seq,20J,NA,late,12,_,repair_replication,Sancar,+,24781539,0.0653990720742733,41,LRD
iz,.,0,100,0,.,0.142068965517241,Hela_CPD_XR_NA_late_12_NA,HXLC_comb,single,HeLa_S3,CPD,XR_seq,20J,NA,late,12,_,repair_replication,Sancar,-,24781539,0.0573285482863842,41,LRD
iz,.,0,100,0,.,0.133103448275862,Hela_CPD_XR_NA_late_12_NA,HXLC_comb,single,HeLa_S3,CPD,XR_seq,20J,NA,late,12,_,repair_replication,Sancar,-,24781539,0.0537107272780202,42,LRD
iz,.,0,100,0,.,0.151724137931034,Hela_CPD_XR_NA_late_12_NA,HXLC_comb,single,HeLa_S3,CPD,XR_seq,20J,NA,late,12,_,repair_replication,Sancar,+,24781539,0.0612246632184686,42,LRD
iz,.,0,100,0,.,0.14551724137931,Hela_CPD_XR_NA_late_12_NA,HXLC_comb,single,HeLa_S3,CPD,XR_seq,20J,NA,late,12,_,repair_replication,Sancar,+,24781539,0.0587200179049858,43,LRD
iz,.,0,100,0,.,0.124137931034483,Hela_CPD_XR_NA_late_12_NA,HXLC_comb,single,HeLa_S3,CPD,XR_seq,20J,NA,late,12,_,repair_replication,Sancar,-,24781539,0.0500929062696561,43,LRD
iz,.,0,100,0,.,0.124137931034483,Hela_CPD_XR_NA_late_12_NA,HXLC_comb,single,HeLa_S3,CPD,XR_seq,20J,NA,late,12,_,repair_replication,Sancar,-,24781539,0.0500929062696561,44,LRD
iz,.,0,100,0,.,0.16,Hela_CPD_XR_NA_late_12_NA,HXLC_comb,single,HeLa_S3,CPD,XR_seq,20J,NA,late,12,_,repair_replication,Sancar,+,24781539,0.0645641903031123,44,LRD
iz,.,0,100,0,.,0.151724137931034,Hela_CPD_XR_NA_late_12_NA,HXLC_comb,single,HeLa_S3,CPD,XR_seq,20J,NA,late,12,_,repair_replication,Sancar,+,24781539,0.0612246632184686,45,LRD
iz,.,0,100,0,.,0.116551724137931,Hela_CPD_XR_NA_late_12_NA,HXLC_comb,single,HeLa_S3,CPD,XR_seq,20J,NA,late,12,_,repair_replication,Sancar,-,24781539,0.0470316731087327,45,LRD
iz,.,0,100,0,.,0.16551724137931,Hela_CPD_XR_NA_late_12_NA,HXLC_comb,single,HeLa_S3,CPD,XR_seq,20J,NA,late,12,_,repair_replication,Sancar,+,24781539,0.0667905416928748,46,LRD
iz,.,0,100,0,.,0.137241379310345,Hela_CPD_XR_NA_late_12_NA,HXLC_comb,single,HeLa_S3,CPD,XR_seq,20J,NA,late,12,_,repair_replication,Sancar,-,24781539,0.055380490820342,46,LRD
iz,.,0,100,0,.,0.171724137931034,Hela_CPD_XR_NA_late_12_NA,HXLC_comb,single,HeLa_S3,CPD,XR_seq,20J,NA,late,12,_,repair_replication,Sancar,+,24781539,0.0692951870063576,47,LRD
iz,.,0,100,0,.,0.126896551724138,Hela_CPD_XR_NA_late_12_NA,HXLC_comb,single,HeLa_S3,CPD,XR_seq,20J,NA,late,12,_,repair_replication,Sancar,-,24781539,0.0512060819645374,47,LRD
iz,.,0,100,0,.,0.166206896551724,Hela_CPD_XR_NA_late_12_NA,HXLC_comb,single,HeLa_S3,CPD,XR_seq,20J,NA,late,12,_,repair_replication,Sancar,+,24781539,0.0670688356165951,48,LRD
iz,.,0,100,0,.,0.122758620689655,Hela_CPD_XR_NA_late_12_NA,HXLC_comb,single,HeLa_S3,CPD,XR_seq,20J,NA,late,12,_,repair_replication,Sancar,-,24781539,0.0495363184222155,48,LRD
iz,.,0,100,0,.,0.146206896551724,Hela_CPD_XR_NA_late_12_NA,HXLC_comb,single,HeLa_S3,CPD,XR_seq,20J,NA,late,12,_,repair_replication,Sancar,-,24781539,0.0589983118287061,-86,LRD
iz,.,0,100,0,.,0.116551724137931,Hela_CPD_XR_NA_late_12_NA,HXLC_comb,single,HeLa_S3,CPD,XR_seq,20J,NA,late,12,_,repair_replication,Sancar,+,24781539,0.0470316731087327,-86,LRD
iz,.,0,100,0,.,0.162758620689655,Hela_CPD_XR_NA_late_12_NA,HXLC_comb,single,HeLa_S3,CPD,XR_seq,20J,NA,late,12,_,repair_replication,Sancar,+,24781539,0.0656773659979936,49,LRD
iz,.,0,100,0,.,0.151724137931034,Hela_CPD_XR_NA_late_12_NA,HXLC_comb,single,HeLa_S3,CPD,XR_seq,20J,NA,late,12,_,repair_replication,Sancar,-,24781539,0.0612246632184686,49,LRD
iz,.,0,100,0,.,0.148965517241379,Hela_CPD_XR_NA_late_12_NA,HXLC_comb,single,HeLa_S3,CPD,XR_seq,20J,NA,late,12,_,repair_replication,Sancar,+,24781539,0.0601114875235873,50,LRD
iz,.,0,100,0,.,0.136551724137931,Hela_CPD_XR_NA_late_12_NA,HXLC_comb,single,HeLa_S3,CPD,XR_seq,20J,NA,late,12,_,repair_replication,Sancar,-,24781539,0.0551021968966217,50,LRD
iz,.,0,100,0,.,0.133793103448276,Hela_CPD_XR_NA_late_12_NA,HXLC_comb,single,HeLa_S3,CPD,XR_seq,20J,NA,late,12,_,repair_replication,Sancar,-,24781539,0.0539890212017405,51,LRD
iz,.,0,100,0,.,0.160689655172414,Hela_CPD_XR_NA_late_12_NA,HXLC_comb,single,HeLa_S3,CPD,XR_seq,20J,NA,late,12,_,repair_replication,Sancar,+,24781539,0.0648424842268326,51,LRD
iz,.,0,100,0,.,0.143448275862069,Hela_CPD_XR_NA_late_12_NA,HXLC_comb,single,HeLa_S3,CPD,XR_seq,20J,NA,late,12,_,repair_replication,Sancar,+,24781539,0.0578851361338248,52,LRD
iz,.,0,100,0,.,0.132413793103448,Hela_CPD_XR_NA_late_12_NA,HXLC_comb,single,HeLa_S3,CPD,XR_seq,20J,NA,late,12,_,repair_replication,Sancar,-,24781539,0.0534324333542999,52,LRD
iz,.,0,100,0,.,0.126896551724138,Hela_CPD_XR_NA_late_12_NA,HXLC_comb,single,HeLa_S3,CPD,XR_seq,20J,NA,late,12,_,repair_replication,Sancar,-,24781539,0.0512060819645374,53,LRD
iz,.,0,100,0,.,0.166896551724138,Hela_CPD_XR_NA_late_12_NA,HXLC_comb,single,HeLa_S3,CPD,XR_seq,20J,NA,late,12,_,repair_replication,Sancar,+,24781539,0.0673471295403155,53,LRD
iz,.,0,100,0,.,0.160689655172414,Hela_CPD_XR_NA_late_12_NA,HXLC_comb,single,HeLa_S3,CPD,XR_seq,20J,NA,late,12,_,repair_replication,Sancar,+,24781539,0.0648424842268326,54,LRD
iz,.,0,100,0,.,0.133793103448276,Hela_CPD_XR_NA_late_12_NA,HXLC_comb,single,HeLa_S3,CPD,XR_seq,20J,NA,late,12,_,repair_replication,Sancar,-,24781539,0.0539890212017405,54,LRD
iz,.,0,100,0,.,0.121379310344828,Hela_CPD_XR_NA_late_12_NA,HXLC_comb,single,HeLa_S3,CPD,XR_seq,20J,NA,late,12,_,repair_replication,Sancar,-,24781539,0.0489797305747749,55,LRD
iz,.,0,100,0,.,0.16551724137931,Hela_CPD_XR_NA_late_12_NA,HXLC_comb,single,HeLa_S3,CPD,XR_seq,20J,NA,late,12,_,repair_replication,Sancar,+,24781539,0.0667905416928748,55,LRD
iz,.,0,100,0,.,0.162068965517241,Hela_CPD_XR_NA_late_12_NA,HXLC_comb,single,HeLa_S3,CPD,XR_seq,20J,NA,late,12,_,repair_replication,Sancar,+,24781539,0.0653990720742733,56,LRD
iz,.,0,100,0,.,0.122068965517241,Hela_CPD_XR_NA_late_12_NA,HXLC_comb,single,HeLa_S3,CPD,XR_seq,20J,NA,late,12,_,repair_replication,Sancar,-,24781539,0.0492580244984952,56,LRD
iz,.,0,100,0,.,0.156551724137931,Hela_CPD_XR_NA_late_12_NA,HXLC_comb,single,HeLa_S3,CPD,XR_seq,20J,NA,late,12,_,repair_replication,Sancar,+,24781539,0.0631727206845108,57,LRD
iz,.,0,100,0,.,0.111724137931034,Hela_CPD_XR_NA_late_12_NA,HXLC_comb,single,HeLa_S3,CPD,XR_seq,20J,NA,late,12,_,repair_replication,Sancar,-,24781539,0.0450836156426905,57,LRD
iz,.,0,100,0,.,0.151724137931034,Hela_CPD_XR_NA_late_12_NA,HXLC_comb,single,HeLa_S3,CPD,XR_seq,20J,NA,late,12,_,repair_replication,Sancar,+,24781539,0.0612246632184686,58,LRD
iz,.,0,100,0,.,0.118620689655172,Hela_CPD_XR_NA_late_12_NA,HXLC_comb,single,HeLa_S3,CPD,XR_seq,20J,NA,late,12,_,repair_replication,Sancar,-,24781539,0.0478665548798936,58,LRD
iz,.,0,100,0,.,0.166896551724138,Hela_CPD_XR_NA_late_12_NA,HXLC_comb,single,HeLa_S3,CPD,XR_seq,20J,NA,late,12,_,repair_replication,Sancar,-,24781539,0.0673471295403155,-85,LRD
iz,.,0,100,0,.,0.133793103448276,Hela_CPD_XR_NA_late_12_NA,HXLC_comb,single,HeLa_S3,CPD,XR_seq,20J,NA,late,12,_,repair_replication,Sancar,+,24781539,0.0539890212017405,-85,LRD
iz,.,0,100,0,.,0.111724137931034,Hela_CPD_XR_NA_late_12_NA,HXLC_comb,single,HeLa_S3,CPD,XR_seq,20J,NA,late,12,_,repair_replication,Sancar,-,24781539,0.0450836156426905,59,LRD
iz,.,0,100,0,.,0.152413793103448,Hela_CPD_XR_NA_late_12_NA,HXLC_comb,single,HeLa_S3,CPD,XR_seq,20J,NA,late,12,_,repair_replication,Sancar,+,24781539,0.0615029571421889,59,LRD
iz,.,0,100,0,.,0.131034482758621,Hela_CPD_XR_NA_late_12_NA,HXLC_comb,single,HeLa_S3,CPD,XR_seq,20J,NA,late,12,_,repair_replication,Sancar,-,24781539,0.0528758455068592,60,LRD
iz,.,0,100,0,.,0.170344827586207,Hela_CPD_XR_NA_late_12_NA,HXLC_comb,single,HeLa_S3,CPD,XR_seq,20J,NA,late,12,_,repair_replication,Sancar,+,24781539,0.068738599158917,60,LRD
iz,.,0,100,0,.,0.123448275862069,Hela_CPD_XR_NA_late_12_NA,HXLC_comb,single,HeLa_S3,CPD,XR_seq,20J,NA,late,12,_,repair_replication,Sancar,-,24781539,0.0498146123459358,61,LRD
iz,.,0,100,0,.,0.164827586206897,Hela_CPD_XR_NA_late_12_NA,HXLC_comb,single,HeLa_S3,CPD,XR_seq,20J,NA,late,12,_,repair_replication,Sancar,+,24781539,0.0665122477691545,61,LRD
iz,.,0,100,0,.,0.11448275862069,Hela_CPD_XR_NA_late_12_NA,HXLC_comb,single,HeLa_S3,CPD,XR_seq,20J,NA,late,12,_,repair_replication,Sancar,-,24781539,0.0461967913375718,62,LRD
iz,.,0,100,0,.,0.160689655172414,Hela_CPD_XR_NA_late_12_NA,HXLC_comb,single,HeLa_S3,CPD,XR_seq,20J,NA,late,12,_,repair_replication,Sancar,+,24781539,0.0648424842268326,62,LRD
iz,.,0,100,0,.,0.120689655172414,Hela_CPD_XR_NA_late_12_NA,HXLC_comb,single,HeLa_S3,CPD,XR_seq,20J,NA,late,12,_,repair_replication,Sancar,-,24781539,0.0487014366510546,63,LRD
iz,.,0,100,0,.,0.166206896551724,Hela_CPD_XR_NA_late_12_NA,HXLC_comb,single,HeLa_S3,CPD,XR_seq,20J,NA,late,12,_,repair_replication,Sancar,+,24781539,0.0670688356165951,63,LRD
iz,.,0,100,0,.,0.175172413793103,Hela_CPD_XR_NA_late_12_NA,HXLC_comb,single,HeLa_S3,CPD,XR_seq,20J,NA,late,12,_,repair_replication,Sancar,+,24781539,0.0706866566249592,64,LRD
iz,.,0,100,0,.,0.116551724137931,Hela_CPD_XR_NA_late_12_NA,HXLC_comb,single,HeLa_S3,CPD,XR_seq,20J,NA,late,12,_,repair_replication,Sancar,-,24781539,0.0470316731087327,64,LRD
iz,.,0,100,0,.,0.124137931034483,Hela_CPD_XR_NA_late_12_NA,HXLC_comb,single,HeLa_S3,CPD,XR_seq,20J,NA,late,12,_,repair_replication,Sancar,-,24781539,0.0500929062696561,65,LRD
iz,.,0,100,0,.,0.153103448275862,Hela_CPD_XR_NA_late_12_NA,HXLC_comb,single,HeLa_S3,CPD,XR_seq,20J,NA,late,12,_,repair_replication,Sancar,+,24781539,0.0617812510659092,65,LRD
iz,.,0,100,0,.,0.142758620689655,Hela_CPD_XR_NA_late_12_NA,HXLC_comb,single,HeLa_S3,CPD,XR_seq,20J,NA,late,12,_,repair_replication,Sancar,-,24781539,0.0576068422101045,66,LRD
iz,.,0,100,0,.,0.146896551724138,Hela_CPD_XR_NA_late_12_NA,HXLC_comb,single,HeLa_S3,CPD,XR_seq,20J,NA,late,12,_,repair_replication,Sancar,+,24781539,0.0592766057524264,66,LRD
iz,.,0,100,0,.,0.128965517241379,Hela_CPD_XR_NA_late_12_NA,HXLC_comb,single,HeLa_S3,CPD,XR_seq,20J,NA,late,12,_,repair_replication,Sancar,-,24781539,0.0520409637356983,67,LRD
iz,.,0,100,0,.,0.153793103448276,Hela_CPD_XR_NA_late_12_NA,HXLC_comb,single,HeLa_S3,CPD,XR_seq,20J,NA,late,12,_,repair_replication,Sancar,+,24781539,0.0620595449896295,67,LRD
iz,.,0,100,0,.,0.14551724137931,Hela_CPD_XR_NA_late_12_NA,HXLC_comb,single,HeLa_S3,CPD,XR_seq,20J,NA,late,12,_,repair_replication,Sancar,+,24781539,0.0587200179049858,68,LRD
iz,.,0,100,0,.,0.124827586206897,Hela_CPD_XR_NA_late_12_NA,HXLC_comb,single,HeLa_S3,CPD,XR_seq,20J,NA,late,12,_,repair_replication,Sancar,-,24781539,0.0503712001933764,68,LRD
iz,.,0,100,0,.,0.115862068965517,Hela_CPD_XR_NA_late_12_NA,HXLC_comb,single,HeLa_S3,CPD,XR_seq,20J,NA,late,12,_,repair_replication,Sancar,+,24781539,0.0467533791850124,-84,LRD
iz,.,0,100,0,.,0.155172413793103,Hela_CPD_XR_NA_late_12_NA,HXLC_comb,single,HeLa_S3,CPD,XR_seq,20J,NA,late,12,_,repair_replication,Sancar,-,24781539,0.0626161328370702,-84,LRD
iz,.,0,100,0,.,0.162068965517241,Hela_CPD_XR_NA_late_12_NA,HXLC_comb,single,HeLa_S3,CPD,XR_seq,20J,NA,late,12,_,repair_replication,Sancar,+,24781539,0.0653990720742733,69,LRD
iz,.,0,100,0,.,0.122758620689655,Hela_CPD_XR_NA_late_12_NA,HXLC_comb,single,HeLa_S3,CPD,XR_seq,20J,NA,late,12,_,repair_replication,Sancar,-,24781539,0.0495363184222155,69,LRD
iz,.,0,100,0,.,0.16,Hela_CPD_XR_NA_late_12_NA,HXLC_comb,single,HeLa_S3,CPD,XR_seq,20J,NA,late,12,_,repair_replication,Sancar,+,24781539,0.0645641903031123,70,LRD
iz,.,0,100,0,.,0.101379310344828,Hela_CPD_XR_NA_late_12_NA,HXLC_comb,single,HeLa_S3,CPD,XR_seq,20J,NA,late,12,_,repair_replication,Sancar,-,24781539,0.0409092067868858,70,LRD
iz,.,0,100,0,.,0.133103448275862,Hela_CPD_XR_NA_late_12_NA,HXLC_comb,single,HeLa_S3,CPD,XR_seq,20J,NA,late,12,_,repair_replication,Sancar,-,24781539,0.0537107272780202,71,LRD
iz,.,0,100,0,.,0.161379310344828,Hela_CPD_XR_NA_late_12_NA,HXLC_comb,single,HeLa_S3,CPD,XR_seq,20J,NA,late,12,_,repair_replication,Sancar,+,24781539,0.065120778150553,71,LRD
iz,.,0,100,0,.,0.122758620689655,Hela_CPD_XR_NA_late_12_NA,HXLC_comb,single,HeLa_S3,CPD,XR_seq,20J,NA,late,12,_,repair_replication,Sancar,-,24781539,0.0495363184222155,72,LRD
iz,.,0,100,0,.,0.155862068965517,Hela_CPD_XR_NA_late_12_NA,HXLC_comb,single,HeLa_S3,CPD,XR_seq,20J,NA,late,12,_,repair_replication,Sancar,+,24781539,0.0628944267607905,72,LRD
iz,.,0,100,0,.,0.135172413793103,Hela_CPD_XR_NA_late_12_NA,HXLC_comb,single,HeLa_S3,CPD,XR_seq,20J,NA,late,12,_,repair_replication,Sancar,+,24781539,0.0545456090491811,73,LRD
iz,.,0,100,0,.,0.12,Hela_CPD_XR_NA_late_12_NA,HXLC_comb,single,HeLa_S3,CPD,XR_seq,20J,NA,late,12,_,repair_replication,Sancar,-,24781539,0.0484231427273342,73,LRD
iz,.,0,100,0,.,0.112413793103448,Hela_CPD_XR_NA_late_12_NA,HXLC_comb,single,HeLa_S3,CPD,XR_seq,20J,NA,late,12,_,repair_replication,Sancar,-,24781539,0.0453619095664108,74,LRD
iz,.,0,100,0,.,0.167586206896552,Hela_CPD_XR_NA_late_12_NA,HXLC_comb,single,HeLa_S3,CPD,XR_seq,20J,NA,late,12,_,repair_replication,Sancar,+,24781539,0.0676254234640358,74,LRD
iz,.,0,100,0,.,0.110344827586207,Hela_CPD_XR_NA_late_12_NA,HXLC_comb,single,HeLa_S3,CPD,XR_seq,20J,NA,late,12,_,repair_replication,Sancar,-,24781539,0.0445270277952499,75,LRD
iz,.,0,100,0,.,0.168275862068966,Hela_CPD_XR_NA_late_12_NA,HXLC_comb,single,HeLa_S3,CPD,XR_seq,20J,NA,late,12,_,repair_replication,Sancar,+,24781539,0.0679037173877561,75,LRD
iz,.,0,100,0,.,0.117241379310345,Hela_CPD_XR_NA_late_12_NA,HXLC_comb,single,HeLa_S3,CPD,XR_seq,20J,NA,late,12,_,repair_replication,Sancar,-,24781539,0.047309967032453,76,LRD
iz,.,0,100,0,.,0.131724137931034,Hela_CPD_XR_NA_late_12_NA,HXLC_comb,single,HeLa_S3,CPD,XR_seq,20J,NA,late,12,_,repair_replication,Sancar,+,24781539,0.0531541394305796,76,LRD
iz,.,0,100,0,.,0.143448275862069,Hela_CPD_XR_NA_late_12_NA,HXLC_comb,single,HeLa_S3,CPD,XR_seq,20J,NA,late,12,_,repair_replication,Sancar,+,24781539,0.0578851361338248,77,LRD
iz,.,0,100,0,.,0.115862068965517,Hela_CPD_XR_NA_late_12_NA,HXLC_comb,single,HeLa_S3,CPD,XR_seq,20J,NA,late,12,_,repair_replication,Sancar,-,24781539,0.0467533791850124,77,LRD
iz,.,0,100,0,.,0.155172413793103,Hela_CPD_XR_NA_late_12_NA,HXLC_comb,single,HeLa_S3,CPD,XR_seq,20J,NA,late,12,_,repair_replication,Sancar,+,24781539,0.0626161328370702,78,LRD
iz,.,0,100,0,.,0.131724137931034,Hela_CPD_XR_NA_late_12_NA,HXLC_comb,single,HeLa_S3,CPD,XR_seq,20J,NA,late,12,_,repair_replication,Sancar,-,24781539,0.0531541394305796,78,LRD
iz,.,0,100,0,.,0.161379310344828,Hela_CPD_XR_NA_late_12_NA,HXLC_comb,single,HeLa_S3,CPD,XR_seq,20J,NA,late,12,_,repair_replication,Sancar,-,24781539,0.065120778150553,-83,LRD
iz,.,0,100,0,.,0.113793103448276,Hela_CPD_XR_NA_late_12_NA,HXLC_comb,single,HeLa_S3,CPD,XR_seq,20J,NA,late,12,_,repair_replication,Sancar,+,24781539,0.0459184974138514,-83,LRD
iz,.,0,100,0,.,0.16,Hela_CPD_XR_NA_late_12_NA,HXLC_comb,single,HeLa_S3,CPD,XR_seq,20J,NA,late,12,_,repair_replication,Sancar,+,24781539,0.0645641903031123,79,LRD
iz,.,0,100,0,.,0.111724137931034,Hela_CPD_XR_NA_late_12_NA,HXLC_comb,single,HeLa_S3,CPD,XR_seq,20J,NA,late,12,_,repair_replication,Sancar,-,24781539,0.0450836156426905,79,LRD
iz,.,0,100,0,.,0.149655172413793,Hela_CPD_XR_NA_late_12_NA,HXLC_comb,single,HeLa_S3,CPD,XR_seq,20J,NA,late,12,_,repair_replication,Sancar,+,24781539,0.0603897814473077,80,LRD
iz,.,0,100,0,.,0.108275862068966,Hela_CPD_XR_NA_late_12_NA,HXLC_comb,single,HeLa_S3,CPD,XR_seq,20J,NA,late,12,_,repair_replication,Sancar,-,24781539,0.0436921460240889,80,LRD
iz,.,0,100,0,.,0.158620689655172,Hela_CPD_XR_NA_late_12_NA,HXLC_comb,single,HeLa_S3,CPD,XR_seq,20J,NA,late,12,_,repair_replication,Sancar,+,24781539,0.0640076024556717,81,LRD
iz,.,0,100,0,.,0.109655172413793,Hela_CPD_XR_NA_late_12_NA,HXLC_comb,single,HeLa_S3,CPD,XR_seq,20J,NA,late,12,_,repair_replication,Sancar,-,24781539,0.0442487338715296,81,LRD
iz,.,0,100,0,.,0.16551724137931,Hela_CPD_XR_NA_late_12_NA,HXLC_comb,single,HeLa_S3,CPD,XR_seq,20J,NA,late,12,_,repair_replication,Sancar,+,24781539,0.0667905416928748,82,LRD
iz,.,0,100,0,.,0.111034482758621,Hela_CPD_XR_NA_late_12_NA,HXLC_comb,single,HeLa_S3,CPD,XR_seq,20J,NA,late,12,_,repair_replication,Sancar,-,24781539,0.0448053217189702,82,LRD
iz,.,0,100,0,.,0.100689655172414,Hela_CPD_XR_NA_late_12_NA,HXLC_comb,single,HeLa_S3,CPD,XR_seq,20J,NA,late,12,_,repair_replication,Sancar,-,24781539,0.0406309128631655,83,LRD
iz,.,0,100,0,.,0.152413793103448,Hela_CPD_XR_NA_late_12_NA,HXLC_comb,single,HeLa_S3,CPD,XR_seq,20J,NA,late,12,_,repair_replication,Sancar,+,24781539,0.0615029571421889,83,LRD
iz,.,0,100,0,.,0.111724137931034,Hela_CPD_XR_NA_late_12_NA,HXLC_comb,single,HeLa_S3,CPD,XR_seq,20J,NA,late,12,_,repair_replication,Sancar,-,24781539,0.0450836156426905,84,LRD
iz,.,0,100,0,.,0.156551724137931,Hela_CPD_XR_NA_late_12_NA,HXLC_comb,single,HeLa_S3,CPD,XR_seq,20J,NA,late,12,_,repair_replication,Sancar,+,24781539,0.0631727206845108,84,LRD
iz,.,0,100,0,.,0.108275862068966,Hela_CPD_XR_NA_late_12_NA,HXLC_comb,single,HeLa_S3,CPD,XR_seq,20J,NA,late,12,_,repair_replication,Sancar,-,24781539,0.0436921460240889,85,LRD
iz,.,0,100,0,.,0.160689655172414,Hela_CPD_XR_NA_late_12_NA,HXLC_comb,single,HeLa_S3,CPD,XR_seq,20J,NA,late,12,_,repair_replication,Sancar,+,24781539,0.0648424842268326,85,LRD
iz,.,0,100,0,.,0.15448275862069,Hela_CPD_XR_NA_late_12_NA,HXLC_comb,single,HeLa_S3,CPD,XR_seq,20J,NA,late,12,_,repair_replication,Sancar,+,24781539,0.0623378389133498,86,LRD
iz,.,0,100,0,.,0.128965517241379,Hela_CPD_XR_NA_late_12_NA,HXLC_comb,single,HeLa_S3,CPD,XR_seq,20J,NA,late,12,_,repair_replication,Sancar,-,24781539,0.0520409637356983,86,LRD
iz,.,0,100,0,.,0.148965517241379,Hela_CPD_XR_NA_late_12_NA,HXLC_comb,single,HeLa_S3,CPD,XR_seq,20J,NA,late,12,_,repair_replication,Sancar,-,24781539,0.0601114875235873,87,LRD
iz,.,0,100,0,.,0.170344827586207,Hela_CPD_XR_NA_late_12_NA,HXLC_comb,single,HeLa_S3,CPD,XR_seq,20J,NA,late,12,_,repair_replication,Sancar,+,24781539,0.068738599158917,87,LRD
iz,.,0,100,0,.,0.14551724137931,Hela_CPD_XR_NA_late_12_NA,HXLC_comb,single,HeLa_S3,CPD,XR_seq,20J,NA,late,12,_,repair_replication,Sancar,+,24781539,0.0587200179049858,88,LRD
iz,.,0,100,0,.,0.121379310344828,Hela_CPD_XR_NA_late_12_NA,HXLC_comb,single,HeLa_S3,CPD,XR_seq,20J,NA,late,12,_,repair_replication,Sancar,-,24781539,0.0489797305747749,88,LRD
iz,.,0,100,0,.,0.161379310344828,Hela_CPD_XR_NA_late_12_NA,HXLC_comb,single,HeLa_S3,CPD,XR_seq,20J,NA,late,12,_,repair_replication,Sancar,-,24781539,0.065120778150553,-82,LRD
iz,.,0,100,0,.,0.126206896551724,Hela_CPD_XR_NA_late_12_NA,HXLC_comb,single,HeLa_S3,CPD,XR_seq,20J,NA,late,12,_,repair_replication,Sancar,+,24781539,0.0509277880408171,-82,LRD
iz,.,0,100,0,.,0.164827586206897,Hela_CPD_XR_NA_late_12_NA,HXLC_comb,single,HeLa_S3,CPD,XR_seq,20J,NA,late,12,_,repair_replication,Sancar,+,24781539,0.0665122477691545,89,LRD
iz,.,0,100,0,.,0.106206896551724,Hela_CPD_XR_NA_late_12_NA,HXLC_comb,single,HeLa_S3,CPD,XR_seq,20J,NA,late,12,_,repair_replication,Sancar,-,24781539,0.042857264252928,89,LRD
iz,.,0,100,0,.,0.146896551724138,Hela_CPD_XR_NA_late_12_NA,HXLC_comb,single,HeLa_S3,CPD,XR_seq,20J,NA,late,12,_,repair_replication,Sancar,+,24781539,0.0592766057524264,90,LRD
iz,.,0,100,0,.,0.113103448275862,Hela_CPD_XR_NA_late_12_NA,HXLC_comb,single,HeLa_S3,CPD,XR_seq,20J,NA,late,12,_,repair_replication,Sancar,-,24781539,0.0456402034901311,90,LRD
iz,.,0,100,0,.,0.163448275862069,Hela_CPD_XR_NA_late_12_NA,HXLC_comb,single,HeLa_S3,CPD,XR_seq,20J,NA,late,12,_,repair_replication,Sancar,+,24781539,0.0659556599217139,91,LRD
iz,.,0,100,0,.,0.117241379310345,Hela_CPD_XR_NA_late_12_NA,HXLC_comb,single,HeLa_S3,CPD,XR_seq,20J,NA,late,12,_,repair_replication,Sancar,-,24781539,0.047309967032453,91,LRD
iz,.,0,100,0,.,0.122758620689655,Hela_CPD_XR_NA_late_12_NA,HXLC_comb,single,HeLa_S3,CPD,XR_seq,20J,NA,late,12,_,repair_replication,Sancar,-,24781539,0.0495363184222155,92,LRD
iz,.,0,100,0,.,0.16,Hela_CPD_XR_NA_late_12_NA,HXLC_comb,single,HeLa_S3,CPD,XR_seq,20J,NA,late,12,_,repair_replication,Sancar,+,24781539,0.0645641903031123,92,LRD
iz,.,0,100,0,.,0.12551724137931,Hela_CPD_XR_NA_late_12_NA,HXLC_comb,single,HeLa_S3,CPD,XR_seq,20J,NA,late,12,_,repair_replication,Sancar,-,24781539,0.0506494941170967,93,LRD
iz,.,0,100,0,.,0.136551724137931,Hela_CPD_XR_NA_late_12_NA,HXLC_comb,single,HeLa_S3,CPD,XR_seq,20J,NA,late,12,_,repair_replication,Sancar,+,24781539,0.0551021968966217,93,LRD
iz,.,0,100,0,.,0.112413793103448,Hela_CPD_XR_NA_late_12_NA,HXLC_comb,single,HeLa_S3,CPD,XR_seq,20J,NA,late,12,_,repair_replication,Sancar,-,24781539,0.0453619095664108,94,LRD
iz,.,0,100,0,.,0.153103448275862,Hela_CPD_XR_NA_late_12_NA,HXLC_comb,single,HeLa_S3,CPD,XR_seq,20J,NA,late,12,_,repair_replication,Sancar,+,24781539,0.0617812510659092,94,LRD
iz,.,0,100,0,.,0.162068965517241,Hela_CPD_XR_NA_late_12_NA,HXLC_comb,single,HeLa_S3,CPD,XR_seq,20J,NA,late,12,_,repair_replication,Sancar,+,24781539,0.0653990720742733,95,LRD
iz,.,0,100,0,.,0.131724137931034,Hela_CPD_XR_NA_late_12_NA,HXLC_comb,single,HeLa_S3,CPD,XR_seq,20J,NA,late,12,_,repair_replication,Sancar,-,24781539,0.0531541394305796,95,LRD
iz,.,0,100,0,.,0.15448275862069,Hela_CPD_XR_NA_late_12_NA,HXLC_comb,single,HeLa_S3,CPD,XR_seq,20J,NA,late,12,_,repair_replication,Sancar,+,24781539,0.0623378389133498,96,LRD
iz,.,0,100,0,.,0.117931034482759,Hela_CPD_XR_NA_late_12_NA,HXLC_comb,single,HeLa_S3,CPD,XR_seq,20J,NA,late,12,_,repair_replication,Sancar,-,24781539,0.0475882609561733,96,LRD
iz,.,0,100,0,.,0.115172413793103,Hela_CPD_XR_NA_late_12_NA,HXLC_comb,single,HeLa_S3,CPD,XR_seq,20J,NA,late,12,_,repair_replication,Sancar,-,24781539,0.0464750852612921,97,LRD
iz,.,0,100,0,.,0.139310344827586,Hela_CPD_XR_NA_late_12_NA,HXLC_comb,single,HeLa_S3,CPD,XR_seq,20J,NA,late,12,_,repair_replication,Sancar,+,24781539,0.056215372591503,97,LRD
iz,.,0,100,0,.,0.146896551724138,Hela_CPD_XR_NA_late_12_NA,HXLC_comb,single,HeLa_S3,CPD,XR_seq,20J,NA,late,12,_,repair_replication,Sancar,+,24781539,0.0592766057524264,98,LRD
iz,.,0,100,0,.,0.113793103448276,Hela_CPD_XR_NA_late_12_NA,HXLC_comb,single,HeLa_S3,CPD,XR_seq,20J,NA,late,12,_,repair_replication,Sancar,-,24781539,0.0459184974138514,98,LRD
iz,.,0,100,0,.,0.108275862068966,Hela_CPD_XR_NA_late_12_NA,HXLC_comb,single,HeLa_S3,CPD,XR_seq,20J,NA,late,12,_,repair_replication,Sancar,+,24781539,0.0436921460240889,-99,LRD
iz,.,0,100,0,.,0.143448275862069,Hela_CPD_XR_NA_late_12_NA,HXLC_comb,single,HeLa_S3,CPD,XR_seq,20J,NA,late,12,_,repair_replication,Sancar,-,24781539,0.0578851361338248,-99,LRD
iz,.,0,100,0,.,0.132413793103448,Hela_CPD_XR_NA_late_12_NA,HXLC_comb,single,HeLa_S3,CPD,XR_seq,20J,NA,late,12,_,repair_replication,Sancar,+,24781539,0.0534324333542999,-81,LRD
iz,.,0,100,0,.,0.168965517241379,Hela_CPD_XR_NA_late_12_NA,HXLC_comb,single,HeLa_S3,CPD,XR_seq,20J,NA,late,12,_,repair_replication,Sancar,-,24781539,0.0681820113114764,-81,LRD
iz,.,0,100,0,.,0.175862068965517,Hela_CPD_XR_NA_late_12_NA,HXLC_comb,single,HeLa_S3,CPD,XR_seq,20J,NA,late,12,_,repair_replication,Sancar,+,24781539,0.0709649505486795,99,LRD
iz,.,0,100,0,.,0.121379310344828,Hela_CPD_XR_NA_late_12_NA,HXLC_comb,single,HeLa_S3,CPD,XR_seq,20J,NA,late,12,_,repair_replication,Sancar,-,24781539,0.0489797305747749,99,LRD
iz,.,0,100,0,.,0.15448275862069,Hela_CPD_XR_NA_late_12_NA,HXLC_comb,single,HeLa_S3,CPD,XR_seq,20J,NA,late,12,_,repair_replication,Sancar,+,24781539,0.0623378389133498,100,LRD
iz,.,0,100,0,.,0.110344827586207,Hela_CPD_XR_NA_late_12_NA,HXLC_comb,single,HeLa_S3,CPD,XR_seq,20J,NA,late,12,_,repair_replication,Sancar,-,24781539,0.0445270277952499,100,LRD
iz,.,0,100,0,.,0.164827586206897,Hela_CPD_XR_NA_late_12_NA,HXLC_comb,single,HeLa_S3,CPD,XR_seq,20J,NA,late,12,_,repair_replication,Sancar,-,24781539,0.0665122477691545,-80,LRD
iz,.,0,100,0,.,0.126206896551724,Hela_CPD_XR_NA_late_12_NA,HXLC_comb,single,HeLa_S3,CPD,XR_seq,20J,NA,late,12,_,repair_replication,Sancar,+,24781539,0.0509277880408171,-80,LRD
iz,.,0,100,0,.,0.155862068965517,Hela_CPD_XR_NA_late_12_NA,HXLC_comb,single,HeLa_S3,CPD,XR_seq,20J,NA,late,12,_,repair_replication,Sancar,+,24781539,0.0628944267607905,-79,LRD
iz,.,0,100,0,.,0.171724137931034,Hela_CPD_XR_NA_late_12_NA,HXLC_comb,single,HeLa_S3,CPD,XR_seq,20J,NA,late,12,_,repair_replication,Sancar,-,24781539,0.0692951870063576,-79,LRD
iz,.,0,100,0,.,0.173103448275862,Hela_CPD_XR_NA_late_12_NA,HXLC_comb,single,HeLa_S3,CPD,XR_seq,20J,NA,late,12,_,repair_replication,Sancar,-,24781539,0.0698517748537983,-78,LRD
iz,.,0,100,0,.,0.139310344827586,Hela_CPD_XR_NA_late_12_NA,HXLC_comb,single,HeLa_S3,CPD,XR_seq,20J,NA,late,12,_,repair_replication,Sancar,+,24781539,0.056215372591503,-78,LRD
iz,.,0,100,0,.,0.12,Hela_CPD_XR_NA_late_12_NA,HXLC_comb,single,HeLa_S3,CPD,XR_seq,20J,NA,late,12,_,repair_replication,Sancar,+,24781539,0.0484231427273342,-77,LRD
iz,.,0,100,0,.,0.135172413793103,Hela_CPD_XR_NA_late_12_NA,HXLC_comb,single,HeLa_S3,CPD,XR_seq,20J,NA,late,12,_,repair_replication,Sancar,-,24781539,0.0545456090491811,-77,LRD
iz,.,0,100,0,.,0.152413793103448,Hela_CPD_XR_NA_late_12_NA,HXLC_comb,single,HeLa_S3,CPD,XR_seq,20J,NA,late,12,_,repair_replication,Sancar,-,24781539,0.0615029571421889,-76,LRD
iz,.,0,100,0,.,0.103448275862069,Hela_CPD_XR_NA_late_12_NA,HXLC_comb,single,HeLa_S3,CPD,XR_seq,20J,NA,late,12,_,repair_replication,Sancar,+,24781539,0.0417440885580468,-76,LRD
iz,.,0,100,0,.,0.104137931034483,Hela_CPD_XR_NA_late_12_NA,HXLC_comb,single,HeLa_S3,CPD,XR_seq,20J,NA,late,12,_,repair_replication,Sancar,+,24781539,0.0420223824817671,-75,LRD
iz,.,0,100,0,.,0.162068965517241,Hela_CPD_XR_NA_late_12_NA,HXLC_comb,single,HeLa_S3,CPD,XR_seq,20J,NA,late,12,_,repair_replication,Sancar,-,24781539,0.0653990720742733,-75,LRD
iz,.,0,100,0,.,0.166896551724138,Hela_CPD_XR_NA_late_12_NA,HXLC_comb,single,HeLa_S3,CPD,XR_seq,20J,NA,late,12,_,repair_replication,Sancar,-,24781539,0.0673471295403155,-74,LRD
iz,.,0,100,0,.,0.129655172413793,Hela_CPD_XR_NA_late_12_NA,HXLC_comb,single,HeLa_S3,CPD,XR_seq,20J,NA,late,12,_,repair_replication,Sancar,+,24781539,0.0523192576594186,-74,LRD
iz,.,0,100,0,.,0.128275862068966,Hela_CPD_XR_NA_late_12_NA,HXLC_comb,single,HeLa_S3,CPD,XR_seq,20J,NA,late,12,_,repair_replication,Sancar,+,24781539,0.051762669811978,-73,LRD
iz,.,0,100,0,.,0.137241379310345,Hela_CPD_XR_NA_late_12_NA,HXLC_comb,single,HeLa_S3,CPD,XR_seq,20J,NA,late,12,_,repair_replication,Sancar,-,24781539,0.055380490820342,-73,LRD
iz,.,0,100,0,.,0.132413793103448,Hela_CPD_XR_NA_late_12_NA,HXLC_comb,single,HeLa_S3,CPD,XR_seq,20J,NA,late,12,_,repair_replication,Sancar,+,24781539,0.0534324333542999,-72,LRD
iz,.,0,100,0,.,0.166206896551724,Hela_CPD_XR_NA_late_12_NA,HXLC_comb,single,HeLa_S3,CPD,XR_seq,20J,NA,late,12,_,repair_replication,Sancar,-,24781539,0.0670688356165951,-72,LRD
iz,.,0,100,0,.,0.133793103448276,Hela_CPD_XR_NA_late_12_NA,HXLC_comb,single,HeLa_S3,CPD,XR_seq,20J,NA,late,12,_,repair_replication,Sancar,-,24781539,0.0539890212017405,-98,LRD
iz,.,0,100,0,.,0.148965517241379,Hela_CPD_XR_NA_late_12_NA,HXLC_comb,single,HeLa_S3,CPD,XR_seq,20J,NA,late,12,_,repair_replication,Sancar,+,24781539,0.0601114875235873,-98,LRD
iz,.,0,100,0,.,0.142758620689655,Hela_CPD_XR_NA_late_12_NA,HXLC_comb,single,HeLa_S3,CPD,XR_seq,20J,NA,late,12,_,repair_replication,Sancar,+,24781539,0.0576068422101045,-71,LRD
iz,.,0,100,0,.,0.144137931034483,Hela_CPD_XR_NA_late_12_NA,HXLC_comb,single,HeLa_S3,CPD,XR_seq,20J,NA,late,12,_,repair_replication,Sancar,-,24781539,0.0581634300575452,-71,LRD
iz,.,0,100,0,.,0.157241379310345,Hela_CPD_XR_NA_late_12_NA,HXLC_comb,single,HeLa_S3,CPD,XR_seq,20J,NA,late,12,_,repair_replication,Sancar,-,24781539,0.0634510146082311,-70,LRD
iz,.,0,100,0,.,0.124827586206897,Hela_CPD_XR_NA_late_12_NA,HXLC_comb,single,HeLa_S3,CPD,XR_seq,20J,NA,late,12,_,repair_replication,Sancar,+,24781539,0.0503712001933764,-70,LRD
iz,.,0,100,0,.,0.133793103448276,Hela_CPD_XR_NA_late_12_NA,HXLC_comb,single,HeLa_S3,CPD,XR_seq,20J,NA,late,12,_,repair_replication,Sancar,-,24781539,0.0539890212017405,-69,LRD
iz,.,0,100,0,.,0.117241379310345,Hela_CPD_XR_NA_late_12_NA,HXLC_comb,single,HeLa_S3,CPD,XR_seq,20J,NA,late,12,_,repair_replication,Sancar,+,24781539,0.047309967032453,-69,LRD
iz,.,0,100,0,.,0.115862068965517,Hela_CPD_XR_NA_late_12_NA,HXLC_comb,single,HeLa_S3,CPD,XR_seq,20J,NA,late,12,_,repair_replication,Sancar,+,24781539,0.0467533791850124,-68,LRD
iz,.,0,100,0,.,0.143448275862069,Hela_CPD_XR_NA_late_12_NA,HXLC_comb,single,HeLa_S3,CPD,XR_seq,20J,NA,late,12,_,repair_replication,Sancar,-,24781539,0.0578851361338248,-68,LRD
iz,.,0,100,0,.,0.162068965517241,Hela_CPD_XR_NA_late_12_NA,HXLC_comb,single,HeLa_S3,CPD,XR_seq,20J,NA,late,12,_,repair_replication,Sancar,-,24781539,0.0653990720742733,-67,LRD
iz,.,0,100,0,.,0.130344827586207,Hela_CPD_XR_NA_late_12_NA,HXLC_comb,single,HeLa_S3,CPD,XR_seq,20J,NA,late,12,_,repair_replication,Sancar,+,24781539,0.0525975515831389,-67,LRD
iz,.,0,100,0,.,0.170344827586207,Hela_CPD_XR_NA_late_12_NA,HXLC_comb,single,HeLa_S3,CPD,XR_seq,20J,NA,late,12,_,repair_replication,Sancar,-,24781539,0.068738599158917,-66,LRD
iz,.,0,100,0,.,0.12,Hela_CPD_XR_NA_late_12_NA,HXLC_comb,single,HeLa_S3,CPD,XR_seq,20J,NA,late,12,_,repair_replication,Sancar,+,24781539,0.0484231427273342,-66,LRD
iz,.,0,100,0,.,0.14,Hela_CPD_XR_NA_late_12_NA,HXLC_comb,single,HeLa_S3,CPD,XR_seq,20J,NA,late,12,_,repair_replication,Sancar,-,24781539,0.0564936665152233,-65,LRD
iz,.,0,100,0,.,0.117931034482759,Hela_CPD_XR_NA_late_12_NA,HXLC_comb,single,HeLa_S3,CPD,XR_seq,20J,NA,late,12,_,repair_replication,Sancar,+,24781539,0.0475882609561733,-65,LRD
iz,.,0,100,0,.,0.12551724137931,Hela_CPD_XR_NA_late_12_NA,HXLC_comb,single,HeLa_S3,CPD,XR_seq,20J,NA,late,12,_,repair_replication,Sancar,+,24781539,0.0506494941170967,-64,LRD
iz,.,0,100,0,.,0.160689655172414,Hela_CPD_XR_NA_late_12_NA,HXLC_comb,single,HeLa_S3,CPD,XR_seq,20J,NA,late,12,_,repair_replication,Sancar,-,24781539,0.0648424842268326,-64,LRD
iz,.,0,100,0,.,0.172413793103448,Hela_CPD_XR_NA_late_12_NA,HXLC_comb,single,HeLa_S3,CPD,XR_seq,20J,NA,late,12,_,repair_replication,Sancar,-,24781539,0.069573480930078,-63,LRD
iz,.,0,100,0,.,0.118620689655172,Hela_CPD_XR_NA_late_12_NA,HXLC_comb,single,HeLa_S3,CPD,XR_seq,20J,NA,late,12,_,repair_replication,Sancar,+,24781539,0.0478665548798936,-63,LRD
iz,.,0,100,0,.,0.159310344827586,Hela_CPD_XR_NA_late_12_NA,HXLC_comb,single,HeLa_S3,CPD,XR_seq,20J,NA,late,12,_,repair_replication,Sancar,-,24781539,0.064285896379392,-62,LRD
iz,.,0,100,0,.,0.122068965517241,Hela_CPD_XR_NA_late_12_NA,HXLC_comb,single,HeLa_S3,CPD,XR_seq,20J,NA,late,12,_,repair_replication,Sancar,+,24781539,0.0492580244984952,-62,LRD
iz,.,0,100,0,.,0.127586206896552,Hela_CPD_XR_NA_late_12_NA,HXLC_comb,single,HeLa_S3,CPD,XR_seq,20J,NA,late,12,_,repair_replication,Sancar,+,24781539,0.0514843758882577,-97,LRD
iz,.,0,100,0,.,0.119310344827586,Hela_CPD_XR_NA_late_12_NA,HXLC_comb,single,HeLa_S3,CPD,XR_seq,20J,NA,late,12,_,repair_replication,Sancar,-,24781539,0.0481448488036139,-97,LRD
iz,.,0,100,0,.,0.18,Hela_CPD_XR_NA_late_12_NA,HXLC_comb,single,HeLa_S3,CPD,XR_seq,20J,NA,late,12,_,repair_replication,Sancar,-,24781539,0.0726347140910014,-61,LRD
iz,.,0,100,0,.,0.120689655172414,Hela_CPD_XR_NA_late_12_NA,HXLC_comb,single,HeLa_S3,CPD,XR_seq,20J,NA,late,12,_,repair_replication,Sancar,+,24781539,0.0487014366510546,-61,LRD
iz,.,0,100,0,.,0.136551724137931,Hela_CPD_XR_NA_late_12_NA,HXLC_comb,single,HeLa_S3,CPD,XR_seq,20J,NA,late,12,_,repair_replication,Sancar,+,24781539,0.0551021968966217,-60,LRD
iz,.,0,100,0,.,0.148965517241379,Hela_CPD_XR_NA_late_12_NA,HXLC_comb,single,HeLa_S3,CPD,XR_seq,20J,NA,late,12,_,repair_replication,Sancar,-,24781539,0.0601114875235873,-60,LRD
iz,.,0,100,0,.,0.181379310344828,Hela_CPD_XR_NA_late_12_NA,HXLC_comb,single,HeLa_S3,CPD,XR_seq,20J,NA,late,12,_,repair_replication,Sancar,-,24781539,0.073191301938442,-59,LRD
iz,.,0,100,0,.,0.128275862068966,Hela_CPD_XR_NA_late_12_NA,HXLC_comb,single,HeLa_S3,CPD,XR_seq,20J,NA,late,12,_,repair_replication,Sancar,+,24781539,0.051762669811978,-59,LRD
iz,.,0,100,0,.,0.171034482758621,Hela_CPD_XR_NA_late_12_NA,HXLC_comb,single,HeLa_S3,CPD,XR_seq,20J,NA,late,12,_,repair_replication,Sancar,-,24781539,0.0690168930826373,-58,LRD
iz,.,0,100,0,.,0.127586206896552,Hela_CPD_XR_NA_late_12_NA,HXLC_comb,single,HeLa_S3,CPD,XR_seq,20J,NA,late,12,_,repair_replication,Sancar,+,24781539,0.0514843758882577,-58,LRD
iz,.,0,100,0,.,0.163448275862069,Hela_CPD_XR_NA_late_12_NA,HXLC_comb,single,HeLa_S3,CPD,XR_seq,20J,NA,late,12,_,repair_replication,Sancar,-,24781539,0.0659556599217139,-57,LRD
iz,.,0,100,0,.,0.136551724137931,Hela_CPD_XR_NA_late_12_NA,HXLC_comb,single,HeLa_S3,CPD,XR_seq,20J,NA,late,12,_,repair_replication,Sancar,+,24781539,0.0551021968966217,-57,LRD
iz,.,0,100,0,.,0.168275862068966,Hela_CPD_XR_NA_late_12_NA,HXLC_comb,single,HeLa_S3,CPD,XR_seq,20J,NA,late,12,_,repair_replication,Sancar,-,24781539,0.0679037173877561,-56,LRD
iz,.,0,100,0,.,0.137241379310345,Hela_CPD_XR_NA_late_12_NA,HXLC_comb,single,HeLa_S3,CPD,XR_seq,20J,NA,late,12,_,repair_replication,Sancar,+,24781539,0.055380490820342,-56,LRD
iz,.,0,100,0,.,0.15448275862069,Hela_CPD_XR_NA_late_12_NA,HXLC_comb,single,HeLa_S3,CPD,XR_seq,20J,NA,late,12,_,repair_replication,Sancar,-,24781539,0.0623378389133498,-55,LRD
iz,.,0,100,0,.,0.133793103448276,Hela_CPD_XR_NA_late_12_NA,HXLC_comb,single,HeLa_S3,CPD,XR_seq,20J,NA,late,12,_,repair_replication,Sancar,+,24781539,0.0539890212017405,-55,LRD
iz,.,0,100,0,.,0.150344827586207,Hela_CPD_XR_NA_late_12_NA,HXLC_comb,single,HeLa_S3,CPD,XR_seq,20J,NA,late,12,_,repair_replication,Sancar,-,24781539,0.060668075371028,-54,LRD
iz,.,0,100,0,.,0.12,Hela_CPD_XR_NA_late_12_NA,HXLC_comb,single,HeLa_S3,CPD,XR_seq,20J,NA,late,12,_,repair_replication,Sancar,+,24781539,0.0484231427273342,-54,LRD
iz,.,0,100,0,.,0.153103448275862,Hela_CPD_XR_NA_late_12_NA,HXLC_comb,single,HeLa_S3,CPD,XR_seq,20J,NA,late,12,_,repair_replication,Sancar,-,24781539,0.0617812510659092,-53,LRD
iz,.,0,100,0,.,0.126896551724138,Hela_CPD_XR_NA_late_12_NA,HXLC_comb,single,HeLa_S3,CPD,XR_seq,20J,NA,late,12,_,repair_replication,Sancar,+,24781539,0.0512060819645374,-53,LRD
iz,.,0,100,0,.,0.160689655172414,Hela_CPD_XR_NA_late_12_NA,HXLC_comb,single,HeLa_S3,CPD,XR_seq,20J,NA,late,12,_,repair_replication,Sancar,-,24781539,0.0648424842268326,-52,LRD
iz,.,0,100,0,.,0.117241379310345,Hela_CPD_XR_NA_late_12_NA,HXLC_comb,single,HeLa_S3,CPD,XR_seq,20J,NA,late,12,_,repair_replication,Sancar,+,24781539,0.047309967032453,-52,LRD
iz,.,0,100,0,.,0.140689655172414,Hela_CPD_XR_NA_late_12_NA,HXLC_comb,single,HeLa_S3,CPD,XR_seq,20J,NA,late,12,_,repair_replication,Sancar,+,24781539,0.0567719604389436,-96,LRD
iz,.,0,100,0,.,0.148965517241379,Hela_CPD_XR_NA_late_12_NA,HXLC_comb,single,HeLa_S3,CPD,XR_seq,20J,NA,late,12,_,repair_replication,Sancar,-,24781539,0.0601114875235873,-96,LRD
iz,.,0,100,0,.,0.124827586206897,Hela_CPD_XR_NA_late_12_NA,HXLC_comb,single,HeLa_S3,CPD,XR_seq,20J,NA,late,12,_,repair_replication,Sancar,+,24781539,0.0503712001933764,-51,LRD
iz,.,0,100,0,.,0.155172413793103,Hela_CPD_XR_NA_late_12_NA,HXLC_comb,single,HeLa_S3,CPD,XR_seq,20J,NA,late,12,_,repair_replication,Sancar,-,24781539,0.0626161328370702,-51,LRD
iz,.,0,100,0,.,0.148965517241379,Hela_CPD_XR_NA_late_12_NA,HXLC_comb,single,HeLa_S3,CPD,XR_seq,20J,NA,late,12,_,repair_replication,Sancar,-,24781539,0.0601114875235873,-50,LRD
iz,.,0,100,0,.,0.140689655172414,Hela_CPD_XR_NA_late_12_NA,HXLC_comb,single,HeLa_S3,CPD,XR_seq,20J,NA,late,12,_,repair_replication,Sancar,+,24781539,0.0567719604389436,-50,LRD
iz,.,0,100,0,.,0.144827586206897,Hela_CPD_XR_NA_late_12_NA,HXLC_comb,single,HeLa_S3,CPD,XR_seq,20J,NA,late,12,_,repair_replication,Sancar,-,24781539,0.0584417239812655,-49,LRD
iz,.,0,100,0,.,0.104827586206897,Hela_CPD_XR_NA_late_12_NA,HXLC_comb,single,HeLa_S3,CPD,XR_seq,20J,NA,late,12,_,repair_replication,Sancar,+,24781539,0.0423006764054874,-49,LRD
iz,.,0,100,0,.,0.131724137931034,Hela_CPD_XR_NA_late_12_NA,HXLC_comb,single,HeLa_S3,CPD,XR_seq,20J,NA,late,12,_,repair_replication,Sancar,+,24781539,0.0531541394305796,-48,LRD
iz,.,0,100,0,.,0.150344827586207,Hela_CPD_XR_NA_late_12_NA,HXLC_comb,single,HeLa_S3,CPD,XR_seq,20J,NA,late,12,_,repair_replication,Sancar,-,24781539,0.060668075371028,-48,LRD
iz,.,0,100,0,.,0.137241379310345,Hela_CPD_XR_NA_late_12_NA,HXLC_comb,single,HeLa_S3,CPD,XR_seq,20J,NA,late,12,_,repair_replication,Sancar,+,24781539,0.055380490820342,-47,LRD
iz,.,0,100,0,.,0.156551724137931,Hela_CPD_XR_NA_late_12_NA,HXLC_comb,single,HeLa_S3,CPD,XR_seq,20J,NA,late,12,_,repair_replication,Sancar,-,24781539,0.0631727206845108,-47,LRD
iz,.,0,100,0,.,0.102758620689655,Hela_CPD_XR_NA_late_12_NA,HXLC_comb,single,HeLa_S3,CPD,XR_seq,20J,NA,late,12,_,repair_replication,Sancar,+,24781539,0.0414657946343265,-46,LRD
iz,.,0,100,0,.,0.155862068965517,Hela_CPD_XR_NA_late_12_NA,HXLC_comb,single,HeLa_S3,CPD,XR_seq,20J,NA,late,12,_,repair_replication,Sancar,-,24781539,0.0628944267607905,-46,LRD
iz,.,0,100,0,.,0.16,Hela_CPD_XR_NA_late_12_NA,HXLC_comb,single,HeLa_S3,CPD,XR_seq,20J,NA,late,12,_,repair_replication,Sancar,-,24781539,0.0645641903031123,-45,LRD
iz,.,0,100,0,.,0.133103448275862,Hela_CPD_XR_NA_late_12_NA,HXLC_comb,single,HeLa_S3,CPD,XR_seq,20J,NA,late,12,_,repair_replication,Sancar,+,24781539,0.0537107272780202,-45,LRD
iz,.,0,100,0,.,0.164137931034483,Hela_CPD_XR_NA_late_12_NA,HXLC_comb,single,HeLa_S3,CPD,XR_seq,20J,NA,late,12,_,repair_replication,Sancar,-,24781539,0.0662339538454342,-44,LRD
iz,.,0,100,0,.,0.129655172413793,Hela_CPD_XR_NA_late_12_NA,HXLC_comb,single,HeLa_S3,CPD,XR_seq,20J,NA,late,12,_,repair_replication,Sancar,+,24781539,0.0523192576594186,-44,LRD
iz,.,0,100,0,.,0.117931034482759,Hela_CPD_XR_NA_late_12_NA,HXLC_comb,single,HeLa_S3,CPD,XR_seq,20J,NA,late,12,_,repair_replication,Sancar,-,24781539,0.0475882609561733,-43,LRD
iz,.,0,100,0,.,0.144137931034483,Hela_CPD_XR_NA_late_12_NA,HXLC_comb,single,HeLa_S3,CPD,XR_seq,20J,NA,late,12,_,repair_replication,Sancar,+,24781539,0.0581634300575452,-43,LRD
iz,.,0,100,0,.,0.113793103448276,Hela_CPD_XR_NA_late_12_NA,HXLC_comb,single,HeLa_S3,CPD,XR_seq,20J,NA,late,12,_,repair_replication,Sancar,+,24781539,0.0459184974138514,-42,LRD
iz,.,0,100,0,.,0.171034482758621,Hela_CPD_XR_NA_late_12_NA,HXLC_comb,single,HeLa_S3,CPD,XR_seq,20J,NA,late,12,_,repair_replication,Sancar,-,24781539,0.0690168930826373,-42,LRD
iz,.,0,100,0,.,0.157931034482759,Hela_CPD_XR_NA_late_12_NA,HXLC_comb,single,HeLa_S3,CPD,XR_seq,20J,NA,late,12,_,repair_replication,Sancar,-,24781539,0.0637293085319514,-95,LRD
iz,.,0,100,0,.,0.116551724137931,Hela_CPD_XR_NA_late_12_NA,HXLC_comb,single,HeLa_S3,CPD,XR_seq,20J,NA,late,12,_,repair_replication,Sancar,+,24781539,0.0470316731087327,-95,LRD
iz,.,0,100,0,.,0.160689655172414,Hela_CPD_XR_NA_late_12_NA,HXLC_comb,single,HeLa_S3,CPD,XR_seq,20J,NA,late,12,_,repair_replication,Sancar,-,24781539,0.0648424842268326,-41,LRD
iz,.,0,100,0,.,0.108275862068966,Hela_CPD_XR_NA_late_12_NA,HXLC_comb,single,HeLa_S3,CPD,XR_seq,20J,NA,late,12,_,repair_replication,Sancar,+,24781539,0.0436921460240889,-41,LRD
iz,.,0,100,0,.,0.131724137931034,Hela_CPD_XR_NA_late_12_NA,HXLC_comb,single,HeLa_S3,CPD,XR_seq,20J,NA,late,12,_,repair_replication,Sancar,-,24781539,0.0531541394305796,-40,LRD
iz,.,0,100,0,.,0.113103448275862,Hela_CPD_XR_NA_late_12_NA,HXLC_comb,single,HeLa_S3,CPD,XR_seq,20J,NA,late,12,_,repair_replication,Sancar,+,24781539,0.0456402034901311,-40,LRD
iz,.,0,100,0,.,0.124827586206897,Hela_CPD_XR_NA_late_12_NA,HXLC_comb,single,HeLa_S3,CPD,XR_seq,20J,NA,late,12,_,repair_replication,Sancar,-,24781539,0.0503712001933764,-39,LRD
iz,.,0,100,0,.,0.115862068965517,Hela_CPD_XR_NA_late_12_NA,HXLC_comb,single,HeLa_S3,CPD,XR_seq,20J,NA,late,12,_,repair_replication,Sancar,+,24781539,0.0467533791850124,-39,LRD
iz,.,0,100,0,.,0.128965517241379,Hela_CPD_XR_NA_late_12_NA,HXLC_comb,single,HeLa_S3,CPD,XR_seq,20J,NA,late,12,_,repair_replication,Sancar,+,24781539,0.0520409637356983,-38,LRD
iz,.,0,100,0,.,0.173793103448276,Hela_CPD_XR_NA_late_12_NA,HXLC_comb,single,HeLa_S3,CPD,XR_seq,20J,NA,late,12,_,repair_replication,Sancar,-,24781539,0.0701300687775186,-38,LRD
iz,.,0,100,0,.,0.118620689655172,Hela_CPD_XR_NA_late_12_NA,HXLC_comb,single,HeLa_S3,CPD,XR_seq,20J,NA,late,12,_,repair_replication,Sancar,+,24781539,0.0478665548798936,-37,LRD
iz,.,0,100,0,.,0.143448275862069,Hela_CPD_XR_NA_late_12_NA,HXLC_comb,single,HeLa_S3,CPD,XR_seq,20J,NA,late,12,_,repair_replication,Sancar,-,24781539,0.0578851361338248,-37,LRD
iz,.,0,100,0,.,0.140689655172414,Hela_CPD_XR_NA_late_12_NA,HXLC_comb,single,HeLa_S3,CPD,XR_seq,20J,NA,late,12,_,repair_replication,Sancar,+,24781539,0.0567719604389436,-36,LRD
iz,.,0,100,0,.,0.173793103448276,Hela_CPD_XR_NA_late_12_NA,HXLC_comb,single,HeLa_S3,CPD,XR_seq,20J,NA,late,12,_,repair_replication,Sancar,-,24781539,0.0701300687775186,-36,LRD
iz,.,0,100,0,.,0.121379310344828,Hela_CPD_XR_NA_late_12_NA,HXLC_comb,single,HeLa_S3,CPD,XR_seq,20J,NA,late,12,_,repair_replication,Sancar,+,24781539,0.0489797305747749,-35,LRD
iz,.,0,100,0,.,0.152413793103448,Hela_CPD_XR_NA_late_12_NA,HXLC_comb,single,HeLa_S3,CPD,XR_seq,20J,NA,late,12,_,repair_replication,Sancar,-,24781539,0.0615029571421889,-35,LRD
iz,.,0,100,0,.,0.16,Hela_CPD_XR_NA_late_12_NA,HXLC_comb,single,HeLa_S3,CPD,XR_seq,20J,NA,late,12,_,repair_replication,Sancar,-,24781539,0.0645641903031123,-34,LRD
iz,.,0,100,0,.,0.135172413793103,Hela_CPD_XR_NA_late_12_NA,HXLC_comb,single,HeLa_S3,CPD,XR_seq,20J,NA,late,12,_,repair_replication,Sancar,+,24781539,0.0545456090491811,-34,LRD
iz,.,0,100,0,.,0.135172413793103,Hela_CPD_XR_NA_late_12_NA,HXLC_comb,single,HeLa_S3,CPD,XR_seq,20J,NA,late,12,_,repair_replication,Sancar,+,24781539,0.0545456090491811,-33,LRD
iz,.,0,100,0,.,0.155862068965517,Hela_CPD_XR_NA_late_12_NA,HXLC_comb,single,HeLa_S3,CPD,XR_seq,20J,NA,late,12,_,repair_replication,Sancar,-,24781539,0.0628944267607905,-33,LRD
iz,.,0,100,0,.,0.139310344827586,Hela_CPD_XR_NA_late_12_NA,HXLC_comb,single,HeLa_S3,CPD,XR_seq,20J,NA,late,12,_,repair_replication,Sancar,+,24781539,0.056215372591503,-32,LRD
iz,.,0,100,0,.,0.155172413793103,Hela_CPD_XR_NA_late_12_NA,HXLC_comb,single,HeLa_S3,CPD,XR_seq,20J,NA,late,12,_,repair_replication,Sancar,-,24781539,0.0626161328370702,-32,LRD
iz,.,0,100,0,.,0.162068965517241,Hela_CPD_XR_NA_late_12_NA,HXLC_comb,single,HeLa_S3,CPD,XR_seq,20J,NA,late,12,_,repair_replication,Sancar,-,24781539,0.0653990720742733,-94,LRD
iz,.,0,100,0,.,0.115172413793103,Hela_CPD_XR_NA_late_12_NA,HXLC_comb,single,HeLa_S3,CPD,XR_seq,20J,NA,late,12,_,repair_replication,Sancar,+,24781539,0.0464750852612921,-94,LRD
iz,.,0,100,0,.,0.168275862068966,Hela_CPD_XR_NA_late_12_NA,HXLC_comb,single,HeLa_S3,CPD,XR_seq,20J,NA,late,12,_,repair_replication,Sancar,-,24781539,0.0679037173877561,-31,LRD
iz,.,0,100,0,.,0.139310344827586,Hela_CPD_XR_NA_late_12_NA,HXLC_comb,single,HeLa_S3,CPD,XR_seq,20J,NA,late,12,_,repair_replication,Sancar,+,24781539,0.056215372591503,-31,LRD
iz,.,0,100,0,.,0.163448275862069,Hela_CPD_XR_NA_late_12_NA,HXLC_comb,single,HeLa_S3,CPD,XR_seq,20J,NA,late,12,_,repair_replication,Sancar,-,24781539,0.0659556599217139,-30,LRD
iz,.,0,100,0,.,0.122758620689655,Hela_CPD_XR_NA_late_12_NA,HXLC_comb,single,HeLa_S3,CPD,XR_seq,20J,NA,late,12,_,repair_replication,Sancar,+,24781539,0.0495363184222155,-30,LRD
iz,.,0,100,0,.,0.168965517241379,Hela_CPD_XR_NA_late_12_NA,HXLC_comb,single,HeLa_S3,CPD,XR_seq,20J,NA,late,12,_,repair_replication,Sancar,-,24781539,0.0681820113114764,-29,LRD
iz,.,0,100,0,.,0.140689655172414,Hela_CPD_XR_NA_late_12_NA,HXLC_comb,single,HeLa_S3,CPD,XR_seq,20J,NA,late,12,_,repair_replication,Sancar,+,24781539,0.0567719604389436,-29,LRD
iz,.,0,100,0,.,0.127586206896552,Hela_CPD_XR_NA_late_12_NA,HXLC_comb,single,HeLa_S3,CPD,XR_seq,20J,NA,late,12,_,repair_replication,Sancar,+,24781539,0.0514843758882577,-28,LRD
iz,.,0,100,0,.,0.188965517241379,Hela_CPD_XR_NA_late_12_NA,HXLC_comb,single,HeLa_S3,CPD,XR_seq,20J,NA,late,12,_,repair_replication,Sancar,-,24781539,0.0762525350993654,-28,LRD
iz,.,0,100,0,.,0.148275862068966,Hela_CPD_XR_NA_late_12_NA,HXLC_comb,single,HeLa_S3,CPD,XR_seq,20J,NA,late,12,_,repair_replication,Sancar,-,24781539,0.059833193599867,-27,LRD
iz,.,0,100,0,.,0.146206896551724,Hela_CPD_XR_NA_late_12_NA,HXLC_comb,single,HeLa_S3,CPD,XR_seq,20J,NA,late,12,_,repair_replication,Sancar,+,24781539,0.0589983118287061,-27,LRD
iz,.,0,100,0,.,0.161379310344828,Hela_CPD_XR_NA_late_12_NA,HXLC_comb,single,HeLa_S3,CPD,XR_seq,20J,NA,late,12,_,repair_replication,Sancar,-,24781539,0.065120778150553,-26,LRD
iz,.,0,100,0,.,0.140689655172414,Hela_CPD_XR_NA_late_12_NA,HXLC_comb,single,HeLa_S3,CPD,XR_seq,20J,NA,late,12,_,repair_replication,Sancar,+,24781539,0.0567719604389436,-26,LRD
iz,.,0,100,0,.,0.131724137931034,Hela_CPD_XR_NA_late_12_NA,HXLC_comb,single,HeLa_S3,CPD,XR_seq,20J,NA,late,12,_,repair_replication,Sancar,+,24781539,0.0531541394305796,-25,LRD
iz,.,0,100,0,.,0.182068965517241,Hela_CPD_XR_NA_late_12_NA,HXLC_comb,single,HeLa_S3,CPD,XR_seq,20J,NA,late,12,_,repair_replication,Sancar,-,24781539,0.0734695958621623,-25,LRD
iz,.,0,100,0,.,0.157241379310345,Hela_CPD_XR_NA_late_12_NA,HXLC_comb,single,HeLa_S3,CPD,XR_seq,20J,NA,late,12,_,repair_replication,Sancar,-,24781539,0.0634510146082311,-24,LRD
iz,.,0,100,0,.,0.110344827586207,Hela_CPD_XR_NA_late_12_NA,HXLC_comb,single,HeLa_S3,CPD,XR_seq,20J,NA,late,12,_,repair_replication,Sancar,+,24781539,0.0445270277952499,-24,LRD
iz,.,0,100,0,.,0.148965517241379,Hela_CPD_XR_NA_late_12_NA,HXLC_comb,single,HeLa_S3,CPD,XR_seq,20J,NA,late,12,_,repair_replication,Sancar,-,24781539,0.0601114875235873,-23,LRD
iz,.,0,100,0,.,0.13448275862069,Hela_CPD_XR_NA_late_12_NA,HXLC_comb,single,HeLa_S3,CPD,XR_seq,20J,NA,late,12,_,repair_replication,Sancar,+,24781539,0.0542673151254608,-23,LRD
iz,.,0,100,0,.,0.147586206896552,Hela_CPD_XR_NA_late_12_NA,HXLC_comb,single,HeLa_S3,CPD,XR_seq,20J,NA,late,12,_,repair_replication,Sancar,+,24781539,0.0595548996761467,-22,LRD
iz,.,0,100,0,.,0.171724137931034,Hela_CPD_XR_NA_late_12_NA,HXLC_comb,single,HeLa_S3,CPD,XR_seq,20J,NA,late,12,_,repair_replication,Sancar,-,24781539,0.0692951870063576,-22,LRD
iz,.,0,100,0,.,0.166896551724138,Hela_CPD_XR_NA_late_12_NA,HXLC_comb,single,HeLa_S3,CPD,XR_seq,20J,NA,late,12,_,repair_replication,Sancar,-,24781539,0.0673471295403155,-93,LRD
iz,.,0,100,0,.,0.115172413793103,Hela_CPD_XR_NA_late_12_NA,HXLC_comb,single,HeLa_S3,CPD,XR_seq,20J,NA,late,12,_,repair_replication,Sancar,+,24781539,0.0464750852612921,-93,LRD
iz,.,0,100,0,.,0.135172413793103,Hela_CPD_XR_NA_late_12_NA,HXLC_comb,single,HeLa_S3,CPD,XR_seq,20J,NA,late,12,_,repair_replication,Sancar,+,24781539,0.0545456090491811,-21,LRD
iz,.,0,100,0,.,0.153103448275862,Hela_CPD_XR_NA_late_12_NA,HXLC_comb,single,HeLa_S3,CPD,XR_seq,20J,NA,late,12,_,repair_replication,Sancar,-,24781539,0.0617812510659092,-21,LRD
iz,.,0,100,0,.,0.133103448275862,Hela_CPD_XR_NA_late_12_NA,HXLC_comb,single,HeLa_S3,CPD,XR_seq,20J,NA,late,12,_,repair_replication,Sancar,-,24781539,0.0537107272780202,-20,LRD
iz,.,0,100,0,.,0.14551724137931,Hela_CPD_XR_NA_late_12_NA,HXLC_comb,single,HeLa_S3,CPD,XR_seq,20J,NA,late,12,_,repair_replication,Sancar,+,24781539,0.0587200179049858,-20,LRD
iz,.,0,100,0,.,0.160689655172414,Hela_CPD_XR_NA_late_12_NA,HXLC_comb,single,HeLa_S3,CPD,XR_seq,20J,NA,late,12,_,repair_replication,Sancar,+,24781539,0.0648424842268326,-19,LRD
iz,.,0,100,0,.,0.157241379310345,Hela_CPD_XR_NA_late_12_NA,HXLC_comb,single,HeLa_S3,CPD,XR_seq,20J,NA,late,12,_,repair_replication,Sancar,-,24781539,0.0634510146082311,-19,LRD
iz,.,0,100,0,.,0.14,Hela_CPD_XR_NA_late_12_NA,HXLC_comb,single,HeLa_S3,CPD,XR_seq,20J,NA,late,12,_,repair_replication,Sancar,+,24781539,0.0564936665152233,-18,LRD
iz,.,0,100,0,.,0.157241379310345,Hela_CPD_XR_NA_late_12_NA,HXLC_comb,single,HeLa_S3,CPD,XR_seq,20J,NA,late,12,_,repair_replication,Sancar,-,24781539,0.0634510146082311,-18,LRD
iz,.,0,100,0,.,0.148965517241379,Hela_CPD_XR_NA_late_12_NA,HXLC_comb,single,HeLa_S3,CPD,XR_seq,20J,NA,late,12,_,repair_replication,Sancar,+,24781539,0.0601114875235873,-17,LRD
iz,.,0,100,0,.,0.170344827586207,Hela_CPD_XR_NA_late_12_NA,HXLC_comb,single,HeLa_S3,CPD,XR_seq,20J,NA,late,12,_,repair_replication,Sancar,-,24781539,0.068738599158917,-17,LRD
iz,.,0,100,0,.,0.152413793103448,Hela_CPD_XR_NA_late_12_NA,HXLC_comb,single,HeLa_S3,CPD,XR_seq,20J,NA,late,12,_,repair_replication,Sancar,+,24781539,0.0615029571421889,-16,LRD
iz,.,0,100,0,.,0.155862068965517,Hela_CPD_XR_NA_late_12_NA,HXLC_comb,single,HeLa_S3,CPD,XR_seq,20J,NA,late,12,_,repair_replication,Sancar,-,24781539,0.0628944267607905,-16,LRD
iz,.,0,100,0,.,0.179310344827586,Hela_CPD_XR_NA_late_12_NA,HXLC_comb,single,HeLa_S3,CPD,XR_seq,20J,NA,late,12,_,repair_replication,Sancar,-,24781539,0.0723564201672811,-15,LRD
iz,.,0,100,0,.,0.133793103448276,Hela_CPD_XR_NA_late_12_NA,HXLC_comb,single,HeLa_S3,CPD,XR_seq,20J,NA,late,12,_,repair_replication,Sancar,+,24781539,0.0539890212017405,-15,LRD
iz,.,0,100,0,.,0.146896551724138,Hela_CPD_XR_NA_late_12_NA,HXLC_comb,single,HeLa_S3,CPD,XR_seq,20J,NA,late,12,_,repair_replication,Sancar,+,24781539,0.0592766057524264,-14,LRD
iz,.,0,100,0,.,0.16551724137931,Hela_CPD_XR_NA_late_12_NA,HXLC_comb,single,HeLa_S3,CPD,XR_seq,20J,NA,late,12,_,repair_replication,Sancar,-,24781539,0.0667905416928748,-14,LRD
iz,.,0,100,0,.,0.124827586206897,Hela_CPD_XR_NA_late_12_NA,HXLC_comb,single,HeLa_S3,CPD,XR_seq,20J,NA,late,12,_,repair_replication,Sancar,+,24781539,0.0503712001933764,-13,LRD
iz,.,0,100,0,.,0.166206896551724,Hela_CPD_XR_NA_late_12_NA,HXLC_comb,single,HeLa_S3,CPD,XR_seq,20J,NA,late,12,_,repair_replication,Sancar,-,24781539,0.0670688356165951,-13,LRD
iz,.,0,100,0,.,0.2,Hela_CPD_XR_NA_late_12_NA,HXLC_comb,single,HeLa_S3,CPD,XR_seq,20J,NA,late,12,_,repair_replication,Sancar,-,24781539,0.0807052378788904,-12,LRD
iz,.,0,100,0,.,0.127586206896552,Hela_CPD_XR_NA_late_12_NA,HXLC_comb,single,HeLa_S3,CPD,XR_seq,20J,NA,late,12,_,repair_replication,Sancar,+,24781539,0.0514843758882577,-12,LRD
iz,.,0,100,0,.,0.150344827586207,Hela_CPD_XR_NA_late_12_NA,HXLC_comb,single,HeLa_S3,CPD,XR_seq,20J,NA,late,12,_,repair_replication,Sancar,-,24781539,0.060668075371028,-92,LRD
iz,.,0,100,0,.,0.126206896551724,Hela_CPD_XR_NA_late_12_NA,HXLC_comb,single,HeLa_S3,CPD,XR_seq,20J,NA,late,12,_,repair_replication,Sancar,+,24781539,0.0509277880408171,-92,LRD
iz,.,0,100,0,.,0.176551724137931,Hela_CPD_XR_NA_late_12_NA,HXLC_comb,single,HeLa_S3,CPD,XR_seq,20J,NA,late,12,_,repair_replication,Sancar,-,24781539,0.0712432444723998,-11,LRD
iz,.,0,100,0,.,0.14551724137931,Hela_CPD_XR_NA_late_12_NA,HXLC_comb,single,HeLa_S3,CPD,XR_seq,20J,NA,late,12,_,repair_replication,Sancar,+,24781539,0.0587200179049858,-11,LRD
iz,.,0,100,0,.,0.162758620689655,Hela_CPD_XR_NA_late_12_NA,HXLC_comb,single,HeLa_S3,CPD,XR_seq,20J,NA,late,12,_,repair_replication,Sancar,-,24781539,0.0656773659979936,-10,LRD
iz,.,0,100,0,.,0.151034482758621,Hela_CPD_XR_NA_late_12_NA,HXLC_comb,single,HeLa_S3,CPD,XR_seq,20J,NA,late,12,_,repair_replication,Sancar,+,24781539,0.0609463692947483,-10,LRD
iz,.,0,100,0,.,0.162068965517241,Hela_CPD_XR_NA_late_12_NA,HXLC_comb,single,HeLa_S3,CPD,XR_seq,20J,NA,late,12,_,repair_replication,Sancar,+,24781539,0.0653990720742733,-9,LRD
iz,.,0,100,0,.,0.164137931034483,Hela_CPD_XR_NA_late_12_NA,HXLC_comb,single,HeLa_S3,CPD,XR_seq,20J,NA,late,12,_,repair_replication,Sancar,-,24781539,0.0662339538454342,-9,LRD
iz,.,0,100,0,.,0.141379310344828,Hela_CPD_XR_NA_late_12_NA,HXLC_comb,single,HeLa_S3,CPD,XR_seq,20J,NA,late,12,_,repair_replication,Sancar,-,24781539,0.0570502543626639,-8,LRD
iz,.,0,100,0,.,0.129655172413793,Hela_CPD_XR_NA_late_12_NA,HXLC_comb,single,HeLa_S3,CPD,XR_seq,20J,NA,late,12,_,repair_replication,Sancar,+,24781539,0.0523192576594186,-8,LRD
iz,.,0,100,0,.,0.150344827586207,Hela_CPD_XR_NA_late_12_NA,HXLC_comb,single,HeLa_S3,CPD,XR_seq,20J,NA,late,12,_,repair_replication,Sancar,+,24781539,0.060668075371028,-7,LRD
iz,.,0,100,0,.,0.164827586206897,Hela_CPD_XR_NA_late_12_NA,HXLC_comb,single,HeLa_S3,CPD,XR_seq,20J,NA,late,12,_,repair_replication,Sancar,-,24781539,0.0665122477691545,-7,LRD
iz,.,0,100,0,.,0.157931034482759,Hela_CPD_XR_NA_late_12_NA,HXLC_comb,single,HeLa_S3,CPD,XR_seq,20J,NA,late,12,_,repair_replication,Sancar,+,24781539,0.0637293085319514,-6,LRD
iz,.,0,100,0,.,0.169655172413793,Hela_CPD_XR_NA_late_12_NA,HXLC_comb,single,HeLa_S3,CPD,XR_seq,20J,NA,late,12,_,repair_replication,Sancar,-,24781539,0.0684603052351967,-6,LRD
iz,.,0,100,0,.,0.162068965517241,Hela_CPD_XR_NA_late_12_NA,HXLC_comb,single,HeLa_S3,CPD,XR_seq,20J,NA,late,12,_,repair_replication,Sancar,-,24781539,0.0653990720742733,-5,LRD
iz,.,0,100,0,.,0.151034482758621,Hela_CPD_XR_NA_late_12_NA,HXLC_comb,single,HeLa_S3,CPD,XR_seq,20J,NA,late,12,_,repair_replication,Sancar,+,24781539,0.0609463692947483,-5,LRD
iz,.,0,100,0,.,0.173103448275862,Hela_CPD_XR_NA_late_12_NA,HXLC_comb,single,HeLa_S3,CPD,XR_seq,20J,NA,late,12,_,repair_replication,Sancar,-,24781539,0.0698517748537983,-4,LRD
iz,.,0,100,0,.,0.170344827586207,Hela_CPD_XR_NA_late_12_NA,HXLC_comb,single,HeLa_S3,CPD,XR_seq,20J,NA,late,12,_,repair_replication,Sancar,+,24781539,0.068738599158917,-4,LRD
iz,.,0,100,0,.,0.17448275862069,Hela_CPD_XR_NA_late_12_NA,HXLC_comb,single,HeLa_S3,CPD,XR_seq,20J,NA,late,12,_,repair_replication,Sancar,-,24781539,0.0704083627012389,-3,LRD
iz,.,0,100,0,.,0.156551724137931,Hela_CPD_XR_NA_late_12_NA,HXLC_comb,single,HeLa_S3,CPD,XR_seq,20J,NA,late,12,_,repair_replication,Sancar,+,24781539,0.0631727206845108,-3,LRD
iz,.,0,100,0,.,0.159310344827586,Hela_CPD_XR_NA_late_12_NA,HXLC_comb,single,HeLa_S3,CPD,XR_seq,20J,NA,late,12,_,repair_replication,Sancar,+,24781539,0.064285896379392,-2,LRD
iz,.,0,100,0,.,0.167586206896552,Hela_CPD_XR_NA_late_12_NA,HXLC_comb,single,HeLa_S3,CPD,XR_seq,20J,NA,late,12,_,repair_replication,Sancar,-,24781539,0.0676254234640358,-2,LRD
