dataset,chromosomes,start_position,end_position,score,dataset_strand,counts,sample_names,file_names,layout,cell_line,product,method,uv_exposure,treatment,phase,time_after_exposure,replicate,project,sample_source,sample_strand,mapped_reads,RPKM,windows,repdomains
iz,.,0,100,0,.,0.397931034482759,Hela_CPD_XR_NA_late_12_NA,HXLC_comb,single,HeLa_S3,CPD,XR_seq,20J,NA,late,12,_,repair_replication,Sancar,-,26397950,0.150743157890199,-100,LRD
iz,.,0,100,0,.,0.306206896551724,Hela_CPD_XR_NA_late_12_NA,HXLC_comb,single,HeLa_S3,CPD,XR_seq,20J,NA,late,12,_,repair_replication,Sancar,+,26397950,0.115996468116548,-100,LRD
iz,.,0,100,0,.,0.300689655172414,Hela_CPD_XR_NA_late_12_NA,HXLC_comb,single,HeLa_S3,CPD,XR_seq,20J,NA,late,12,_,repair_replication,Sancar,+,26397950,0.113906441663998,-91,LRD
iz,.,0,100,0,.,0.39448275862069,Hela_CPD_XR_NA_late_12_NA,HXLC_comb,single,HeLa_S3,CPD,XR_seq,20J,NA,late,12,_,repair_replication,Sancar,-,26397950,0.149436891357355,-91,LRD
iz,.,0,100,0,.,0.357241379310345,Hela_CPD_XR_NA_late_12_NA,HXLC_comb,single,HeLa_S3,CPD,XR_seq,20J,NA,late,12,_,repair_replication,Sancar,+,26397950,0.13532921280264,-1,LRD
iz,.,0,100,0,.,0.357931034482759,Hela_CPD_XR_NA_late_12_NA,HXLC_comb,single,HeLa_S3,CPD,XR_seq,20J,NA,late,12,_,repair_replication,Sancar,-,26397950,0.135590466109209,-1,LRD
iz,.,0,100,0,.,0.311724137931034,Hela_CPD_XR_NA_late_12_NA,HXLC_comb,single,HeLa_S3,CPD,XR_seq,20J,NA,late,12,_,repair_replication,Sancar,-,26397950,0.118086494569099,0,LRD
iz,.,0,100,0,.,0.293103448275862,Hela_CPD_XR_NA_late_12_NA,HXLC_comb,single,HeLa_S3,CPD,XR_seq,20J,NA,late,12,_,repair_replication,Sancar,+,26397950,0.111032655291741,0,LRD
iz,.,0,100,0,.,0.367586206896552,Hela_CPD_XR_NA_late_12_NA,HXLC_comb,single,HeLa_S3,CPD,XR_seq,20J,NA,late,12,_,repair_replication,Sancar,-,26397950,0.139248012401172,1,LRD
iz,.,0,100,0,.,0.33448275862069,Hela_CPD_XR_NA_late_12_NA,HXLC_comb,single,HeLa_S3,CPD,XR_seq,20J,NA,late,12,_,repair_replication,Sancar,+,26397950,0.126707853685869,1,LRD
iz,.,0,100,0,.,0.359310344827586,Hela_CPD_XR_NA_late_12_NA,HXLC_comb,single,HeLa_S3,CPD,XR_seq,20J,NA,late,12,_,repair_replication,Sancar,-,26397950,0.136112972722346,2,LRD
iz,.,0,100,0,.,0.359310344827586,Hela_CPD_XR_NA_late_12_NA,HXLC_comb,single,HeLa_S3,CPD,XR_seq,20J,NA,late,12,_,repair_replication,Sancar,+,26397950,0.136112972722346,2,LRD
iz,.,0,100,0,.,0.366206896551724,Hela_CPD_XR_NA_late_12_NA,HXLC_comb,single,HeLa_S3,CPD,XR_seq,20J,NA,late,12,_,repair_replication,Sancar,-,26397950,0.138725505788034,3,LRD
iz,.,0,100,0,.,0.33448275862069,Hela_CPD_XR_NA_late_12_NA,HXLC_comb,single,HeLa_S3,CPD,XR_seq,20J,NA,late,12,_,repair_replication,Sancar,+,26397950,0.126707853685869,3,LRD
iz,.,0,100,0,.,0.366896551724138,Hela_CPD_XR_NA_late_12_NA,HXLC_comb,single,HeLa_S3,CPD,XR_seq,20J,NA,late,12,_,repair_replication,Sancar,-,26397950,0.138986759094603,4,LRD
iz,.,0,100,0,.,0.326896551724138,Hela_CPD_XR_NA_late_12_NA,HXLC_comb,single,HeLa_S3,CPD,XR_seq,20J,NA,late,12,_,repair_replication,Sancar,+,26397950,0.123834067313613,4,LRD
iz,.,0,100,0,.,0.32551724137931,Hela_CPD_XR_NA_late_12_NA,HXLC_comb,single,HeLa_S3,CPD,XR_seq,20J,NA,late,12,_,repair_replication,Sancar,-,26397950,0.123311560700475,5,LRD
iz,.,0,100,0,.,0.324827586206897,Hela_CPD_XR_NA_late_12_NA,HXLC_comb,single,HeLa_S3,CPD,XR_seq,20J,NA,late,12,_,repair_replication,Sancar,+,26397950,0.123050307393906,5,LRD
iz,.,0,100,0,.,0.331724137931035,Hela_CPD_XR_NA_late_12_NA,HXLC_comb,single,HeLa_S3,CPD,XR_seq,20J,NA,late,12,_,repair_replication,Sancar,+,26397950,0.125662840459594,6,LRD
iz,.,0,100,0,.,0.336551724137931,Hela_CPD_XR_NA_late_12_NA,HXLC_comb,single,HeLa_S3,CPD,XR_seq,20J,NA,late,12,_,repair_replication,Sancar,-,26397950,0.127491613605576,6,LRD
iz,.,0,100,0,.,0.330344827586207,Hela_CPD_XR_NA_late_12_NA,HXLC_comb,single,HeLa_S3,CPD,XR_seq,20J,NA,late,12,_,repair_replication,Sancar,+,26397950,0.125140333846457,7,LRD
iz,.,0,100,0,.,0.317931034482759,Hela_CPD_XR_NA_late_12_NA,HXLC_comb,single,HeLa_S3,CPD,XR_seq,20J,NA,late,12,_,repair_replication,Sancar,-,26397950,0.120437774328218,7,LRD
iz,.,0,100,0,.,0.328965517241379,Hela_CPD_XR_NA_late_12_NA,HXLC_comb,single,HeLa_S3,CPD,XR_seq,20J,NA,late,12,_,repair_replication,Sancar,+,26397950,0.124617827233319,8,LRD
iz,.,0,100,0,.,0.324137931034483,Hela_CPD_XR_NA_late_12_NA,HXLC_comb,single,HeLa_S3,CPD,XR_seq,20J,NA,late,12,_,repair_replication,Sancar,-,26397950,0.122789054087337,8,LRD
iz,.,0,100,0,.,0.412413793103448,Hela_CPD_XR_NA_late_12_NA,HXLC_comb,single,HeLa_S3,CPD,XR_seq,20J,NA,late,12,_,repair_replication,Sancar,-,26397950,0.156229477328144,-90,LRD
iz,.,0,100,0,.,0.292413793103448,Hela_CPD_XR_NA_late_12_NA,HXLC_comb,single,HeLa_S3,CPD,XR_seq,20J,NA,late,12,_,repair_replication,Sancar,+,26397950,0.110771401985172,-90,LRD
iz,.,0,100,0,.,0.346206896551724,Hela_CPD_XR_NA_late_12_NA,HXLC_comb,single,HeLa_S3,CPD,XR_seq,20J,NA,late,12,_,repair_replication,Sancar,-,26397950,0.131149159897539,9,LRD
iz,.,0,100,0,.,0.318620689655172,Hela_CPD_XR_NA_late_12_NA,HXLC_comb,single,HeLa_S3,CPD,XR_seq,20J,NA,late,12,_,repair_replication,Sancar,+,26397950,0.120699027634787,9,LRD
iz,.,0,100,0,.,0.386896551724138,Hela_CPD_XR_NA_late_12_NA,HXLC_comb,single,HeLa_S3,CPD,XR_seq,20J,NA,late,12,_,repair_replication,Sancar,-,26397950,0.146563104985098,10,LRD
iz,.,0,100,0,.,0.359310344827586,Hela_CPD_XR_NA_late_12_NA,HXLC_comb,single,HeLa_S3,CPD,XR_seq,20J,NA,late,12,_,repair_replication,Sancar,+,26397950,0.136112972722346,10,LRD
iz,.,0,100,0,.,0.308275862068966,Hela_CPD_XR_NA_late_12_NA,HXLC_comb,single,HeLa_S3,CPD,XR_seq,20J,NA,late,12,_,repair_replication,Sancar,-,26397950,0.116780228036255,11,LRD
iz,.,0,100,0,.,0.358620689655172,Hela_CPD_XR_NA_late_12_NA,HXLC_comb,single,HeLa_S3,CPD,XR_seq,20J,NA,late,12,_,repair_replication,Sancar,+,26397950,0.135851719415778,11,LRD
iz,.,0,100,0,.,0.344827586206897,Hela_CPD_XR_NA_late_12_NA,HXLC_comb,single,HeLa_S3,CPD,XR_seq,20J,NA,late,12,_,repair_replication,Sancar,+,26397950,0.130626653284401,12,LRD
iz,.,0,100,0,.,0.324827586206897,Hela_CPD_XR_NA_late_12_NA,HXLC_comb,single,HeLa_S3,CPD,XR_seq,20J,NA,late,12,_,repair_replication,Sancar,-,26397950,0.123050307393906,12,LRD
iz,.,0,100,0,.,0.352413793103448,Hela_CPD_XR_NA_late_12_NA,HXLC_comb,single,HeLa_S3,CPD,XR_seq,20J,NA,late,12,_,repair_replication,Sancar,-,26397950,0.133500439656658,13,LRD
iz,.,0,100,0,.,0.342758620689655,Hela_CPD_XR_NA_late_12_NA,HXLC_comb,single,HeLa_S3,CPD,XR_seq,20J,NA,late,12,_,repair_replication,Sancar,+,26397950,0.129842893364695,13,LRD
iz,.,0,100,0,.,0.318620689655172,Hela_CPD_XR_NA_late_12_NA,HXLC_comb,single,HeLa_S3,CPD,XR_seq,20J,NA,late,12,_,repair_replication,Sancar,-,26397950,0.120699027634787,14,LRD
iz,.,0,100,0,.,0.398620689655172,Hela_CPD_XR_NA_late_12_NA,HXLC_comb,single,HeLa_S3,CPD,XR_seq,20J,NA,late,12,_,repair_replication,Sancar,+,26397950,0.151004411196768,14,LRD
iz,.,0,100,0,.,0.328965517241379,Hela_CPD_XR_NA_late_12_NA,HXLC_comb,single,HeLa_S3,CPD,XR_seq,20J,NA,late,12,_,repair_replication,Sancar,-,26397950,0.124617827233319,15,LRD
iz,.,0,100,0,.,0.382068965517241,Hela_CPD_XR_NA_late_12_NA,HXLC_comb,single,HeLa_S3,CPD,XR_seq,20J,NA,late,12,_,repair_replication,Sancar,+,26397950,0.144734331839117,15,LRD
iz,.,0,100,0,.,0.306896551724138,Hela_CPD_XR_NA_late_12_NA,HXLC_comb,single,HeLa_S3,CPD,XR_seq,20J,NA,late,12,_,repair_replication,Sancar,-,26397950,0.116257721423117,16,LRD
iz,.,0,100,0,.,0.351034482758621,Hela_CPD_XR_NA_late_12_NA,HXLC_comb,single,HeLa_S3,CPD,XR_seq,20J,NA,late,12,_,repair_replication,Sancar,+,26397950,0.132977933043521,16,LRD
iz,.,0,100,0,.,0.335172413793103,Hela_CPD_XR_NA_late_12_NA,HXLC_comb,single,HeLa_S3,CPD,XR_seq,20J,NA,late,12,_,repair_replication,Sancar,-,26397950,0.126969106992438,17,LRD
iz,.,0,100,0,.,0.384137931034483,Hela_CPD_XR_NA_late_12_NA,HXLC_comb,single,HeLa_S3,CPD,XR_seq,20J,NA,late,12,_,repair_replication,Sancar,+,26397950,0.145518091758823,17,LRD
iz,.,0,100,0,.,0.384137931034483,Hela_CPD_XR_NA_late_12_NA,HXLC_comb,single,HeLa_S3,CPD,XR_seq,20J,NA,late,12,_,repair_replication,Sancar,+,26397950,0.145518091758823,18,LRD
iz,.,0,100,0,.,0.348275862068965,Hela_CPD_XR_NA_late_12_NA,HXLC_comb,single,HeLa_S3,CPD,XR_seq,20J,NA,late,12,_,repair_replication,Sancar,-,26397950,0.131932919817245,18,LRD
iz,.,0,100,0,.,0.281379310344828,Hela_CPD_XR_NA_late_12_NA,HXLC_comb,single,HeLa_S3,CPD,XR_seq,20J,NA,late,12,_,repair_replication,Sancar,+,26397950,0.106591349080072,-89,LRD
iz,.,0,100,0,.,0.40551724137931,Hela_CPD_XR_NA_late_12_NA,HXLC_comb,single,HeLa_S3,CPD,XR_seq,20J,NA,late,12,_,repair_replication,Sancar,-,26397950,0.153616944262456,-89,LRD
iz,.,0,100,0,.,0.303448275862069,Hela_CPD_XR_NA_late_12_NA,HXLC_comb,single,HeLa_S3,CPD,XR_seq,20J,NA,late,12,_,repair_replication,Sancar,-,26397950,0.114951454890273,19,LRD
iz,.,0,100,0,.,0.364137931034483,Hela_CPD_XR_NA_late_12_NA,HXLC_comb,single,HeLa_S3,CPD,XR_seq,20J,NA,late,12,_,repair_replication,Sancar,+,26397950,0.137941745868328,19,LRD
iz,.,0,100,0,.,0.391034482758621,Hela_CPD_XR_NA_late_12_NA,HXLC_comb,single,HeLa_S3,CPD,XR_seq,20J,NA,late,12,_,repair_replication,Sancar,+,26397950,0.148130624824511,20,LRD
iz,.,0,100,0,.,0.353103448275862,Hela_CPD_XR_NA_late_12_NA,HXLC_comb,single,HeLa_S3,CPD,XR_seq,20J,NA,late,12,_,repair_replication,Sancar,-,26397950,0.133761692963227,20,LRD
iz,.,0,100,0,.,0.304137931034483,Hela_CPD_XR_NA_late_12_NA,HXLC_comb,single,HeLa_S3,CPD,XR_seq,20J,NA,late,12,_,repair_replication,Sancar,-,26397950,0.115212708196842,21,LRD
iz,.,0,100,0,.,0.377931034482759,Hela_CPD_XR_NA_late_12_NA,HXLC_comb,single,HeLa_S3,CPD,XR_seq,20J,NA,late,12,_,repair_replication,Sancar,+,26397950,0.143166811999704,21,LRD
iz,.,0,100,0,.,0.339310344827586,Hela_CPD_XR_NA_late_12_NA,HXLC_comb,single,HeLa_S3,CPD,XR_seq,20J,NA,late,12,_,repair_replication,Sancar,-,26397950,0.128536626831851,22,LRD
iz,.,0,100,0,.,0.358620689655172,Hela_CPD_XR_NA_late_12_NA,HXLC_comb,single,HeLa_S3,CPD,XR_seq,20J,NA,late,12,_,repair_replication,Sancar,+,26397950,0.135851719415778,22,LRD
iz,.,0,100,0,.,0.340689655172414,Hela_CPD_XR_NA_late_12_NA,HXLC_comb,single,HeLa_S3,CPD,XR_seq,20J,NA,late,12,_,repair_replication,Sancar,-,26397950,0.129059133444989,23,LRD
iz,.,0,100,0,.,0.377241379310345,Hela_CPD_XR_NA_late_12_NA,HXLC_comb,single,HeLa_S3,CPD,XR_seq,20J,NA,late,12,_,repair_replication,Sancar,+,26397950,0.142905558693135,23,LRD
iz,.,0,100,0,.,0.308965517241379,Hela_CPD_XR_NA_late_12_NA,HXLC_comb,single,HeLa_S3,CPD,XR_seq,20J,NA,late,12,_,repair_replication,Sancar,-,26397950,0.117041481342824,24,LRD
iz,.,0,100,0,.,0.38,Hela_CPD_XR_NA_late_12_NA,HXLC_comb,single,HeLa_S3,CPD,XR_seq,20J,NA,late,12,_,repair_replication,Sancar,+,26397950,0.14395057191941,24,LRD
iz,.,0,100,0,.,0.299310344827586,Hela_CPD_XR_NA_late_12_NA,HXLC_comb,single,HeLa_S3,CPD,XR_seq,20J,NA,late,12,_,repair_replication,Sancar,-,26397950,0.11338393505086,25,LRD
iz,.,0,100,0,.,0.38551724137931,Hela_CPD_XR_NA_late_12_NA,HXLC_comb,single,HeLa_S3,CPD,XR_seq,20J,NA,late,12,_,repair_replication,Sancar,+,26397950,0.146040598371961,25,LRD
iz,.,0,100,0,.,0.328275862068966,Hela_CPD_XR_NA_late_12_NA,HXLC_comb,single,HeLa_S3,CPD,XR_seq,20J,NA,late,12,_,repair_replication,Sancar,-,26397950,0.12435657392675,26,LRD
iz,.,0,100,0,.,0.402068965517241,Hela_CPD_XR_NA_late_12_NA,HXLC_comb,single,HeLa_S3,CPD,XR_seq,20J,NA,late,12,_,repair_replication,Sancar,+,26397950,0.152310677729612,26,LRD
iz,.,0,100,0,.,0.321379310344828,Hela_CPD_XR_NA_late_12_NA,HXLC_comb,single,HeLa_S3,CPD,XR_seq,20J,NA,late,12,_,repair_replication,Sancar,-,26397950,0.121744040861062,27,LRD
iz,.,0,100,0,.,0.388275862068966,Hela_CPD_XR_NA_late_12_NA,HXLC_comb,single,HeLa_S3,CPD,XR_seq,20J,NA,late,12,_,repair_replication,Sancar,+,26397950,0.147085611598236,27,LRD
iz,.,0,100,0,.,0.391034482758621,Hela_CPD_XR_NA_late_12_NA,HXLC_comb,single,HeLa_S3,CPD,XR_seq,20J,NA,late,12,_,repair_replication,Sancar,+,26397950,0.148130624824511,28,LRD
iz,.,0,100,0,.,0.302758620689655,Hela_CPD_XR_NA_late_12_NA,HXLC_comb,single,HeLa_S3,CPD,XR_seq,20J,NA,late,12,_,repair_replication,Sancar,-,26397950,0.114690201583704,28,LRD
iz,.,0,100,0,.,0.42,Hela_CPD_XR_NA_late_12_NA,HXLC_comb,single,HeLa_S3,CPD,XR_seq,20J,NA,late,12,_,repair_replication,Sancar,-,26397950,0.159103263700401,-88,LRD
iz,.,0,100,0,.,0.282068965517241,Hela_CPD_XR_NA_late_12_NA,HXLC_comb,single,HeLa_S3,CPD,XR_seq,20J,NA,late,12,_,repair_replication,Sancar,+,26397950,0.10685260238664,-88,LRD
iz,.,0,100,0,.,0.397931034482759,Hela_CPD_XR_NA_late_12_NA,HXLC_comb,single,HeLa_S3,CPD,XR_seq,20J,NA,late,12,_,repair_replication,Sancar,+,26397950,0.150743157890199,29,LRD
iz,.,0,100,0,.,0.330344827586207,Hela_CPD_XR_NA_late_12_NA,HXLC_comb,single,HeLa_S3,CPD,XR_seq,20J,NA,late,12,_,repair_replication,Sancar,-,26397950,0.125140333846457,29,LRD
iz,.,0,100,0,.,0.300689655172414,Hela_CPD_XR_NA_late_12_NA,HXLC_comb,single,HeLa_S3,CPD,XR_seq,20J,NA,late,12,_,repair_replication,Sancar,-,26397950,0.113906441663998,30,LRD
iz,.,0,100,0,.,0.390344827586207,Hela_CPD_XR_NA_late_12_NA,HXLC_comb,single,HeLa_S3,CPD,XR_seq,20J,NA,late,12,_,repair_replication,Sancar,+,26397950,0.147869371517942,30,LRD
iz,.,0,100,0,.,0.319310344827586,Hela_CPD_XR_NA_late_12_NA,HXLC_comb,single,HeLa_S3,CPD,XR_seq,20J,NA,late,12,_,repair_replication,Sancar,-,26397950,0.120960280941356,31,LRD
iz,.,0,100,0,.,0.39448275862069,Hela_CPD_XR_NA_late_12_NA,HXLC_comb,single,HeLa_S3,CPD,XR_seq,20J,NA,late,12,_,repair_replication,Sancar,+,26397950,0.149436891357355,31,LRD
iz,.,0,100,0,.,0.381379310344828,Hela_CPD_XR_NA_late_12_NA,HXLC_comb,single,HeLa_S3,CPD,XR_seq,20J,NA,late,12,_,repair_replication,Sancar,+,26397950,0.144473078532548,32,LRD
iz,.,0,100,0,.,0.30551724137931,Hela_CPD_XR_NA_late_12_NA,HXLC_comb,single,HeLa_S3,CPD,XR_seq,20J,NA,late,12,_,repair_replication,Sancar,-,26397950,0.11573521480998,32,LRD
iz,.,0,100,0,.,0.318620689655172,Hela_CPD_XR_NA_late_12_NA,HXLC_comb,single,HeLa_S3,CPD,XR_seq,20J,NA,late,12,_,repair_replication,Sancar,-,26397950,0.120699027634787,33,LRD
iz,.,0,100,0,.,0.384137931034483,Hela_CPD_XR_NA_late_12_NA,HXLC_comb,single,HeLa_S3,CPD,XR_seq,20J,NA,late,12,_,repair_replication,Sancar,+,26397950,0.145518091758823,33,LRD
iz,.,0,100,0,.,0.399310344827586,Hela_CPD_XR_NA_late_12_NA,HXLC_comb,single,HeLa_S3,CPD,XR_seq,20J,NA,late,12,_,repair_replication,Sancar,+,26397950,0.151265664503337,34,LRD
iz,.,0,100,0,.,0.32,Hela_CPD_XR_NA_late_12_NA,HXLC_comb,single,HeLa_S3,CPD,XR_seq,20J,NA,late,12,_,repair_replication,Sancar,-,26397950,0.121221534247925,34,LRD
iz,.,0,100,0,.,0.302068965517241,Hela_CPD_XR_NA_late_12_NA,HXLC_comb,single,HeLa_S3,CPD,XR_seq,20J,NA,late,12,_,repair_replication,Sancar,-,26397950,0.114428948277136,35,LRD
iz,.,0,100,0,.,0.371724137931034,Hela_CPD_XR_NA_late_12_NA,HXLC_comb,single,HeLa_S3,CPD,XR_seq,20J,NA,late,12,_,repair_replication,Sancar,+,26397950,0.140815532240585,35,LRD
iz,.,0,100,0,.,0.311034482758621,Hela_CPD_XR_NA_late_12_NA,HXLC_comb,single,HeLa_S3,CPD,XR_seq,20J,NA,late,12,_,repair_replication,Sancar,-,26397950,0.11782524126253,36,LRD
iz,.,0,100,0,.,0.403448275862069,Hela_CPD_XR_NA_late_12_NA,HXLC_comb,single,HeLa_S3,CPD,XR_seq,20J,NA,late,12,_,repair_replication,Sancar,+,26397950,0.15283318434275,36,LRD
iz,.,0,100,0,.,0.358620689655172,Hela_CPD_XR_NA_late_12_NA,HXLC_comb,single,HeLa_S3,CPD,XR_seq,20J,NA,late,12,_,repair_replication,Sancar,+,26397950,0.135851719415778,37,LRD
iz,.,0,100,0,.,0.308965517241379,Hela_CPD_XR_NA_late_12_NA,HXLC_comb,single,HeLa_S3,CPD,XR_seq,20J,NA,late,12,_,repair_replication,Sancar,-,26397950,0.117041481342824,37,LRD
iz,.,0,100,0,.,0.379310344827586,Hela_CPD_XR_NA_late_12_NA,HXLC_comb,single,HeLa_S3,CPD,XR_seq,20J,NA,late,12,_,repair_replication,Sancar,+,26397950,0.143689318612842,38,LRD
iz,.,0,100,0,.,0.271034482758621,Hela_CPD_XR_NA_late_12_NA,HXLC_comb,single,HeLa_S3,CPD,XR_seq,20J,NA,late,12,_,repair_replication,Sancar,-,26397950,0.10267254948154,38,LRD
iz,.,0,100,0,.,0.436551724137931,Hela_CPD_XR_NA_late_12_NA,HXLC_comb,single,HeLa_S3,CPD,XR_seq,20J,NA,late,12,_,repair_replication,Sancar,-,26397950,0.165373343058052,-87,LRD
iz,.,0,100,0,.,0.288965517241379,Hela_CPD_XR_NA_late_12_NA,HXLC_comb,single,HeLa_S3,CPD,XR_seq,20J,NA,late,12,_,repair_replication,Sancar,+,26397950,0.109465135452328,-87,LRD
iz,.,0,100,0,.,0.382068965517241,Hela_CPD_XR_NA_late_12_NA,HXLC_comb,single,HeLa_S3,CPD,XR_seq,20J,NA,late,12,_,repair_replication,Sancar,+,26397950,0.144734331839117,39,LRD
iz,.,0,100,0,.,0.277931034482759,Hela_CPD_XR_NA_late_12_NA,HXLC_comb,single,HeLa_S3,CPD,XR_seq,20J,NA,late,12,_,repair_replication,Sancar,-,26397950,0.105285082547228,39,LRD
iz,.,0,100,0,.,0.383448275862069,Hela_CPD_XR_NA_late_12_NA,HXLC_comb,single,HeLa_S3,CPD,XR_seq,20J,NA,late,12,_,repair_replication,Sancar,+,26397950,0.145256838452254,40,LRD
iz,.,0,100,0,.,0.26,Hela_CPD_XR_NA_late_12_NA,HXLC_comb,single,HeLa_S3,CPD,XR_seq,20J,NA,late,12,_,repair_replication,Sancar,-,26397950,0.0984924965764387,40,LRD
iz,.,0,100,0,.,0.362068965517241,Hela_CPD_XR_NA_late_12_NA,HXLC_comb,single,HeLa_S3,CPD,XR_seq,20J,NA,late,12,_,repair_replication,Sancar,+,26397950,0.137157985948622,41,LRD
iz,.,0,100,0,.,0.308275862068966,Hela_CPD_XR_NA_late_12_NA,HXLC_comb,single,HeLa_S3,CPD,XR_seq,20J,NA,late,12,_,repair_replication,Sancar,-,26397950,0.116780228036255,41,LRD
iz,.,0,100,0,.,0.312413793103448,Hela_CPD_XR_NA_late_12_NA,HXLC_comb,single,HeLa_S3,CPD,XR_seq,20J,NA,late,12,_,repair_replication,Sancar,-,26397950,0.118347747875668,42,LRD
iz,.,0,100,0,.,0.393103448275862,Hela_CPD_XR_NA_late_12_NA,HXLC_comb,single,HeLa_S3,CPD,XR_seq,20J,NA,late,12,_,repair_replication,Sancar,+,26397950,0.148914384744218,42,LRD
iz,.,0,100,0,.,0.40551724137931,Hela_CPD_XR_NA_late_12_NA,HXLC_comb,single,HeLa_S3,CPD,XR_seq,20J,NA,late,12,_,repair_replication,Sancar,+,26397950,0.153616944262456,43,LRD
iz,.,0,100,0,.,0.306896551724138,Hela_CPD_XR_NA_late_12_NA,HXLC_comb,single,HeLa_S3,CPD,XR_seq,20J,NA,late,12,_,repair_replication,Sancar,-,26397950,0.116257721423117,43,LRD
iz,.,0,100,0,.,0.301379310344828,Hela_CPD_XR_NA_late_12_NA,HXLC_comb,single,HeLa_S3,CPD,XR_seq,20J,NA,late,12,_,repair_replication,Sancar,-,26397950,0.114167694970567,44,LRD
iz,.,0,100,0,.,0.413103448275862,Hela_CPD_XR_NA_late_12_NA,HXLC_comb,single,HeLa_S3,CPD,XR_seq,20J,NA,late,12,_,repair_replication,Sancar,+,26397950,0.156490730634713,44,LRD
iz,.,0,100,0,.,0.411724137931034,Hela_CPD_XR_NA_late_12_NA,HXLC_comb,single,HeLa_S3,CPD,XR_seq,20J,NA,late,12,_,repair_replication,Sancar,+,26397950,0.155968224021575,45,LRD
iz,.,0,100,0,.,0.264827586206897,Hela_CPD_XR_NA_late_12_NA,HXLC_comb,single,HeLa_S3,CPD,XR_seq,20J,NA,late,12,_,repair_replication,Sancar,-,26397950,0.10032126972242,45,LRD
iz,.,0,100,0,.,0.412413793103448,Hela_CPD_XR_NA_late_12_NA,HXLC_comb,single,HeLa_S3,CPD,XR_seq,20J,NA,late,12,_,repair_replication,Sancar,+,26397950,0.156229477328144,46,LRD
iz,.,0,100,0,.,0.318620689655172,Hela_CPD_XR_NA_late_12_NA,HXLC_comb,single,HeLa_S3,CPD,XR_seq,20J,NA,late,12,_,repair_replication,Sancar,-,26397950,0.120699027634787,46,LRD
iz,.,0,100,0,.,0.406896551724138,Hela_CPD_XR_NA_late_12_NA,HXLC_comb,single,HeLa_S3,CPD,XR_seq,20J,NA,late,12,_,repair_replication,Sancar,+,26397950,0.154139450875594,47,LRD
iz,.,0,100,0,.,0.310344827586207,Hela_CPD_XR_NA_late_12_NA,HXLC_comb,single,HeLa_S3,CPD,XR_seq,20J,NA,late,12,_,repair_replication,Sancar,-,26397950,0.117563987955961,47,LRD
iz,.,0,100,0,.,0.390344827586207,Hela_CPD_XR_NA_late_12_NA,HXLC_comb,single,HeLa_S3,CPD,XR_seq,20J,NA,late,12,_,repair_replication,Sancar,+,26397950,0.147869371517942,48,LRD
iz,.,0,100,0,.,0.306206896551724,Hela_CPD_XR_NA_late_12_NA,HXLC_comb,single,HeLa_S3,CPD,XR_seq,20J,NA,late,12,_,repair_replication,Sancar,-,26397950,0.115996468116548,48,LRD
iz,.,0,100,0,.,0.419310344827586,Hela_CPD_XR_NA_late_12_NA,HXLC_comb,single,HeLa_S3,CPD,XR_seq,20J,NA,late,12,_,repair_replication,Sancar,-,26397950,0.158842010393832,-86,LRD
iz,.,0,100,0,.,0.297241379310345,Hela_CPD_XR_NA_late_12_NA,HXLC_comb,single,HeLa_S3,CPD,XR_seq,20J,NA,late,12,_,repair_replication,Sancar,+,26397950,0.112600175131154,-86,LRD
iz,.,0,100,0,.,0.427586206896552,Hela_CPD_XR_NA_late_12_NA,HXLC_comb,single,HeLa_S3,CPD,XR_seq,20J,NA,late,12,_,repair_replication,Sancar,+,26397950,0.161977050072658,49,LRD
iz,.,0,100,0,.,0.30551724137931,Hela_CPD_XR_NA_late_12_NA,HXLC_comb,single,HeLa_S3,CPD,XR_seq,20J,NA,late,12,_,repair_replication,Sancar,-,26397950,0.11573521480998,49,LRD
iz,.,0,100,0,.,0.362068965517241,Hela_CPD_XR_NA_late_12_NA,HXLC_comb,single,HeLa_S3,CPD,XR_seq,20J,NA,late,12,_,repair_replication,Sancar,+,26397950,0.137157985948622,50,LRD
iz,.,0,100,0,.,0.316551724137931,Hela_CPD_XR_NA_late_12_NA,HXLC_comb,single,HeLa_S3,CPD,XR_seq,20J,NA,late,12,_,repair_replication,Sancar,-,26397950,0.119915267715081,50,LRD
iz,.,0,100,0,.,0.293793103448276,Hela_CPD_XR_NA_late_12_NA,HXLC_comb,single,HeLa_S3,CPD,XR_seq,20J,NA,late,12,_,repair_replication,Sancar,-,26397950,0.11129390859831,51,LRD
iz,.,0,100,0,.,0.440689655172414,Hela_CPD_XR_NA_late_12_NA,HXLC_comb,single,HeLa_S3,CPD,XR_seq,20J,NA,late,12,_,repair_replication,Sancar,+,26397950,0.166940862897465,51,LRD
iz,.,0,100,0,.,0.406206896551724,Hela_CPD_XR_NA_late_12_NA,HXLC_comb,single,HeLa_S3,CPD,XR_seq,20J,NA,late,12,_,repair_replication,Sancar,+,26397950,0.153878197569025,52,LRD
iz,.,0,100,0,.,0.317931034482759,Hela_CPD_XR_NA_late_12_NA,HXLC_comb,single,HeLa_S3,CPD,XR_seq,20J,NA,late,12,_,repair_replication,Sancar,-,26397950,0.120437774328218,52,LRD
iz,.,0,100,0,.,0.283448275862069,Hela_CPD_XR_NA_late_12_NA,HXLC_comb,single,HeLa_S3,CPD,XR_seq,20J,NA,late,12,_,repair_replication,Sancar,-,26397950,0.107375108999778,53,LRD
iz,.,0,100,0,.,0.410344827586207,Hela_CPD_XR_NA_late_12_NA,HXLC_comb,single,HeLa_S3,CPD,XR_seq,20J,NA,late,12,_,repair_replication,Sancar,+,26397950,0.155445717408438,53,LRD
iz,.,0,100,0,.,0.392413793103448,Hela_CPD_XR_NA_late_12_NA,HXLC_comb,single,HeLa_S3,CPD,XR_seq,20J,NA,late,12,_,repair_replication,Sancar,+,26397950,0.148653131437649,54,LRD
iz,.,0,100,0,.,0.289655172413793,Hela_CPD_XR_NA_late_12_NA,HXLC_comb,single,HeLa_S3,CPD,XR_seq,20J,NA,late,12,_,repair_replication,Sancar,-,26397950,0.109726388758897,54,LRD
iz,.,0,100,0,.,0.299310344827586,Hela_CPD_XR_NA_late_12_NA,HXLC_comb,single,HeLa_S3,CPD,XR_seq,20J,NA,late,12,_,repair_replication,Sancar,-,26397950,0.11338393505086,55,LRD
iz,.,0,100,0,.,0.386206896551724,Hela_CPD_XR_NA_late_12_NA,HXLC_comb,single,HeLa_S3,CPD,XR_seq,20J,NA,late,12,_,repair_replication,Sancar,+,26397950,0.14630185167853,55,LRD
iz,.,0,100,0,.,0.404827586206897,Hela_CPD_XR_NA_late_12_NA,HXLC_comb,single,HeLa_S3,CPD,XR_seq,20J,NA,late,12,_,repair_replication,Sancar,+,26397950,0.153355690955887,56,LRD
iz,.,0,100,0,.,0.297931034482759,Hela_CPD_XR_NA_late_12_NA,HXLC_comb,single,HeLa_S3,CPD,XR_seq,20J,NA,late,12,_,repair_replication,Sancar,-,26397950,0.112861428437723,56,LRD
iz,.,0,100,0,.,0.422758620689655,Hela_CPD_XR_NA_late_12_NA,HXLC_comb,single,HeLa_S3,CPD,XR_seq,20J,NA,late,12,_,repair_replication,Sancar,+,26397950,0.160148276926676,57,LRD
iz,.,0,100,0,.,0.278620689655172,Hela_CPD_XR_NA_late_12_NA,HXLC_comb,single,HeLa_S3,CPD,XR_seq,20J,NA,late,12,_,repair_replication,Sancar,-,26397950,0.105546335853796,57,LRD
iz,.,0,100,0,.,0.395172413793103,Hela_CPD_XR_NA_late_12_NA,HXLC_comb,single,HeLa_S3,CPD,XR_seq,20J,NA,late,12,_,repair_replication,Sancar,+,26397950,0.149698144663924,58,LRD
iz,.,0,100,0,.,0.299310344827586,Hela_CPD_XR_NA_late_12_NA,HXLC_comb,single,HeLa_S3,CPD,XR_seq,20J,NA,late,12,_,repair_replication,Sancar,-,26397950,0.11338393505086,58,LRD
iz,.,0,100,0,.,0.435172413793103,Hela_CPD_XR_NA_late_12_NA,HXLC_comb,single,HeLa_S3,CPD,XR_seq,20J,NA,late,12,_,repair_replication,Sancar,-,26397950,0.164850836444915,-85,LRD
iz,.,0,100,0,.,0.283448275862069,Hela_CPD_XR_NA_late_12_NA,HXLC_comb,single,HeLa_S3,CPD,XR_seq,20J,NA,late,12,_,repair_replication,Sancar,+,26397950,0.107375108999778,-85,LRD
iz,.,0,100,0,.,0.267586206896552,Hela_CPD_XR_NA_late_12_NA,HXLC_comb,single,HeLa_S3,CPD,XR_seq,20J,NA,late,12,_,repair_replication,Sancar,-,26397950,0.101366282948696,59,LRD
iz,.,0,100,0,.,0.416551724137931,Hela_CPD_XR_NA_late_12_NA,HXLC_comb,single,HeLa_S3,CPD,XR_seq,20J,NA,late,12,_,repair_replication,Sancar,+,26397950,0.157796997167557,59,LRD
iz,.,0,100,0,.,0.300689655172414,Hela_CPD_XR_NA_late_12_NA,HXLC_comb,single,HeLa_S3,CPD,XR_seq,20J,NA,late,12,_,repair_replication,Sancar,-,26397950,0.113906441663998,60,LRD
iz,.,0,100,0,.,0.417931034482759,Hela_CPD_XR_NA_late_12_NA,HXLC_comb,single,HeLa_S3,CPD,XR_seq,20J,NA,late,12,_,repair_replication,Sancar,+,26397950,0.158319503780695,60,LRD
iz,.,0,100,0,.,0.264827586206897,Hela_CPD_XR_NA_late_12_NA,HXLC_comb,single,HeLa_S3,CPD,XR_seq,20J,NA,late,12,_,repair_replication,Sancar,-,26397950,0.10032126972242,61,LRD
iz,.,0,100,0,.,0.44551724137931,Hela_CPD_XR_NA_late_12_NA,HXLC_comb,single,HeLa_S3,CPD,XR_seq,20J,NA,late,12,_,repair_replication,Sancar,+,26397950,0.168769636043447,61,LRD
iz,.,0,100,0,.,0.283448275862069,Hela_CPD_XR_NA_late_12_NA,HXLC_comb,single,HeLa_S3,CPD,XR_seq,20J,NA,late,12,_,repair_replication,Sancar,-,26397950,0.107375108999778,62,LRD
iz,.,0,100,0,.,0.422758620689655,Hela_CPD_XR_NA_late_12_NA,HXLC_comb,single,HeLa_S3,CPD,XR_seq,20J,NA,late,12,_,repair_replication,Sancar,+,26397950,0.160148276926676,62,LRD
iz,.,0,100,0,.,0.313793103448276,Hela_CPD_XR_NA_late_12_NA,HXLC_comb,single,HeLa_S3,CPD,XR_seq,20J,NA,late,12,_,repair_replication,Sancar,-,26397950,0.118870254488805,63,LRD
iz,.,0,100,0,.,0.379310344827586,Hela_CPD_XR_NA_late_12_NA,HXLC_comb,single,HeLa_S3,CPD,XR_seq,20J,NA,late,12,_,repair_replication,Sancar,+,26397950,0.143689318612842,63,LRD
iz,.,0,100,0,.,0.428275862068966,Hela_CPD_XR_NA_late_12_NA,HXLC_comb,single,HeLa_S3,CPD,XR_seq,20J,NA,late,12,_,repair_replication,Sancar,+,26397950,0.162238303379227,64,LRD
iz,.,0,100,0,.,0.266896551724138,Hela_CPD_XR_NA_late_12_NA,HXLC_comb,single,HeLa_S3,CPD,XR_seq,20J,NA,late,12,_,repair_replication,Sancar,-,26397950,0.101105029642127,64,LRD
iz,.,0,100,0,.,0.3,Hela_CPD_XR_NA_late_12_NA,HXLC_comb,single,HeLa_S3,CPD,XR_seq,20J,NA,late,12,_,repair_replication,Sancar,-,26397950,0.113645188357429,65,LRD
iz,.,0,100,0,.,0.417241379310345,Hela_CPD_XR_NA_late_12_NA,HXLC_comb,single,HeLa_S3,CPD,XR_seq,20J,NA,late,12,_,repair_replication,Sancar,+,26397950,0.158058250474126,65,LRD
iz,.,0,100,0,.,0.27448275862069,Hela_CPD_XR_NA_late_12_NA,HXLC_comb,single,HeLa_S3,CPD,XR_seq,20J,NA,late,12,_,repair_replication,Sancar,-,26397950,0.103978816014384,66,LRD
iz,.,0,100,0,.,0.415172413793103,Hela_CPD_XR_NA_late_12_NA,HXLC_comb,single,HeLa_S3,CPD,XR_seq,20J,NA,late,12,_,repair_replication,Sancar,+,26397950,0.157274490554419,66,LRD
iz,.,0,100,0,.,0.284137931034483,Hela_CPD_XR_NA_late_12_NA,HXLC_comb,single,HeLa_S3,CPD,XR_seq,20J,NA,late,12,_,repair_replication,Sancar,-,26397950,0.107636362306347,67,LRD
iz,.,0,100,0,.,0.415172413793103,Hela_CPD_XR_NA_late_12_NA,HXLC_comb,single,HeLa_S3,CPD,XR_seq,20J,NA,late,12,_,repair_replication,Sancar,+,26397950,0.157274490554419,67,LRD
iz,.,0,100,0,.,0.440689655172414,Hela_CPD_XR_NA_late_12_NA,HXLC_comb,single,HeLa_S3,CPD,XR_seq,20J,NA,late,12,_,repair_replication,Sancar,+,26397950,0.166940862897465,68,LRD
iz,.,0,100,0,.,0.283448275862069,Hela_CPD_XR_NA_late_12_NA,HXLC_comb,single,HeLa_S3,CPD,XR_seq,20J,NA,late,12,_,repair_replication,Sancar,-,26397950,0.107375108999778,68,LRD
iz,.,0,100,0,.,0.291034482758621,Hela_CPD_XR_NA_late_12_NA,HXLC_comb,single,HeLa_S3,CPD,XR_seq,20J,NA,late,12,_,repair_replication,Sancar,+,26397950,0.110248895372035,-84,LRD
iz,.,0,100,0,.,0.390344827586207,Hela_CPD_XR_NA_late_12_NA,HXLC_comb,single,HeLa_S3,CPD,XR_seq,20J,NA,late,12,_,repair_replication,Sancar,-,26397950,0.147869371517942,-84,LRD
iz,.,0,100,0,.,0.404137931034483,Hela_CPD_XR_NA_late_12_NA,HXLC_comb,single,HeLa_S3,CPD,XR_seq,20J,NA,late,12,_,repair_replication,Sancar,+,26397950,0.153094437649319,69,LRD
iz,.,0,100,0,.,0.290344827586207,Hela_CPD_XR_NA_late_12_NA,HXLC_comb,single,HeLa_S3,CPD,XR_seq,20J,NA,late,12,_,repair_replication,Sancar,-,26397950,0.109987642065466,69,LRD
iz,.,0,100,0,.,0.417241379310345,Hela_CPD_XR_NA_late_12_NA,HXLC_comb,single,HeLa_S3,CPD,XR_seq,20J,NA,late,12,_,repair_replication,Sancar,+,26397950,0.158058250474126,70,LRD
iz,.,0,100,0,.,0.309655172413793,Hela_CPD_XR_NA_late_12_NA,HXLC_comb,single,HeLa_S3,CPD,XR_seq,20J,NA,late,12,_,repair_replication,Sancar,-,26397950,0.117302734649393,70,LRD
iz,.,0,100,0,.,0.28,Hela_CPD_XR_NA_late_12_NA,HXLC_comb,single,HeLa_S3,CPD,XR_seq,20J,NA,late,12,_,repair_replication,Sancar,-,26397950,0.106068842466934,71,LRD
iz,.,0,100,0,.,0.390344827586207,Hela_CPD_XR_NA_late_12_NA,HXLC_comb,single,HeLa_S3,CPD,XR_seq,20J,NA,late,12,_,repair_replication,Sancar,+,26397950,0.147869371517942,71,LRD
iz,.,0,100,0,.,0.264137931034483,Hela_CPD_XR_NA_late_12_NA,HXLC_comb,single,HeLa_S3,CPD,XR_seq,20J,NA,late,12,_,repair_replication,Sancar,-,26397950,0.100060016415852,72,LRD
iz,.,0,100,0,.,0.417241379310345,Hela_CPD_XR_NA_late_12_NA,HXLC_comb,single,HeLa_S3,CPD,XR_seq,20J,NA,late,12,_,repair_replication,Sancar,+,26397950,0.158058250474126,72,LRD
iz,.,0,100,0,.,0.398620689655172,Hela_CPD_XR_NA_late_12_NA,HXLC_comb,single,HeLa_S3,CPD,XR_seq,20J,NA,late,12,_,repair_replication,Sancar,+,26397950,0.151004411196768,73,LRD
iz,.,0,100,0,.,0.289655172413793,Hela_CPD_XR_NA_late_12_NA,HXLC_comb,single,HeLa_S3,CPD,XR_seq,20J,NA,late,12,_,repair_replication,Sancar,-,26397950,0.109726388758897,73,LRD
iz,.,0,100,0,.,0.281379310344828,Hela_CPD_XR_NA_late_12_NA,HXLC_comb,single,HeLa_S3,CPD,XR_seq,20J,NA,late,12,_,repair_replication,Sancar,-,26397950,0.106591349080072,74,LRD
iz,.,0,100,0,.,0.4,Hela_CPD_XR_NA_late_12_NA,HXLC_comb,single,HeLa_S3,CPD,XR_seq,20J,NA,late,12,_,repair_replication,Sancar,+,26397950,0.151526917809906,74,LRD
iz,.,0,100,0,.,0.26551724137931,Hela_CPD_XR_NA_late_12_NA,HXLC_comb,single,HeLa_S3,CPD,XR_seq,20J,NA,late,12,_,repair_replication,Sancar,-,26397950,0.100582523028989,75,LRD
iz,.,0,100,0,.,0.441379310344828,Hela_CPD_XR_NA_late_12_NA,HXLC_comb,single,HeLa_S3,CPD,XR_seq,20J,NA,late,12,_,repair_replication,Sancar,+,26397950,0.167202116204034,75,LRD
iz,.,0,100,0,.,0.317931034482759,Hela_CPD_XR_NA_late_12_NA,HXLC_comb,single,HeLa_S3,CPD,XR_seq,20J,NA,late,12,_,repair_replication,Sancar,-,26397950,0.120437774328218,76,LRD
iz,.,0,100,0,.,0.383448275862069,Hela_CPD_XR_NA_late_12_NA,HXLC_comb,single,HeLa_S3,CPD,XR_seq,20J,NA,late,12,_,repair_replication,Sancar,+,26397950,0.145256838452254,76,LRD
iz,.,0,100,0,.,0.381379310344828,Hela_CPD_XR_NA_late_12_NA,HXLC_comb,single,HeLa_S3,CPD,XR_seq,20J,NA,late,12,_,repair_replication,Sancar,+,26397950,0.144473078532548,77,LRD
iz,.,0,100,0,.,0.32551724137931,Hela_CPD_XR_NA_late_12_NA,HXLC_comb,single,HeLa_S3,CPD,XR_seq,20J,NA,late,12,_,repair_replication,Sancar,-,26397950,0.123311560700475,77,LRD
iz,.,0,100,0,.,0.44,Hela_CPD_XR_NA_late_12_NA,HXLC_comb,single,HeLa_S3,CPD,XR_seq,20J,NA,late,12,_,repair_replication,Sancar,+,26397950,0.166679609590896,78,LRD
iz,.,0,100,0,.,0.298620689655172,Hela_CPD_XR_NA_late_12_NA,HXLC_comb,single,HeLa_S3,CPD,XR_seq,20J,NA,late,12,_,repair_replication,Sancar,-,26397950,0.113122681744292,78,LRD
iz,.,0,100,0,.,0.402068965517241,Hela_CPD_XR_NA_late_12_NA,HXLC_comb,single,HeLa_S3,CPD,XR_seq,20J,NA,late,12,_,repair_replication,Sancar,-,26397950,0.152310677729612,-83,LRD
iz,.,0,100,0,.,0.28551724137931,Hela_CPD_XR_NA_late_12_NA,HXLC_comb,single,HeLa_S3,CPD,XR_seq,20J,NA,late,12,_,repair_replication,Sancar,+,26397950,0.108158868919484,-83,LRD
iz,.,0,100,0,.,0.431034482758621,Hela_CPD_XR_NA_late_12_NA,HXLC_comb,single,HeLa_S3,CPD,XR_seq,20J,NA,late,12,_,repair_replication,Sancar,+,26397950,0.163283316605502,79,LRD
iz,.,0,100,0,.,0.306206896551724,Hela_CPD_XR_NA_late_12_NA,HXLC_comb,single,HeLa_S3,CPD,XR_seq,20J,NA,late,12,_,repair_replication,Sancar,-,26397950,0.115996468116548,79,LRD
iz,.,0,100,0,.,0.398620689655172,Hela_CPD_XR_NA_late_12_NA,HXLC_comb,single,HeLa_S3,CPD,XR_seq,20J,NA,late,12,_,repair_replication,Sancar,+,26397950,0.151004411196768,80,LRD
iz,.,0,100,0,.,0.292413793103448,Hela_CPD_XR_NA_late_12_NA,HXLC_comb,single,HeLa_S3,CPD,XR_seq,20J,NA,late,12,_,repair_replication,Sancar,-,26397950,0.110771401985172,80,LRD
iz,.,0,100,0,.,0.451724137931034,Hela_CPD_XR_NA_late_12_NA,HXLC_comb,single,HeLa_S3,CPD,XR_seq,20J,NA,late,12,_,repair_replication,Sancar,+,26397950,0.171120915802566,81,LRD
iz,.,0,100,0,.,0.28551724137931,Hela_CPD_XR_NA_late_12_NA,HXLC_comb,single,HeLa_S3,CPD,XR_seq,20J,NA,late,12,_,repair_replication,Sancar,-,26397950,0.108158868919484,81,LRD
iz,.,0,100,0,.,0.391034482758621,Hela_CPD_XR_NA_late_12_NA,HXLC_comb,single,HeLa_S3,CPD,XR_seq,20J,NA,late,12,_,repair_replication,Sancar,+,26397950,0.148130624824511,82,LRD
iz,.,0,100,0,.,0.292413793103448,Hela_CPD_XR_NA_late_12_NA,HXLC_comb,single,HeLa_S3,CPD,XR_seq,20J,NA,late,12,_,repair_replication,Sancar,-,26397950,0.110771401985172,82,LRD
iz,.,0,100,0,.,0.297931034482759,Hela_CPD_XR_NA_late_12_NA,HXLC_comb,single,HeLa_S3,CPD,XR_seq,20J,NA,late,12,_,repair_replication,Sancar,-,26397950,0.112861428437723,83,LRD
iz,.,0,100,0,.,0.382758620689655,Hela_CPD_XR_NA_late_12_NA,HXLC_comb,single,HeLa_S3,CPD,XR_seq,20J,NA,late,12,_,repair_replication,Sancar,+,26397950,0.144995585145686,83,LRD
iz,.,0,100,0,.,0.315172413793103,Hela_CPD_XR_NA_late_12_NA,HXLC_comb,single,HeLa_S3,CPD,XR_seq,20J,NA,late,12,_,repair_replication,Sancar,-,26397950,0.119392761101943,84,LRD
iz,.,0,100,0,.,0.447586206896552,Hela_CPD_XR_NA_late_12_NA,HXLC_comb,single,HeLa_S3,CPD,XR_seq,20J,NA,late,12,_,repair_replication,Sancar,+,26397950,0.169553395963153,84,LRD
iz,.,0,100,0,.,0.283448275862069,Hela_CPD_XR_NA_late_12_NA,HXLC_comb,single,HeLa_S3,CPD,XR_seq,20J,NA,late,12,_,repair_replication,Sancar,-,26397950,0.107375108999778,85,LRD
iz,.,0,100,0,.,0.404137931034483,Hela_CPD_XR_NA_late_12_NA,HXLC_comb,single,HeLa_S3,CPD,XR_seq,20J,NA,late,12,_,repair_replication,Sancar,+,26397950,0.153094437649319,85,LRD
iz,.,0,100,0,.,0.411724137931034,Hela_CPD_XR_NA_late_12_NA,HXLC_comb,single,HeLa_S3,CPD,XR_seq,20J,NA,late,12,_,repair_replication,Sancar,+,26397950,0.155968224021575,86,LRD
iz,.,0,100,0,.,0.296551724137931,Hela_CPD_XR_NA_late_12_NA,HXLC_comb,single,HeLa_S3,CPD,XR_seq,20J,NA,late,12,_,repair_replication,Sancar,-,26397950,0.112338921824585,86,LRD
iz,.,0,100,0,.,0.301379310344828,Hela_CPD_XR_NA_late_12_NA,HXLC_comb,single,HeLa_S3,CPD,XR_seq,20J,NA,late,12,_,repair_replication,Sancar,-,26397950,0.114167694970567,87,LRD
iz,.,0,100,0,.,0.38551724137931,Hela_CPD_XR_NA_late_12_NA,HXLC_comb,single,HeLa_S3,CPD,XR_seq,20J,NA,late,12,_,repair_replication,Sancar,+,26397950,0.146040598371961,87,LRD
iz,.,0,100,0,.,0.417241379310345,Hela_CPD_XR_NA_late_12_NA,HXLC_comb,single,HeLa_S3,CPD,XR_seq,20J,NA,late,12,_,repair_replication,Sancar,+,26397950,0.158058250474126,88,LRD
iz,.,0,100,0,.,0.267586206896552,Hela_CPD_XR_NA_late_12_NA,HXLC_comb,single,HeLa_S3,CPD,XR_seq,20J,NA,late,12,_,repair_replication,Sancar,-,26397950,0.101366282948696,88,LRD
iz,.,0,100,0,.,0.386206896551724,Hela_CPD_XR_NA_late_12_NA,HXLC_comb,single,HeLa_S3,CPD,XR_seq,20J,NA,late,12,_,repair_replication,Sancar,-,26397950,0.14630185167853,-82,LRD
iz,.,0,100,0,.,0.281379310344828,Hela_CPD_XR_NA_late_12_NA,HXLC_comb,single,HeLa_S3,CPD,XR_seq,20J,NA,late,12,_,repair_replication,Sancar,+,26397950,0.106591349080072,-82,LRD
iz,.,0,100,0,.,0.40551724137931,Hela_CPD_XR_NA_late_12_NA,HXLC_comb,single,HeLa_S3,CPD,XR_seq,20J,NA,late,12,_,repair_replication,Sancar,+,26397950,0.153616944262456,89,LRD
iz,.,0,100,0,.,0.311034482758621,Hela_CPD_XR_NA_late_12_NA,HXLC_comb,single,HeLa_S3,CPD,XR_seq,20J,NA,late,12,_,repair_replication,Sancar,-,26397950,0.11782524126253,89,LRD
iz,.,0,100,0,.,0.433103448275862,Hela_CPD_XR_NA_late_12_NA,HXLC_comb,single,HeLa_S3,CPD,XR_seq,20J,NA,late,12,_,repair_replication,Sancar,+,26397950,0.164067076525208,90,LRD
iz,.,0,100,0,.,0.273103448275862,Hela_CPD_XR_NA_late_12_NA,HXLC_comb,single,HeLa_S3,CPD,XR_seq,20J,NA,late,12,_,repair_replication,Sancar,-,26397950,0.103456309401246,90,LRD
iz,.,0,100,0,.,0.415172413793103,Hela_CPD_XR_NA_late_12_NA,HXLC_comb,single,HeLa_S3,CPD,XR_seq,20J,NA,late,12,_,repair_replication,Sancar,+,26397950,0.157274490554419,91,LRD
iz,.,0,100,0,.,0.283448275862069,Hela_CPD_XR_NA_late_12_NA,HXLC_comb,single,HeLa_S3,CPD,XR_seq,20J,NA,late,12,_,repair_replication,Sancar,-,26397950,0.107375108999778,91,LRD
iz,.,0,100,0,.,0.304827586206897,Hela_CPD_XR_NA_late_12_NA,HXLC_comb,single,HeLa_S3,CPD,XR_seq,20J,NA,late,12,_,repair_replication,Sancar,-,26397950,0.115473961503411,92,LRD
iz,.,0,100,0,.,0.4,Hela_CPD_XR_NA_late_12_NA,HXLC_comb,single,HeLa_S3,CPD,XR_seq,20J,NA,late,12,_,repair_replication,Sancar,+,26397950,0.151526917809906,92,LRD
iz,.,0,100,0,.,0.291724137931034,Hela_CPD_XR_NA_late_12_NA,HXLC_comb,single,HeLa_S3,CPD,XR_seq,20J,NA,late,12,_,repair_replication,Sancar,-,26397950,0.110510148678604,93,LRD
iz,.,0,100,0,.,0.420689655172414,Hela_CPD_XR_NA_late_12_NA,HXLC_comb,single,HeLa_S3,CPD,XR_seq,20J,NA,late,12,_,repair_replication,Sancar,+,26397950,0.15936451700697,93,LRD
iz,.,0,100,0,.,0.311724137931034,Hela_CPD_XR_NA_late_12_NA,HXLC_comb,single,HeLa_S3,CPD,XR_seq,20J,NA,late,12,_,repair_replication,Sancar,-,26397950,0.118086494569099,94,LRD
iz,.,0,100,0,.,0.382068965517241,Hela_CPD_XR_NA_late_12_NA,HXLC_comb,single,HeLa_S3,CPD,XR_seq,20J,NA,late,12,_,repair_replication,Sancar,+,26397950,0.144734331839117,94,LRD
iz,.,0,100,0,.,0.420689655172414,Hela_CPD_XR_NA_late_12_NA,HXLC_comb,single,HeLa_S3,CPD,XR_seq,20J,NA,late,12,_,repair_replication,Sancar,+,26397950,0.15936451700697,95,LRD
iz,.,0,100,0,.,0.30551724137931,Hela_CPD_XR_NA_late_12_NA,HXLC_comb,single,HeLa_S3,CPD,XR_seq,20J,NA,late,12,_,repair_replication,Sancar,-,26397950,0.11573521480998,95,LRD
iz,.,0,100,0,.,0.40551724137931,Hela_CPD_XR_NA_late_12_NA,HXLC_comb,single,HeLa_S3,CPD,XR_seq,20J,NA,late,12,_,repair_replication,Sancar,+,26397950,0.153616944262456,96,LRD
iz,.,0,100,0,.,0.269655172413793,Hela_CPD_XR_NA_late_12_NA,HXLC_comb,single,HeLa_S3,CPD,XR_seq,20J,NA,late,12,_,repair_replication,Sancar,-,26397950,0.102150042868402,96,LRD
iz,.,0,100,0,.,0.310344827586207,Hela_CPD_XR_NA_late_12_NA,HXLC_comb,single,HeLa_S3,CPD,XR_seq,20J,NA,late,12,_,repair_replication,Sancar,-,26397950,0.117563987955961,97,LRD
iz,.,0,100,0,.,0.377241379310345,Hela_CPD_XR_NA_late_12_NA,HXLC_comb,single,HeLa_S3,CPD,XR_seq,20J,NA,late,12,_,repair_replication,Sancar,+,26397950,0.142905558693135,97,LRD
iz,.,0,100,0,.,0.413793103448276,Hela_CPD_XR_NA_late_12_NA,HXLC_comb,single,HeLa_S3,CPD,XR_seq,20J,NA,late,12,_,repair_replication,Sancar,+,26397950,0.156751983941282,98,LRD
iz,.,0,100,0,.,0.306896551724138,Hela_CPD_XR_NA_late_12_NA,HXLC_comb,single,HeLa_S3,CPD,XR_seq,20J,NA,late,12,_,repair_replication,Sancar,-,26397950,0.116257721423117,98,LRD
iz,.,0,100,0,.,0.297931034482759,Hela_CPD_XR_NA_late_12_NA,HXLC_comb,single,HeLa_S3,CPD,XR_seq,20J,NA,late,12,_,repair_replication,Sancar,+,26397950,0.112861428437723,-99,LRD
iz,.,0,100,0,.,0.411724137931034,Hela_CPD_XR_NA_late_12_NA,HXLC_comb,single,HeLa_S3,CPD,XR_seq,20J,NA,late,12,_,repair_replication,Sancar,-,26397950,0.155968224021575,-99,LRD
iz,.,0,100,0,.,0.3,Hela_CPD_XR_NA_late_12_NA,HXLC_comb,single,HeLa_S3,CPD,XR_seq,20J,NA,late,12,_,repair_replication,Sancar,+,26397950,0.113645188357429,-81,LRD
iz,.,0,100,0,.,0.452413793103448,Hela_CPD_XR_NA_late_12_NA,HXLC_comb,single,HeLa_S3,CPD,XR_seq,20J,NA,late,12,_,repair_replication,Sancar,-,26397950,0.171382169109135,-81,LRD
iz,.,0,100,0,.,0.413103448275862,Hela_CPD_XR_NA_late_12_NA,HXLC_comb,single,HeLa_S3,CPD,XR_seq,20J,NA,late,12,_,repair_replication,Sancar,+,26397950,0.156490730634713,99,LRD
iz,.,0,100,0,.,0.275172413793103,Hela_CPD_XR_NA_late_12_NA,HXLC_comb,single,HeLa_S3,CPD,XR_seq,20J,NA,late,12,_,repair_replication,Sancar,-,26397950,0.104240069320952,99,LRD
iz,.,0,100,0,.,0.396551724137931,Hela_CPD_XR_NA_late_12_NA,HXLC_comb,single,HeLa_S3,CPD,XR_seq,20J,NA,late,12,_,repair_replication,Sancar,+,26397950,0.150220651277062,100,LRD
iz,.,0,100,0,.,0.297241379310345,Hela_CPD_XR_NA_late_12_NA,HXLC_comb,single,HeLa_S3,CPD,XR_seq,20J,NA,late,12,_,repair_replication,Sancar,-,26397950,0.112600175131154,100,LRD
iz,.,0,100,0,.,0.388275862068966,Hela_CPD_XR_NA_late_12_NA,HXLC_comb,single,HeLa_S3,CPD,XR_seq,20J,NA,late,12,_,repair_replication,Sancar,-,26397950,0.147085611598236,-80,LRD
iz,.,0,100,0,.,0.275862068965517,Hela_CPD_XR_NA_late_12_NA,HXLC_comb,single,HeLa_S3,CPD,XR_seq,20J,NA,late,12,_,repair_replication,Sancar,+,26397950,0.104501322627521,-80,LRD
iz,.,0,100,0,.,0.302758620689655,Hela_CPD_XR_NA_late_12_NA,HXLC_comb,single,HeLa_S3,CPD,XR_seq,20J,NA,late,12,_,repair_replication,Sancar,+,26397950,0.114690201583704,-79,LRD
iz,.,0,100,0,.,0.417241379310345,Hela_CPD_XR_NA_late_12_NA,HXLC_comb,single,HeLa_S3,CPD,XR_seq,20J,NA,late,12,_,repair_replication,Sancar,-,26397950,0.158058250474126,-79,LRD
iz,.,0,100,0,.,0.395862068965517,Hela_CPD_XR_NA_late_12_NA,HXLC_comb,single,HeLa_S3,CPD,XR_seq,20J,NA,late,12,_,repair_replication,Sancar,-,26397950,0.149959397970493,-78,LRD
iz,.,0,100,0,.,0.304827586206897,Hela_CPD_XR_NA_late_12_NA,HXLC_comb,single,HeLa_S3,CPD,XR_seq,20J,NA,late,12,_,repair_replication,Sancar,+,26397950,0.115473961503411,-78,LRD
iz,.,0,100,0,.,0.306896551724138,Hela_CPD_XR_NA_late_12_NA,HXLC_comb,single,HeLa_S3,CPD,XR_seq,20J,NA,late,12,_,repair_replication,Sancar,+,26397950,0.116257721423117,-77,LRD
iz,.,0,100,0,.,0.396551724137931,Hela_CPD_XR_NA_late_12_NA,HXLC_comb,single,HeLa_S3,CPD,XR_seq,20J,NA,late,12,_,repair_replication,Sancar,-,26397950,0.150220651277062,-77,LRD
iz,.,0,100,0,.,0.382758620689655,Hela_CPD_XR_NA_late_12_NA,HXLC_comb,single,HeLa_S3,CPD,XR_seq,20J,NA,late,12,_,repair_replication,Sancar,-,26397950,0.144995585145686,-76,LRD
iz,.,0,100,0,.,0.255862068965517,Hela_CPD_XR_NA_late_12_NA,HXLC_comb,single,HeLa_S3,CPD,XR_seq,20J,NA,late,12,_,repair_replication,Sancar,+,26397950,0.0969249767370259,-76,LRD
iz,.,0,100,0,.,0.257931034482759,Hela_CPD_XR_NA_late_12_NA,HXLC_comb,single,HeLa_S3,CPD,XR_seq,20J,NA,late,12,_,repair_replication,Sancar,+,26397950,0.0977087366567323,-75,LRD
iz,.,0,100,0,.,0.380689655172414,Hela_CPD_XR_NA_late_12_NA,HXLC_comb,single,HeLa_S3,CPD,XR_seq,20J,NA,late,12,_,repair_replication,Sancar,-,26397950,0.144211825225979,-75,LRD
iz,.,0,100,0,.,0.398620689655172,Hela_CPD_XR_NA_late_12_NA,HXLC_comb,single,HeLa_S3,CPD,XR_seq,20J,NA,late,12,_,repair_replication,Sancar,-,26397950,0.151004411196768,-74,LRD
iz,.,0,100,0,.,0.279310344827586,Hela_CPD_XR_NA_late_12_NA,HXLC_comb,single,HeLa_S3,CPD,XR_seq,20J,NA,late,12,_,repair_replication,Sancar,+,26397950,0.105807589160365,-74,LRD
iz,.,0,100,0,.,0.271034482758621,Hela_CPD_XR_NA_late_12_NA,HXLC_comb,single,HeLa_S3,CPD,XR_seq,20J,NA,late,12,_,repair_replication,Sancar,+,26397950,0.10267254948154,-73,LRD
iz,.,0,100,0,.,0.411034482758621,Hela_CPD_XR_NA_late_12_NA,HXLC_comb,single,HeLa_S3,CPD,XR_seq,20J,NA,late,12,_,repair_replication,Sancar,-,26397950,0.155706970715007,-73,LRD
iz,.,0,100,0,.,0.306206896551724,Hela_CPD_XR_NA_late_12_NA,HXLC_comb,single,HeLa_S3,CPD,XR_seq,20J,NA,late,12,_,repair_replication,Sancar,+,26397950,0.115996468116548,-72,LRD
iz,.,0,100,0,.,0.406896551724138,Hela_CPD_XR_NA_late_12_NA,HXLC_comb,single,HeLa_S3,CPD,XR_seq,20J,NA,late,12,_,repair_replication,Sancar,-,26397950,0.154139450875594,-72,LRD
iz,.,0,100,0,.,0.368275862068966,Hela_CPD_XR_NA_late_12_NA,HXLC_comb,single,HeLa_S3,CPD,XR_seq,20J,NA,late,12,_,repair_replication,Sancar,-,26397950,0.139509265707741,-98,LRD
iz,.,0,100,0,.,0.293103448275862,Hela_CPD_XR_NA_late_12_NA,HXLC_comb,single,HeLa_S3,CPD,XR_seq,20J,NA,late,12,_,repair_replication,Sancar,+,26397950,0.111032655291741,-98,LRD
iz,.,0,100,0,.,0.271724137931035,Hela_CPD_XR_NA_late_12_NA,HXLC_comb,single,HeLa_S3,CPD,XR_seq,20J,NA,late,12,_,repair_replication,Sancar,+,26397950,0.102933802788108,-71,LRD
iz,.,0,100,0,.,0.430344827586207,Hela_CPD_XR_NA_late_12_NA,HXLC_comb,single,HeLa_S3,CPD,XR_seq,20J,NA,late,12,_,repair_replication,Sancar,-,26397950,0.163022063298933,-71,LRD
iz,.,0,100,0,.,0.392413793103448,Hela_CPD_XR_NA_late_12_NA,HXLC_comb,single,HeLa_S3,CPD,XR_seq,20J,NA,late,12,_,repair_replication,Sancar,-,26397950,0.148653131437649,-70,LRD
iz,.,0,100,0,.,0.302758620689655,Hela_CPD_XR_NA_late_12_NA,HXLC_comb,single,HeLa_S3,CPD,XR_seq,20J,NA,late,12,_,repair_replication,Sancar,+,26397950,0.114690201583704,-70,LRD
iz,.,0,100,0,.,0.375862068965517,Hela_CPD_XR_NA_late_12_NA,HXLC_comb,single,HeLa_S3,CPD,XR_seq,20J,NA,late,12,_,repair_replication,Sancar,-,26397950,0.142383052079998,-69,LRD
iz,.,0,100,0,.,0.275172413793103,Hela_CPD_XR_NA_late_12_NA,HXLC_comb,single,HeLa_S3,CPD,XR_seq,20J,NA,late,12,_,repair_replication,Sancar,+,26397950,0.104240069320952,-69,LRD
iz,.,0,100,0,.,0.289655172413793,Hela_CPD_XR_NA_late_12_NA,HXLC_comb,single,HeLa_S3,CPD,XR_seq,20J,NA,late,12,_,repair_replication,Sancar,+,26397950,0.109726388758897,-68,LRD
iz,.,0,100,0,.,0.406206896551724,Hela_CPD_XR_NA_late_12_NA,HXLC_comb,single,HeLa_S3,CPD,XR_seq,20J,NA,late,12,_,repair_replication,Sancar,-,26397950,0.153878197569025,-68,LRD
iz,.,0,100,0,.,0.396551724137931,Hela_CPD_XR_NA_late_12_NA,HXLC_comb,single,HeLa_S3,CPD,XR_seq,20J,NA,late,12,_,repair_replication,Sancar,-,26397950,0.150220651277062,-67,LRD
iz,.,0,100,0,.,0.307586206896552,Hela_CPD_XR_NA_late_12_NA,HXLC_comb,single,HeLa_S3,CPD,XR_seq,20J,NA,late,12,_,repair_replication,Sancar,+,26397950,0.116518974729686,-67,LRD
iz,.,0,100,0,.,0.437241379310345,Hela_CPD_XR_NA_late_12_NA,HXLC_comb,single,HeLa_S3,CPD,XR_seq,20J,NA,late,12,_,repair_replication,Sancar,-,26397950,0.165634596364621,-66,LRD
iz,.,0,100,0,.,0.317931034482759,Hela_CPD_XR_NA_late_12_NA,HXLC_comb,single,HeLa_S3,CPD,XR_seq,20J,NA,late,12,_,repair_replication,Sancar,+,26397950,0.120437774328218,-66,LRD
iz,.,0,100,0,.,0.428275862068966,Hela_CPD_XR_NA_late_12_NA,HXLC_comb,single,HeLa_S3,CPD,XR_seq,20J,NA,late,12,_,repair_replication,Sancar,-,26397950,0.162238303379227,-65,LRD
iz,.,0,100,0,.,0.284827586206897,Hela_CPD_XR_NA_late_12_NA,HXLC_comb,single,HeLa_S3,CPD,XR_seq,20J,NA,late,12,_,repair_replication,Sancar,+,26397950,0.107897615612916,-65,LRD
iz,.,0,100,0,.,0.301379310344828,Hela_CPD_XR_NA_late_12_NA,HXLC_comb,single,HeLa_S3,CPD,XR_seq,20J,NA,late,12,_,repair_replication,Sancar,+,26397950,0.114167694970567,-64,LRD
iz,.,0,100,0,.,0.429655172413793,Hela_CPD_XR_NA_late_12_NA,HXLC_comb,single,HeLa_S3,CPD,XR_seq,20J,NA,late,12,_,repair_replication,Sancar,-,26397950,0.162760809992364,-64,LRD
iz,.,0,100,0,.,0.386896551724138,Hela_CPD_XR_NA_late_12_NA,HXLC_comb,single,HeLa_S3,CPD,XR_seq,20J,NA,late,12,_,repair_replication,Sancar,-,26397950,0.146563104985098,-63,LRD
iz,.,0,100,0,.,0.286206896551724,Hela_CPD_XR_NA_late_12_NA,HXLC_comb,single,HeLa_S3,CPD,XR_seq,20J,NA,late,12,_,repair_replication,Sancar,+,26397950,0.108420122226053,-63,LRD
iz,.,0,100,0,.,0.408965517241379,Hela_CPD_XR_NA_late_12_NA,HXLC_comb,single,HeLa_S3,CPD,XR_seq,20J,NA,late,12,_,repair_replication,Sancar,-,26397950,0.1549232107953,-62,LRD
iz,.,0,100,0,.,0.321379310344828,Hela_CPD_XR_NA_late_12_NA,HXLC_comb,single,HeLa_S3,CPD,XR_seq,20J,NA,late,12,_,repair_replication,Sancar,+,26397950,0.121744040861062,-62,LRD
iz,.,0,100,0,.,0.273793103448276,Hela_CPD_XR_NA_late_12_NA,HXLC_comb,single,HeLa_S3,CPD,XR_seq,20J,NA,late,12,_,repair_replication,Sancar,+,26397950,0.103717562707815,-97,LRD
iz,.,0,100,0,.,0.415172413793103,Hela_CPD_XR_NA_late_12_NA,HXLC_comb,single,HeLa_S3,CPD,XR_seq,20J,NA,late,12,_,repair_replication,Sancar,-,26397950,0.157274490554419,-97,LRD
iz,.,0,100,0,.,0.419310344827586,Hela_CPD_XR_NA_late_12_NA,HXLC_comb,single,HeLa_S3,CPD,XR_seq,20J,NA,late,12,_,repair_replication,Sancar,-,26397950,0.158842010393832,-61,LRD
iz,.,0,100,0,.,0.283448275862069,Hela_CPD_XR_NA_late_12_NA,HXLC_comb,single,HeLa_S3,CPD,XR_seq,20J,NA,late,12,_,repair_replication,Sancar,+,26397950,0.107375108999778,-61,LRD
iz,.,0,100,0,.,0.302068965517241,Hela_CPD_XR_NA_late_12_NA,HXLC_comb,single,HeLa_S3,CPD,XR_seq,20J,NA,late,12,_,repair_replication,Sancar,+,26397950,0.114428948277136,-60,LRD
iz,.,0,100,0,.,0.412413793103448,Hela_CPD_XR_NA_late_12_NA,HXLC_comb,single,HeLa_S3,CPD,XR_seq,20J,NA,late,12,_,repair_replication,Sancar,-,26397950,0.156229477328144,-60,LRD
iz,.,0,100,0,.,0.395862068965517,Hela_CPD_XR_NA_late_12_NA,HXLC_comb,single,HeLa_S3,CPD,XR_seq,20J,NA,late,12,_,repair_replication,Sancar,-,26397950,0.149959397970493,-59,LRD
iz,.,0,100,0,.,0.28,Hela_CPD_XR_NA_late_12_NA,HXLC_comb,single,HeLa_S3,CPD,XR_seq,20J,NA,late,12,_,repair_replication,Sancar,+,26397950,0.106068842466934,-59,LRD
iz,.,0,100,0,.,0.393793103448276,Hela_CPD_XR_NA_late_12_NA,HXLC_comb,single,HeLa_S3,CPD,XR_seq,20J,NA,late,12,_,repair_replication,Sancar,-,26397950,0.149175638050786,-58,LRD
iz,.,0,100,0,.,0.282758620689655,Hela_CPD_XR_NA_late_12_NA,HXLC_comb,single,HeLa_S3,CPD,XR_seq,20J,NA,late,12,_,repair_replication,Sancar,+,26397950,0.107113855693209,-58,LRD
iz,.,0,100,0,.,0.437931034482759,Hela_CPD_XR_NA_late_12_NA,HXLC_comb,single,HeLa_S3,CPD,XR_seq,20J,NA,late,12,_,repair_replication,Sancar,-,26397950,0.16589584967119,-57,LRD
iz,.,0,100,0,.,0.328275862068966,Hela_CPD_XR_NA_late_12_NA,HXLC_comb,single,HeLa_S3,CPD,XR_seq,20J,NA,late,12,_,repair_replication,Sancar,+,26397950,0.12435657392675,-57,LRD
iz,.,0,100,0,.,0.431034482758621,Hela_CPD_XR_NA_late_12_NA,HXLC_comb,single,HeLa_S3,CPD,XR_seq,20J,NA,late,12,_,repair_replication,Sancar,-,26397950,0.163283316605502,-56,LRD
iz,.,0,100,0,.,0.304137931034483,Hela_CPD_XR_NA_late_12_NA,HXLC_comb,single,HeLa_S3,CPD,XR_seq,20J,NA,late,12,_,repair_replication,Sancar,+,26397950,0.115212708196842,-56,LRD
iz,.,0,100,0,.,0.406206896551724,Hela_CPD_XR_NA_late_12_NA,HXLC_comb,single,HeLa_S3,CPD,XR_seq,20J,NA,late,12,_,repair_replication,Sancar,-,26397950,0.153878197569025,-55,LRD
iz,.,0,100,0,.,0.323448275862069,Hela_CPD_XR_NA_late_12_NA,HXLC_comb,single,HeLa_S3,CPD,XR_seq,20J,NA,late,12,_,repair_replication,Sancar,+,26397950,0.122527800780769,-55,LRD
iz,.,0,100,0,.,0.393103448275862,Hela_CPD_XR_NA_late_12_NA,HXLC_comb,single,HeLa_S3,CPD,XR_seq,20J,NA,late,12,_,repair_replication,Sancar,-,26397950,0.148914384744218,-54,LRD
iz,.,0,100,0,.,0.327586206896552,Hela_CPD_XR_NA_late_12_NA,HXLC_comb,single,HeLa_S3,CPD,XR_seq,20J,NA,late,12,_,repair_replication,Sancar,+,26397950,0.124095320620181,-54,LRD
iz,.,0,100,0,.,0.395862068965517,Hela_CPD_XR_NA_late_12_NA,HXLC_comb,single,HeLa_S3,CPD,XR_seq,20J,NA,late,12,_,repair_replication,Sancar,-,26397950,0.149959397970493,-53,LRD
iz,.,0,100,0,.,0.286206896551724,Hela_CPD_XR_NA_late_12_NA,HXLC_comb,single,HeLa_S3,CPD,XR_seq,20J,NA,late,12,_,repair_replication,Sancar,+,26397950,0.108420122226053,-53,LRD
iz,.,0,100,0,.,0.407586206896552,Hela_CPD_XR_NA_late_12_NA,HXLC_comb,single,HeLa_S3,CPD,XR_seq,20J,NA,late,12,_,repair_replication,Sancar,-,26397950,0.154400704182163,-52,LRD
iz,.,0,100,0,.,0.32,Hela_CPD_XR_NA_late_12_NA,HXLC_comb,single,HeLa_S3,CPD,XR_seq,20J,NA,late,12,_,repair_replication,Sancar,+,26397950,0.121221534247925,-52,LRD
iz,.,0,100,0,.,0.301379310344828,Hela_CPD_XR_NA_late_12_NA,HXLC_comb,single,HeLa_S3,CPD,XR_seq,20J,NA,late,12,_,repair_replication,Sancar,+,26397950,0.114167694970567,-96,LRD
iz,.,0,100,0,.,0.406896551724138,Hela_CPD_XR_NA_late_12_NA,HXLC_comb,single,HeLa_S3,CPD,XR_seq,20J,NA,late,12,_,repair_replication,Sancar,-,26397950,0.154139450875594,-96,LRD
iz,.,0,100,0,.,0.27448275862069,Hela_CPD_XR_NA_late_12_NA,HXLC_comb,single,HeLa_S3,CPD,XR_seq,20J,NA,late,12,_,repair_replication,Sancar,+,26397950,0.103978816014384,-51,LRD
iz,.,0,100,0,.,0.412413793103448,Hela_CPD_XR_NA_late_12_NA,HXLC_comb,single,HeLa_S3,CPD,XR_seq,20J,NA,late,12,_,repair_replication,Sancar,-,26397950,0.156229477328144,-51,LRD
iz,.,0,100,0,.,0.396551724137931,Hela_CPD_XR_NA_late_12_NA,HXLC_comb,single,HeLa_S3,CPD,XR_seq,20J,NA,late,12,_,repair_replication,Sancar,-,26397950,0.150220651277062,-50,LRD
iz,.,0,100,0,.,0.333103448275862,Hela_CPD_XR_NA_late_12_NA,HXLC_comb,single,HeLa_S3,CPD,XR_seq,20J,NA,late,12,_,repair_replication,Sancar,+,26397950,0.126185347072732,-50,LRD
iz,.,0,100,0,.,0.409655172413793,Hela_CPD_XR_NA_late_12_NA,HXLC_comb,single,HeLa_S3,CPD,XR_seq,20J,NA,late,12,_,repair_replication,Sancar,-,26397950,0.155184464101869,-49,LRD
iz,.,0,100,0,.,0.295172413793103,Hela_CPD_XR_NA_late_12_NA,HXLC_comb,single,HeLa_S3,CPD,XR_seq,20J,NA,late,12,_,repair_replication,Sancar,+,26397950,0.111816415211448,-49,LRD
iz,.,0,100,0,.,0.310344827586207,Hela_CPD_XR_NA_late_12_NA,HXLC_comb,single,HeLa_S3,CPD,XR_seq,20J,NA,late,12,_,repair_replication,Sancar,+,26397950,0.117563987955961,-48,LRD
iz,.,0,100,0,.,0.386206896551724,Hela_CPD_XR_NA_late_12_NA,HXLC_comb,single,HeLa_S3,CPD,XR_seq,20J,NA,late,12,_,repair_replication,Sancar,-,26397950,0.14630185167853,-48,LRD
iz,.,0,100,0,.,0.299310344827586,Hela_CPD_XR_NA_late_12_NA,HXLC_comb,single,HeLa_S3,CPD,XR_seq,20J,NA,late,12,_,repair_replication,Sancar,+,26397950,0.11338393505086,-47,LRD
iz,.,0,100,0,.,0.403448275862069,Hela_CPD_XR_NA_late_12_NA,HXLC_comb,single,HeLa_S3,CPD,XR_seq,20J,NA,late,12,_,repair_replication,Sancar,-,26397950,0.15283318434275,-47,LRD
iz,.,0,100,0,.,0.317931034482759,Hela_CPD_XR_NA_late_12_NA,HXLC_comb,single,HeLa_S3,CPD,XR_seq,20J,NA,late,12,_,repair_replication,Sancar,+,26397950,0.120437774328218,-46,LRD
iz,.,0,100,0,.,0.404827586206897,Hela_CPD_XR_NA_late_12_NA,HXLC_comb,single,HeLa_S3,CPD,XR_seq,20J,NA,late,12,_,repair_replication,Sancar,-,26397950,0.153355690955887,-46,LRD
iz,.,0,100,0,.,0.381379310344828,Hela_CPD_XR_NA_late_12_NA,HXLC_comb,single,HeLa_S3,CPD,XR_seq,20J,NA,late,12,_,repair_replication,Sancar,-,26397950,0.144473078532548,-45,LRD
iz,.,0,100,0,.,0.30551724137931,Hela_CPD_XR_NA_late_12_NA,HXLC_comb,single,HeLa_S3,CPD,XR_seq,20J,NA,late,12,_,repair_replication,Sancar,+,26397950,0.11573521480998,-45,LRD
iz,.,0,100,0,.,0.393793103448276,Hela_CPD_XR_NA_late_12_NA,HXLC_comb,single,HeLa_S3,CPD,XR_seq,20J,NA,late,12,_,repair_replication,Sancar,-,26397950,0.149175638050786,-44,LRD
iz,.,0,100,0,.,0.301379310344828,Hela_CPD_XR_NA_late_12_NA,HXLC_comb,single,HeLa_S3,CPD,XR_seq,20J,NA,late,12,_,repair_replication,Sancar,+,26397950,0.114167694970567,-44,LRD
iz,.,0,100,0,.,0.390344827586207,Hela_CPD_XR_NA_late_12_NA,HXLC_comb,single,HeLa_S3,CPD,XR_seq,20J,NA,late,12,_,repair_replication,Sancar,-,26397950,0.147869371517942,-43,LRD
iz,.,0,100,0,.,0.284137931034483,Hela_CPD_XR_NA_late_12_NA,HXLC_comb,single,HeLa_S3,CPD,XR_seq,20J,NA,late,12,_,repair_replication,Sancar,+,26397950,0.107636362306347,-43,LRD
iz,.,0,100,0,.,0.315172413793103,Hela_CPD_XR_NA_late_12_NA,HXLC_comb,single,HeLa_S3,CPD,XR_seq,20J,NA,late,12,_,repair_replication,Sancar,+,26397950,0.119392761101943,-42,LRD
iz,.,0,100,0,.,0.422068965517241,Hela_CPD_XR_NA_late_12_NA,HXLC_comb,single,HeLa_S3,CPD,XR_seq,20J,NA,late,12,_,repair_replication,Sancar,-,26397950,0.159887023620107,-42,LRD
iz,.,0,100,0,.,0.383448275862069,Hela_CPD_XR_NA_late_12_NA,HXLC_comb,single,HeLa_S3,CPD,XR_seq,20J,NA,late,12,_,repair_replication,Sancar,-,26397950,0.145256838452254,-95,LRD
iz,.,0,100,0,.,0.278620689655172,Hela_CPD_XR_NA_late_12_NA,HXLC_comb,single,HeLa_S3,CPD,XR_seq,20J,NA,late,12,_,repair_replication,Sancar,+,26397950,0.105546335853796,-95,LRD
iz,.,0,100,0,.,0.402758620689655,Hela_CPD_XR_NA_late_12_NA,HXLC_comb,single,HeLa_S3,CPD,XR_seq,20J,NA,late,12,_,repair_replication,Sancar,-,26397950,0.152571931036181,-41,LRD
iz,.,0,100,0,.,0.299310344827586,Hela_CPD_XR_NA_late_12_NA,HXLC_comb,single,HeLa_S3,CPD,XR_seq,20J,NA,late,12,_,repair_replication,Sancar,+,26397950,0.11338393505086,-41,LRD
iz,.,0,100,0,.,0.431724137931034,Hela_CPD_XR_NA_late_12_NA,HXLC_comb,single,HeLa_S3,CPD,XR_seq,20J,NA,late,12,_,repair_replication,Sancar,-,26397950,0.163544569912071,-40,LRD
iz,.,0,100,0,.,0.328965517241379,Hela_CPD_XR_NA_late_12_NA,HXLC_comb,single,HeLa_S3,CPD,XR_seq,20J,NA,late,12,_,repair_replication,Sancar,+,26397950,0.124617827233319,-40,LRD
iz,.,0,100,0,.,0.411724137931034,Hela_CPD_XR_NA_late_12_NA,HXLC_comb,single,HeLa_S3,CPD,XR_seq,20J,NA,late,12,_,repair_replication,Sancar,-,26397950,0.155968224021575,-39,LRD
iz,.,0,100,0,.,0.288275862068965,Hela_CPD_XR_NA_late_12_NA,HXLC_comb,single,HeLa_S3,CPD,XR_seq,20J,NA,late,12,_,repair_replication,Sancar,+,26397950,0.10920388214576,-39,LRD
iz,.,0,100,0,.,0.291034482758621,Hela_CPD_XR_NA_late_12_NA,HXLC_comb,single,HeLa_S3,CPD,XR_seq,20J,NA,late,12,_,repair_replication,Sancar,+,26397950,0.110248895372035,-38,LRD
iz,.,0,100,0,.,0.415172413793103,Hela_CPD_XR_NA_late_12_NA,HXLC_comb,single,HeLa_S3,CPD,XR_seq,20J,NA,late,12,_,repair_replication,Sancar,-,26397950,0.157274490554419,-38,LRD
iz,.,0,100,0,.,0.288275862068965,Hela_CPD_XR_NA_late_12_NA,HXLC_comb,single,HeLa_S3,CPD,XR_seq,20J,NA,late,12,_,repair_replication,Sancar,+,26397950,0.10920388214576,-37,LRD
iz,.,0,100,0,.,0.442758620689655,Hela_CPD_XR_NA_late_12_NA,HXLC_comb,single,HeLa_S3,CPD,XR_seq,20J,NA,late,12,_,repair_replication,Sancar,-,26397950,0.167724622817171,-37,LRD
iz,.,0,100,0,.,0.311724137931034,Hela_CPD_XR_NA_late_12_NA,HXLC_comb,single,HeLa_S3,CPD,XR_seq,20J,NA,late,12,_,repair_replication,Sancar,+,26397950,0.118086494569099,-36,LRD
iz,.,0,100,0,.,0.395172413793103,Hela_CPD_XR_NA_late_12_NA,HXLC_comb,single,HeLa_S3,CPD,XR_seq,20J,NA,late,12,_,repair_replication,Sancar,-,26397950,0.149698144663924,-36,LRD
iz,.,0,100,0,.,0.308965517241379,Hela_CPD_XR_NA_late_12_NA,HXLC_comb,single,HeLa_S3,CPD,XR_seq,20J,NA,late,12,_,repair_replication,Sancar,+,26397950,0.117041481342824,-35,LRD
iz,.,0,100,0,.,0.39448275862069,Hela_CPD_XR_NA_late_12_NA,HXLC_comb,single,HeLa_S3,CPD,XR_seq,20J,NA,late,12,_,repair_replication,Sancar,-,26397950,0.149436891357355,-35,LRD
iz,.,0,100,0,.,0.429655172413793,Hela_CPD_XR_NA_late_12_NA,HXLC_comb,single,HeLa_S3,CPD,XR_seq,20J,NA,late,12,_,repair_replication,Sancar,-,26397950,0.162760809992364,-34,LRD
iz,.,0,100,0,.,0.296551724137931,Hela_CPD_XR_NA_late_12_NA,HXLC_comb,single,HeLa_S3,CPD,XR_seq,20J,NA,late,12,_,repair_replication,Sancar,+,26397950,0.112338921824585,-34,LRD
iz,.,0,100,0,.,0.291034482758621,Hela_CPD_XR_NA_late_12_NA,HXLC_comb,single,HeLa_S3,CPD,XR_seq,20J,NA,late,12,_,repair_replication,Sancar,+,26397950,0.110248895372035,-33,LRD
iz,.,0,100,0,.,0.426206896551724,Hela_CPD_XR_NA_late_12_NA,HXLC_comb,single,HeLa_S3,CPD,XR_seq,20J,NA,late,12,_,repair_replication,Sancar,-,26397950,0.16145454345952,-33,LRD
iz,.,0,100,0,.,0.3,Hela_CPD_XR_NA_late_12_NA,HXLC_comb,single,HeLa_S3,CPD,XR_seq,20J,NA,late,12,_,repair_replication,Sancar,+,26397950,0.113645188357429,-32,LRD
iz,.,0,100,0,.,0.386896551724138,Hela_CPD_XR_NA_late_12_NA,HXLC_comb,single,HeLa_S3,CPD,XR_seq,20J,NA,late,12,_,repair_replication,Sancar,-,26397950,0.146563104985098,-32,LRD
iz,.,0,100,0,.,0.410344827586207,Hela_CPD_XR_NA_late_12_NA,HXLC_comb,single,HeLa_S3,CPD,XR_seq,20J,NA,late,12,_,repair_replication,Sancar,-,26397950,0.155445717408438,-94,LRD
iz,.,0,100,0,.,0.29448275862069,Hela_CPD_XR_NA_late_12_NA,HXLC_comb,single,HeLa_S3,CPD,XR_seq,20J,NA,late,12,_,repair_replication,Sancar,+,26397950,0.111555161904879,-94,LRD
iz,.,0,100,0,.,0.376551724137931,Hela_CPD_XR_NA_late_12_NA,HXLC_comb,single,HeLa_S3,CPD,XR_seq,20J,NA,late,12,_,repair_replication,Sancar,-,26397950,0.142644305386566,-31,LRD
iz,.,0,100,0,.,0.293793103448276,Hela_CPD_XR_NA_late_12_NA,HXLC_comb,single,HeLa_S3,CPD,XR_seq,20J,NA,late,12,_,repair_replication,Sancar,+,26397950,0.11129390859831,-31,LRD
iz,.,0,100,0,.,0.390344827586207,Hela_CPD_XR_NA_late_12_NA,HXLC_comb,single,HeLa_S3,CPD,XR_seq,20J,NA,late,12,_,repair_replication,Sancar,-,26397950,0.147869371517942,-30,LRD
iz,.,0,100,0,.,0.317241379310345,Hela_CPD_XR_NA_late_12_NA,HXLC_comb,single,HeLa_S3,CPD,XR_seq,20J,NA,late,12,_,repair_replication,Sancar,+,26397950,0.120176521021649,-30,LRD
iz,.,0,100,0,.,0.416551724137931,Hela_CPD_XR_NA_late_12_NA,HXLC_comb,single,HeLa_S3,CPD,XR_seq,20J,NA,late,12,_,repair_replication,Sancar,-,26397950,0.157796997167557,-29,LRD
iz,.,0,100,0,.,0.293103448275862,Hela_CPD_XR_NA_late_12_NA,HXLC_comb,single,HeLa_S3,CPD,XR_seq,20J,NA,late,12,_,repair_replication,Sancar,+,26397950,0.111032655291741,-29,LRD
iz,.,0,100,0,.,0.296551724137931,Hela_CPD_XR_NA_late_12_NA,HXLC_comb,single,HeLa_S3,CPD,XR_seq,20J,NA,late,12,_,repair_replication,Sancar,+,26397950,0.112338921824585,-28,LRD
iz,.,0,100,0,.,0.399310344827586,Hela_CPD_XR_NA_late_12_NA,HXLC_comb,single,HeLa_S3,CPD,XR_seq,20J,NA,late,12,_,repair_replication,Sancar,-,26397950,0.151265664503337,-28,LRD
iz,.,0,100,0,.,0.416551724137931,Hela_CPD_XR_NA_late_12_NA,HXLC_comb,single,HeLa_S3,CPD,XR_seq,20J,NA,late,12,_,repair_replication,Sancar,-,26397950,0.157796997167557,-27,LRD
iz,.,0,100,0,.,0.30551724137931,Hela_CPD_XR_NA_late_12_NA,HXLC_comb,single,HeLa_S3,CPD,XR_seq,20J,NA,late,12,_,repair_replication,Sancar,+,26397950,0.11573521480998,-27,LRD
iz,.,0,100,0,.,0.377241379310345,Hela_CPD_XR_NA_late_12_NA,HXLC_comb,single,HeLa_S3,CPD,XR_seq,20J,NA,late,12,_,repair_replication,Sancar,-,26397950,0.142905558693135,-26,LRD
iz,.,0,100,0,.,0.319310344827586,Hela_CPD_XR_NA_late_12_NA,HXLC_comb,single,HeLa_S3,CPD,XR_seq,20J,NA,late,12,_,repair_replication,Sancar,+,26397950,0.120960280941356,-26,LRD
iz,.,0,100,0,.,0.290344827586207,Hela_CPD_XR_NA_late_12_NA,HXLC_comb,single,HeLa_S3,CPD,XR_seq,20J,NA,late,12,_,repair_replication,Sancar,+,26397950,0.109987642065466,-25,LRD
iz,.,0,100,0,.,0.368965517241379,Hela_CPD_XR_NA_late_12_NA,HXLC_comb,single,HeLa_S3,CPD,XR_seq,20J,NA,late,12,_,repair_replication,Sancar,-,26397950,0.13977051901431,-25,LRD
iz,.,0,100,0,.,0.372413793103448,Hela_CPD_XR_NA_late_12_NA,HXLC_comb,single,HeLa_S3,CPD,XR_seq,20J,NA,late,12,_,repair_replication,Sancar,-,26397950,0.141076785547154,-24,LRD
iz,.,0,100,0,.,0.296551724137931,Hela_CPD_XR_NA_late_12_NA,HXLC_comb,single,HeLa_S3,CPD,XR_seq,20J,NA,late,12,_,repair_replication,Sancar,+,26397950,0.112338921824585,-24,LRD
iz,.,0,100,0,.,0.386896551724138,Hela_CPD_XR_NA_late_12_NA,HXLC_comb,single,HeLa_S3,CPD,XR_seq,20J,NA,late,12,_,repair_replication,Sancar,-,26397950,0.146563104985098,-23,LRD
iz,.,0,100,0,.,0.300689655172414,Hela_CPD_XR_NA_late_12_NA,HXLC_comb,single,HeLa_S3,CPD,XR_seq,20J,NA,late,12,_,repair_replication,Sancar,+,26397950,0.113906441663998,-23,LRD
iz,.,0,100,0,.,0.317931034482759,Hela_CPD_XR_NA_late_12_NA,HXLC_comb,single,HeLa_S3,CPD,XR_seq,20J,NA,late,12,_,repair_replication,Sancar,+,26397950,0.120437774328218,-22,LRD
iz,.,0,100,0,.,0.367586206896552,Hela_CPD_XR_NA_late_12_NA,HXLC_comb,single,HeLa_S3,CPD,XR_seq,20J,NA,late,12,_,repair_replication,Sancar,-,26397950,0.139248012401172,-22,LRD
iz,.,0,100,0,.,0.426206896551724,Hela_CPD_XR_NA_late_12_NA,HXLC_comb,single,HeLa_S3,CPD,XR_seq,20J,NA,late,12,_,repair_replication,Sancar,-,26397950,0.16145454345952,-93,LRD
iz,.,0,100,0,.,0.290344827586207,Hela_CPD_XR_NA_late_12_NA,HXLC_comb,single,HeLa_S3,CPD,XR_seq,20J,NA,late,12,_,repair_replication,Sancar,+,26397950,0.109987642065466,-93,LRD
iz,.,0,100,0,.,0.309655172413793,Hela_CPD_XR_NA_late_12_NA,HXLC_comb,single,HeLa_S3,CPD,XR_seq,20J,NA,late,12,_,repair_replication,Sancar,+,26397950,0.117302734649393,-21,LRD
iz,.,0,100,0,.,0.357241379310345,Hela_CPD_XR_NA_late_12_NA,HXLC_comb,single,HeLa_S3,CPD,XR_seq,20J,NA,late,12,_,repair_replication,Sancar,-,26397950,0.13532921280264,-21,LRD
iz,.,0,100,0,.,0.351724137931034,Hela_CPD_XR_NA_late_12_NA,HXLC_comb,single,HeLa_S3,CPD,XR_seq,20J,NA,late,12,_,repair_replication,Sancar,-,26397950,0.133239186350089,-20,LRD
iz,.,0,100,0,.,0.32,Hela_CPD_XR_NA_late_12_NA,HXLC_comb,single,HeLa_S3,CPD,XR_seq,20J,NA,late,12,_,repair_replication,Sancar,+,26397950,0.121221534247925,-20,LRD
iz,.,0,100,0,.,0.248275862068966,Hela_CPD_XR_NA_late_12_NA,HXLC_comb,single,HeLa_S3,CPD,XR_seq,20J,NA,late,12,_,repair_replication,Sancar,+,26397950,0.094051190364769,-19,LRD
iz,.,0,100,0,.,0.377931034482759,Hela_CPD_XR_NA_late_12_NA,HXLC_comb,single,HeLa_S3,CPD,XR_seq,20J,NA,late,12,_,repair_replication,Sancar,-,26397950,0.143166811999704,-19,LRD
iz,.,0,100,0,.,0.319310344827586,Hela_CPD_XR_NA_late_12_NA,HXLC_comb,single,HeLa_S3,CPD,XR_seq,20J,NA,late,12,_,repair_replication,Sancar,+,26397950,0.120960280941356,-18,LRD
iz,.,0,100,0,.,0.386896551724138,Hela_CPD_XR_NA_late_12_NA,HXLC_comb,single,HeLa_S3,CPD,XR_seq,20J,NA,late,12,_,repair_replication,Sancar,-,26397950,0.146563104985098,-18,LRD
iz,.,0,100,0,.,0.304827586206897,Hela_CPD_XR_NA_late_12_NA,HXLC_comb,single,HeLa_S3,CPD,XR_seq,20J,NA,late,12,_,repair_replication,Sancar,+,26397950,0.115473961503411,-17,LRD
iz,.,0,100,0,.,0.401379310344828,Hela_CPD_XR_NA_late_12_NA,HXLC_comb,single,HeLa_S3,CPD,XR_seq,20J,NA,late,12,_,repair_replication,Sancar,-,26397950,0.152049424423043,-17,LRD
iz,.,0,100,0,.,0.313103448275862,Hela_CPD_XR_NA_late_12_NA,HXLC_comb,single,HeLa_S3,CPD,XR_seq,20J,NA,late,12,_,repair_replication,Sancar,+,26397950,0.118609001182237,-16,LRD
iz,.,0,100,0,.,0.37448275862069,Hela_CPD_XR_NA_late_12_NA,HXLC_comb,single,HeLa_S3,CPD,XR_seq,20J,NA,late,12,_,repair_replication,Sancar,-,26397950,0.14186054546686,-16,LRD
iz,.,0,100,0,.,0.424827586206897,Hela_CPD_XR_NA_late_12_NA,HXLC_comb,single,HeLa_S3,CPD,XR_seq,20J,NA,late,12,_,repair_replication,Sancar,-,26397950,0.160932036846383,-15,LRD
iz,.,0,100,0,.,0.302068965517241,Hela_CPD_XR_NA_late_12_NA,HXLC_comb,single,HeLa_S3,CPD,XR_seq,20J,NA,late,12,_,repair_replication,Sancar,+,26397950,0.114428948277136,-15,LRD
iz,.,0,100,0,.,0.29448275862069,Hela_CPD_XR_NA_late_12_NA,HXLC_comb,single,HeLa_S3,CPD,XR_seq,20J,NA,late,12,_,repair_replication,Sancar,+,26397950,0.111555161904879,-14,LRD
iz,.,0,100,0,.,0.423448275862069,Hela_CPD_XR_NA_late_12_NA,HXLC_comb,single,HeLa_S3,CPD,XR_seq,20J,NA,late,12,_,repair_replication,Sancar,-,26397950,0.160409530233245,-14,LRD
iz,.,0,100,0,.,0.293793103448276,Hela_CPD_XR_NA_late_12_NA,HXLC_comb,single,HeLa_S3,CPD,XR_seq,20J,NA,late,12,_,repair_replication,Sancar,+,26397950,0.11129390859831,-13,LRD
iz,.,0,100,0,.,0.367586206896552,Hela_CPD_XR_NA_late_12_NA,HXLC_comb,single,HeLa_S3,CPD,XR_seq,20J,NA,late,12,_,repair_replication,Sancar,-,26397950,0.139248012401172,-13,LRD
iz,.,0,100,0,.,0.376551724137931,Hela_CPD_XR_NA_late_12_NA,HXLC_comb,single,HeLa_S3,CPD,XR_seq,20J,NA,late,12,_,repair_replication,Sancar,-,26397950,0.142644305386566,-12,LRD
iz,.,0,100,0,.,0.311034482758621,Hela_CPD_XR_NA_late_12_NA,HXLC_comb,single,HeLa_S3,CPD,XR_seq,20J,NA,late,12,_,repair_replication,Sancar,+,26397950,0.11782524126253,-12,LRD
iz,.,0,100,0,.,0.400689655172414,Hela_CPD_XR_NA_late_12_NA,HXLC_comb,single,HeLa_S3,CPD,XR_seq,20J,NA,late,12,_,repair_replication,Sancar,-,26397950,0.151788171116474,-92,LRD
iz,.,0,100,0,.,0.311724137931034,Hela_CPD_XR_NA_late_12_NA,HXLC_comb,single,HeLa_S3,CPD,XR_seq,20J,NA,late,12,_,repair_replication,Sancar,+,26397950,0.118086494569099,-92,LRD
iz,.,0,100,0,.,0.38,Hela_CPD_XR_NA_late_12_NA,HXLC_comb,single,HeLa_S3,CPD,XR_seq,20J,NA,late,12,_,repair_replication,Sancar,-,26397950,0.14395057191941,-11,LRD
iz,.,0,100,0,.,0.302758620689655,Hela_CPD_XR_NA_late_12_NA,HXLC_comb,single,HeLa_S3,CPD,XR_seq,20J,NA,late,12,_,repair_replication,Sancar,+,26397950,0.114690201583704,-11,LRD
iz,.,0,100,0,.,0.371724137931034,Hela_CPD_XR_NA_late_12_NA,HXLC_comb,single,HeLa_S3,CPD,XR_seq,20J,NA,late,12,_,repair_replication,Sancar,-,26397950,0.140815532240585,-10,LRD
iz,.,0,100,0,.,0.297241379310345,Hela_CPD_XR_NA_late_12_NA,HXLC_comb,single,HeLa_S3,CPD,XR_seq,20J,NA,late,12,_,repair_replication,Sancar,+,26397950,0.112600175131154,-10,LRD
iz,.,0,100,0,.,0.297931034482759,Hela_CPD_XR_NA_late_12_NA,HXLC_comb,single,HeLa_S3,CPD,XR_seq,20J,NA,late,12,_,repair_replication,Sancar,+,26397950,0.112861428437723,-9,LRD
iz,.,0,100,0,.,0.379310344827586,Hela_CPD_XR_NA_late_12_NA,HXLC_comb,single,HeLa_S3,CPD,XR_seq,20J,NA,late,12,_,repair_replication,Sancar,-,26397950,0.143689318612842,-9,LRD
iz,.,0,100,0,.,0.412413793103448,Hela_CPD_XR_NA_late_12_NA,HXLC_comb,single,HeLa_S3,CPD,XR_seq,20J,NA,late,12,_,repair_replication,Sancar,-,26397950,0.156229477328144,-8,LRD
iz,.,0,100,0,.,0.311034482758621,Hela_CPD_XR_NA_late_12_NA,HXLC_comb,single,HeLa_S3,CPD,XR_seq,20J,NA,late,12,_,repair_replication,Sancar,+,26397950,0.11782524126253,-8,LRD
iz,.,0,100,0,.,0.318620689655172,Hela_CPD_XR_NA_late_12_NA,HXLC_comb,single,HeLa_S3,CPD,XR_seq,20J,NA,late,12,_,repair_replication,Sancar,+,26397950,0.120699027634787,-7,LRD
iz,.,0,100,0,.,0.356551724137931,Hela_CPD_XR_NA_late_12_NA,HXLC_comb,single,HeLa_S3,CPD,XR_seq,20J,NA,late,12,_,repair_replication,Sancar,-,26397950,0.135067959496071,-7,LRD
iz,.,0,100,0,.,0.319310344827586,Hela_CPD_XR_NA_late_12_NA,HXLC_comb,single,HeLa_S3,CPD,XR_seq,20J,NA,late,12,_,repair_replication,Sancar,+,26397950,0.120960280941356,-6,LRD
iz,.,0,100,0,.,0.373793103448276,Hela_CPD_XR_NA_late_12_NA,HXLC_comb,single,HeLa_S3,CPD,XR_seq,20J,NA,late,12,_,repair_replication,Sancar,-,26397950,0.141599292160291,-6,LRD
iz,.,0,100,0,.,0.379310344827586,Hela_CPD_XR_NA_late_12_NA,HXLC_comb,single,HeLa_S3,CPD,XR_seq,20J,NA,late,12,_,repair_replication,Sancar,-,26397950,0.143689318612842,-5,LRD
iz,.,0,100,0,.,0.301379310344828,Hela_CPD_XR_NA_late_12_NA,HXLC_comb,single,HeLa_S3,CPD,XR_seq,20J,NA,late,12,_,repair_replication,Sancar,+,26397950,0.114167694970567,-5,LRD
iz,.,0,100,0,.,0.373103448275862,Hela_CPD_XR_NA_late_12_NA,HXLC_comb,single,HeLa_S3,CPD,XR_seq,20J,NA,late,12,_,repair_replication,Sancar,-,26397950,0.141338038853722,-4,LRD
iz,.,0,100,0,.,0.267586206896552,Hela_CPD_XR_NA_late_12_NA,HXLC_comb,single,HeLa_S3,CPD,XR_seq,20J,NA,late,12,_,repair_replication,Sancar,+,26397950,0.101366282948696,-4,LRD
iz,.,0,100,0,.,0.377931034482759,Hela_CPD_XR_NA_late_12_NA,HXLC_comb,single,HeLa_S3,CPD,XR_seq,20J,NA,late,12,_,repair_replication,Sancar,-,26397950,0.143166811999704,-3,LRD
iz,.,0,100,0,.,0.331034482758621,Hela_CPD_XR_NA_late_12_NA,HXLC_comb,single,HeLa_S3,CPD,XR_seq,20J,NA,late,12,_,repair_replication,Sancar,+,26397950,0.125401587153025,-3,LRD
iz,.,0,100,0,.,0.335862068965517,Hela_CPD_XR_NA_late_12_NA,HXLC_comb,single,HeLa_S3,CPD,XR_seq,20J,NA,late,12,_,repair_replication,Sancar,+,26397950,0.127230360299007,-2,LRD
iz,.,0,100,0,.,0.353103448275862,Hela_CPD_XR_NA_late_12_NA,HXLC_comb,single,HeLa_S3,CPD,XR_seq,20J,NA,late,12,_,repair_replication,Sancar,-,26397950,0.133761692963227,-2,LRD
