chromosomes,start_position,end_position,dataset,score,dataset_strand,product,phase,windows,time_after_exposure,sample_strand,replicate,real_sim
.,0,10000,ERD,0,.,64_PP,early,-100,12,-,_,0.985322346964464
.,0,10000,ERD,0,.,64_PP,early,-100,12,+,_,1.00838928953127
.,0,10000,ERD,0,.,64_PP,early,-99,12,-,_,1.01804210250852
.,0,10000,ERD,0,.,64_PP,early,-99,12,+,_,1.00219104967075
.,0,10000,ERD,0,.,64_PP,early,-98,12,-,_,1.01408530545511
.,0,10000,ERD,0,.,64_PP,early,-98,12,+,_,1.02510359813856
.,0,10000,ERD,0,.,64_PP,early,-97,12,-,_,1.00935768112314
.,0,10000,ERD,0,.,64_PP,early,-97,12,+,_,1.03696252851847
.,0,10000,ERD,0,.,64_PP,early,-96,12,-,_,1.03319921102311
.,0,10000,ERD,0,.,64_PP,early,-96,12,+,_,0.97176794050881
.,0,10000,ERD,0,.,64_PP,early,-95,12,-,_,1.0388886865014
.,0,10000,ERD,0,.,64_PP,early,-95,12,+,_,1.05338864621784
.,0,10000,ERD,0,.,64_PP,early,-94,12,-,_,1.0190519569961
.,0,10000,ERD,0,.,64_PP,early,-94,12,+,_,1.04741484742869
.,0,10000,ERD,0,.,64_PP,early,-93,12,-,_,1.06833041239284
.,0,10000,ERD,0,.,64_PP,early,-93,12,+,_,1.03519984235884
.,0,10000,ERD,0,.,64_PP,early,-92,12,-,_,1.00337813204283
.,0,10000,ERD,0,.,64_PP,early,-92,12,+,_,0.947138703241928
.,0,10000,ERD,0,.,64_PP,early,-91,12,-,_,0.969116275707243
.,0,10000,ERD,0,.,64_PP,early,-91,12,+,_,1.00857791534943
.,0,10000,ERD,0,.,64_PP,early,-90,12,-,_,1.00027075704626
.,0,10000,ERD,0,.,64_PP,early,-90,12,+,_,1.00939097196883
.,0,10000,ERD,0,.,64_PP,early,-89,12,-,_,1.00045129767258
.,0,10000,ERD,0,.,64_PP,early,-89,12,+,_,0.958855356297629
.,0,10000,ERD,0,.,64_PP,early,-88,12,-,_,0.992695805300831
.,0,10000,ERD,0,.,64_PP,early,-88,12,+,_,0.999318576832414
.,0,10000,ERD,0,.,64_PP,early,-87,12,-,_,0.99512960272933
.,0,10000,ERD,0,.,64_PP,early,-87,12,+,_,1.03559054730984
.,0,10000,ERD,0,.,64_PP,early,-86,12,-,_,1.00699474711814
.,0,10000,ERD,0,.,64_PP,early,-86,12,+,_,1.02346008500205
.,0,10000,ERD,0,.,64_PP,early,-85,12,-,_,1.02496617725887
.,0,10000,ERD,0,.,64_PP,early,-85,12,+,_,0.964162839981519
.,0,10000,ERD,0,.,64_PP,early,-84,12,-,_,0.993720618103804
.,0,10000,ERD,0,.,64_PP,early,-84,12,+,_,1.06966840338682
.,0,10000,ERD,0,.,64_PP,early,-83,12,-,_,0.972574449010871
.,0,10000,ERD,0,.,64_PP,early,-83,12,+,_,0.97773176151165
.,0,10000,ERD,0,.,64_PP,early,-82,12,-,_,0.989984244563939
.,0,10000,ERD,0,.,64_PP,early,-82,12,+,_,0.986198590876246
.,0,10000,ERD,0,.,64_PP,early,-81,12,-,_,1.05731546944515
.,0,10000,ERD,0,.,64_PP,early,-81,12,+,_,0.986244454488498
.,0,10000,ERD,0,.,64_PP,early,-80,12,-,_,1.05758742156033
.,0,10000,ERD,0,.,64_PP,early,-80,12,+,_,1.01414632405924
.,0,10000,ERD,0,.,64_PP,early,-79,12,-,_,1.05027757427104
.,0,10000,ERD,0,.,64_PP,early,-79,12,+,_,0.989435914553248
.,0,10000,ERD,0,.,64_PP,early,-78,12,-,_,1.00984638664672
.,0,10000,ERD,0,.,64_PP,early,-78,12,+,_,0.958273253896005
.,0,10000,ERD,0,.,64_PP,early,-77,12,-,_,0.991543937978496
.,0,10000,ERD,0,.,64_PP,early,-77,12,+,_,0.947091794829589
.,0,10000,ERD,0,.,64_PP,early,-76,12,-,_,0.987488858433885
.,0,10000,ERD,0,.,64_PP,early,-76,12,+,_,1.00668584080795
.,0,10000,ERD,0,.,64_PP,early,-75,12,-,_,0.95349856125235
.,0,10000,ERD,0,.,64_PP,early,-75,12,+,_,1.01599406443243
.,0,10000,ERD,0,.,64_PP,early,-74,12,-,_,1.06593534132884
.,0,10000,ERD,0,.,64_PP,early,-74,12,+,_,1.05789201487567
.,0,10000,ERD,0,.,64_PP,early,-73,12,-,_,1.04757373515144
.,0,10000,ERD,0,.,64_PP,early,-73,12,+,_,1.00556211349694
.,0,10000,ERD,0,.,64_PP,early,-72,12,-,_,1.07982230798183
.,0,10000,ERD,0,.,64_PP,early,-72,12,+,_,0.977832532174601
.,0,10000,ERD,0,.,64_PP,early,-71,12,-,_,1.07153016020322
.,0,10000,ERD,0,.,64_PP,early,-71,12,+,_,1.02827301217559
.,0,10000,ERD,0,.,64_PP,early,-70,12,-,_,1.01526887120568
.,0,10000,ERD,0,.,64_PP,early,-70,12,+,_,1.00474157709633
.,0,10000,ERD,0,.,64_PP,early,-69,12,-,_,1.06775621777748
.,0,10000,ERD,0,.,64_PP,early,-69,12,+,_,1.04397602723302
.,0,10000,ERD,0,.,64_PP,early,-68,12,-,_,1.02915419227434
.,0,10000,ERD,0,.,64_PP,early,-68,12,+,_,1.00540362991776
.,0,10000,ERD,0,.,64_PP,early,-67,12,-,_,0.991332260924341
.,0,10000,ERD,0,.,64_PP,early,-67,12,+,_,0.978489531261546
.,0,10000,ERD,0,.,64_PP,early,-66,12,-,_,1.01373962217265
.,0,10000,ERD,0,.,64_PP,early,-66,12,+,_,0.978680505609298
.,0,10000,ERD,0,.,64_PP,early,-65,12,-,_,1.06041834399232
.,0,10000,ERD,0,.,64_PP,early,-65,12,+,_,0.97698676318684
.,0,10000,ERD,0,.,64_PP,early,-64,12,-,_,0.998134479968904
.,0,10000,ERD,0,.,64_PP,early,-64,12,+,_,1.00932371209648
.,0,10000,ERD,0,.,64_PP,early,-63,12,-,_,1.06759276889073
.,0,10000,ERD,0,.,64_PP,early,-63,12,+,_,1.04338028378703
.,0,10000,ERD,0,.,64_PP,early,-62,12,-,_,0.958428108755279
.,0,10000,ERD,0,.,64_PP,early,-62,12,+,_,0.978408365308698
.,0,10000,ERD,0,.,64_PP,early,-61,12,-,_,1.02926299686307
.,0,10000,ERD,0,.,64_PP,early,-61,12,+,_,1.01933063731112
.,0,10000,ERD,0,.,64_PP,early,-60,12,-,_,1.03247671157041
.,0,10000,ERD,0,.,64_PP,early,-60,12,+,_,1.08437645845199
.,0,10000,ERD,0,.,64_PP,early,-59,12,-,_,0.988236222093072
.,0,10000,ERD,0,.,64_PP,early,-59,12,+,_,0.999945079289605
.,0,10000,ERD,0,.,64_PP,early,-58,12,-,_,1.01005003787335
.,0,10000,ERD,0,.,64_PP,early,-58,12,+,_,1.00270567953703
.,0,10000,ERD,0,.,64_PP,early,-57,12,-,_,1.00252182394714
.,0,10000,ERD,0,.,64_PP,early,-57,12,+,_,1.01803283604031
.,0,10000,ERD,0,.,64_PP,early,-56,12,-,_,1.01298032538463
.,0,10000,ERD,0,.,64_PP,early,-56,12,+,_,0.92213705602102
.,0,10000,ERD,0,.,64_PP,early,-55,12,-,_,1.0104065861353
.,0,10000,ERD,0,.,64_PP,early,-55,12,+,_,0.985909175545016
.,0,10000,ERD,0,.,64_PP,early,-54,12,-,_,1.00564053641467
.,0,10000,ERD,0,.,64_PP,early,-54,12,+,_,0.991056046898088
.,0,10000,ERD,0,.,64_PP,early,-53,12,-,_,1.04139044269643
.,0,10000,ERD,0,.,64_PP,early,-53,12,+,_,0.958730251200258
.,0,10000,ERD,0,.,64_PP,early,-52,12,-,_,0.947397016189233
.,0,10000,ERD,0,.,64_PP,early,-52,12,+,_,1.03866195356785
.,0,10000,ERD,0,.,64_PP,early,-51,12,-,_,1.03864372274576
.,0,10000,ERD,0,.,64_PP,early,-51,12,+,_,1.04199154657252
.,0,10000,ERD,0,.,64_PP,early,-50,12,-,_,1.00377385794434
.,0,10000,ERD,0,.,64_PP,early,-50,12,+,_,1.03152574164527
.,0,10000,ERD,0,.,64_PP,early,-49,12,-,_,0.977853062694354
.,0,10000,ERD,0,.,64_PP,early,-49,12,+,_,0.936104620629454
.,0,10000,ERD,0,.,64_PP,early,-48,12,-,_,1.02023860279041
.,0,10000,ERD,0,.,64_PP,early,-48,12,+,_,0.982679481379929
.,0,10000,ERD,0,.,64_PP,early,-47,12,-,_,0.995519494933642
.,0,10000,ERD,0,.,64_PP,early,-47,12,+,_,1.03678591850384
.,0,10000,ERD,0,.,64_PP,early,-46,12,-,_,0.983768292866341
.,0,10000,ERD,0,.,64_PP,early,-46,12,+,_,0.980901190613224
.,0,10000,ERD,0,.,64_PP,early,-45,12,-,_,0.980664702132134
.,0,10000,ERD,0,.,64_PP,early,-45,12,+,_,0.991512386011037
.,0,10000,ERD,0,.,64_PP,early,-44,12,-,_,1.00402788540444
.,0,10000,ERD,0,.,64_PP,early,-44,12,+,_,0.950418790436641
.,0,10000,ERD,0,.,64_PP,early,-43,12,-,_,0.99270081672354
.,0,10000,ERD,0,.,64_PP,early,-43,12,+,_,1.08454395370259
.,0,10000,ERD,0,.,64_PP,early,-42,12,-,_,1.04989583917006
.,0,10000,ERD,0,.,64_PP,early,-42,12,+,_,1.00889013676026
.,0,10000,ERD,0,.,64_PP,early,-41,12,-,_,1.07239201236116
.,0,10000,ERD,0,.,64_PP,early,-41,12,+,_,1.06629362439203
.,0,10000,ERD,0,.,64_PP,early,-40,12,-,_,1.07047377087889
.,0,10000,ERD,0,.,64_PP,early,-40,12,+,_,1.07091072162539
.,0,10000,ERD,0,.,64_PP,early,-39,12,-,_,1.0651591576778
.,0,10000,ERD,0,.,64_PP,early,-39,12,+,_,1.05651872627989
.,0,10000,ERD,0,.,64_PP,early,-38,12,-,_,1.03937176462514
.,0,10000,ERD,0,.,64_PP,early,-38,12,+,_,1.00751925179876
.,0,10000,ERD,0,.,64_PP,early,-37,12,-,_,1.04610805711767
.,0,10000,ERD,0,.,64_PP,early,-37,12,+,_,1.043181754641
.,0,10000,ERD,0,.,64_PP,early,-36,12,-,_,0.97222425812057
.,0,10000,ERD,0,.,64_PP,early,-36,12,+,_,0.986006625650038
.,0,10000,ERD,0,.,64_PP,early,-35,12,-,_,1.03503297127822
.,0,10000,ERD,0,.,64_PP,early,-35,12,+,_,0.983266932373155
.,0,10000,ERD,0,.,64_PP,early,-34,12,-,_,0.983895758375974
.,0,10000,ERD,0,.,64_PP,early,-34,12,+,_,1.00248650548728
.,0,10000,ERD,0,.,64_PP,early,-33,12,-,_,0.990838953925817
.,0,10000,ERD,0,.,64_PP,early,-33,12,+,_,0.980086307684842
.,0,10000,ERD,0,.,64_PP,early,-32,12,-,_,1.04341375333475
.,0,10000,ERD,0,.,64_PP,early,-32,12,+,_,0.987043507121695
.,0,10000,ERD,0,.,64_PP,early,-31,12,-,_,0.999304350320402
.,0,10000,ERD,0,.,64_PP,early,-31,12,+,_,0.985804563911217
.,0,10000,ERD,0,.,64_PP,early,-30,12,-,_,1.02412300617474
.,0,10000,ERD,0,.,64_PP,early,-30,12,+,_,0.982469443014744
.,0,10000,ERD,0,.,64_PP,early,-29,12,-,_,1.00466936000708
.,0,10000,ERD,0,.,64_PP,early,-29,12,+,_,1.03330737666599
.,0,10000,ERD,0,.,64_PP,early,-28,12,-,_,0.968137969967655
.,0,10000,ERD,0,.,64_PP,early,-28,12,+,_,1.02153967317023
.,0,10000,ERD,0,.,64_PP,early,-27,12,-,_,0.944718203613112
.,0,10000,ERD,0,.,64_PP,early,-27,12,+,_,1.01113624776754
.,0,10000,ERD,0,.,64_PP,early,-26,12,-,_,1.02669659809702
.,0,10000,ERD,0,.,64_PP,early,-26,12,+,_,0.989671688656383
.,0,10000,ERD,0,.,64_PP,early,-25,12,-,_,1.00959630484203
.,0,10000,ERD,0,.,64_PP,early,-25,12,+,_,0.978777591529277
.,0,10000,ERD,0,.,64_PP,early,-24,12,-,_,0.984776057331666
.,0,10000,ERD,0,.,64_PP,early,-24,12,+,_,0.978633718956291
.,0,10000,ERD,0,.,64_PP,early,-23,12,-,_,1.01164934917959
.,0,10000,ERD,0,.,64_PP,early,-23,12,+,_,0.959740889698406
.,0,10000,ERD,0,.,64_PP,early,-22,12,-,_,0.960329104292062
.,0,10000,ERD,0,.,64_PP,early,-22,12,+,_,0.94108764418914
.,0,10000,ERD,0,.,64_PP,early,-21,12,-,_,0.971674596676115
.,0,10000,ERD,0,.,64_PP,early,-21,12,+,_,0.996217443760978
.,0,10000,ERD,0,.,64_PP,early,-20,12,-,_,0.988184225171825
.,0,10000,ERD,0,.,64_PP,early,-20,12,+,_,1.01955077720004
.,0,10000,ERD,0,.,64_PP,early,-19,12,-,_,0.986458661060317
.,0,10000,ERD,0,.,64_PP,early,-19,12,+,_,0.934037509861825
.,0,10000,ERD,0,.,64_PP,early,-18,12,-,_,1.01755129646689
.,0,10000,ERD,0,.,64_PP,early,-18,12,+,_,0.949047956014627
.,0,10000,ERD,0,.,64_PP,early,-17,12,-,_,0.938572000345952
.,0,10000,ERD,0,.,64_PP,early,-17,12,+,_,1.01514952878417
.,0,10000,ERD,0,.,64_PP,early,-16,12,-,_,1.03280599127592
.,0,10000,ERD,0,.,64_PP,early,-16,12,+,_,0.973401010278651
.,0,10000,ERD,0,.,64_PP,early,-15,12,-,_,0.930364870324283
.,0,10000,ERD,0,.,64_PP,early,-15,12,+,_,0.941225511393525
.,0,10000,ERD,0,.,64_PP,early,-14,12,-,_,1.00481632540473
.,0,10000,ERD,0,.,64_PP,early,-14,12,+,_,0.985157511839636
.,0,10000,ERD,0,.,64_PP,early,-13,12,-,_,0.963843372898067
.,0,10000,ERD,0,.,64_PP,early,-13,12,+,_,0.936980222694258
.,0,10000,ERD,0,.,64_PP,early,-12,12,-,_,0.943372132316839
.,0,10000,ERD,0,.,64_PP,early,-12,12,+,_,0.981525545580367
.,0,10000,ERD,0,.,64_PP,early,-11,12,-,_,0.932519719591613
.,0,10000,ERD,0,.,64_PP,early,-11,12,+,_,0.954309867972929
.,0,10000,ERD,0,.,64_PP,early,-10,12,-,_,0.950155300439443
.,0,10000,ERD,0,.,64_PP,early,-10,12,+,_,0.943630688126291
.,0,10000,ERD,0,.,64_PP,early,-9,12,-,_,1.02835408942831
.,0,10000,ERD,0,.,64_PP,early,-9,12,+,_,0.966133705034332
.,0,10000,ERD,0,.,64_PP,early,-8,12,-,_,0.934250383162736
.,0,10000,ERD,0,.,64_PP,early,-8,12,+,_,0.922082584996798
.,0,10000,ERD,0,.,64_PP,early,-7,12,-,_,0.985707704343561
.,0,10000,ERD,0,.,64_PP,early,-7,12,+,_,0.991480270759814
.,0,10000,ERD,0,.,64_PP,early,-6,12,-,_,0.949582849106268
.,0,10000,ERD,0,.,64_PP,early,-6,12,+,_,0.915630940929243
.,0,10000,ERD,0,.,64_PP,early,-5,12,-,_,0.971796190016227
.,0,10000,ERD,0,.,64_PP,early,-5,12,+,_,0.947680439018352
.,0,10000,ERD,0,.,64_PP,early,-4,12,-,_,0.9495829454341
.,0,10000,ERD,0,.,64_PP,early,-4,12,+,_,1.0017220246922
.,0,10000,ERD,0,.,64_PP,early,-3,12,-,_,0.983910258872222
.,0,10000,ERD,0,.,64_PP,early,-3,12,+,_,0.91272306623199
.,0,10000,ERD,0,.,64_PP,early,-2,12,-,_,0.978267212848753
.,0,10000,ERD,0,.,64_PP,early,-2,12,+,_,0.948990145466011
.,0,10000,ERD,0,.,64_PP,early,-1,12,-,_,0.951891066642481
.,0,10000,ERD,0,.,64_PP,early,-1,12,+,_,1.00037288735416
.,0,10000,ERD,0,.,64_PP,early,0,12,-,_,0.988714054905211
.,0,10000,ERD,0,.,64_PP,early,0,12,+,_,0.945695207771258
.,0,10000,ERD,0,.,64_PP,early,1,12,-,_,0.967818971416585
.,0,10000,ERD,0,.,64_PP,early,1,12,+,_,0.981030818745857
.,0,10000,ERD,0,.,64_PP,early,2,12,-,_,0.954164047574845
.,0,10000,ERD,0,.,64_PP,early,2,12,+,_,0.997413154550296
.,0,10000,ERD,0,.,64_PP,early,3,12,-,_,1.02739019791994
.,0,10000,ERD,0,.,64_PP,early,3,12,+,_,0.926841079379183
.,0,10000,ERD,0,.,64_PP,early,4,12,-,_,0.90962771244739
.,0,10000,ERD,0,.,64_PP,early,4,12,+,_,0.985897568243299
.,0,10000,ERD,0,.,64_PP,early,5,12,-,_,0.957322740962145
.,0,10000,ERD,0,.,64_PP,early,5,12,+,_,0.938947296071534
.,0,10000,ERD,0,.,64_PP,early,6,12,-,_,0.960339607276163
.,0,10000,ERD,0,.,64_PP,early,6,12,+,_,0.929257680130328
.,0,10000,ERD,0,.,64_PP,early,7,12,-,_,0.944660587711431
.,0,10000,ERD,0,.,64_PP,early,7,12,+,_,1.00196812591387
.,0,10000,ERD,0,.,64_PP,early,8,12,-,_,0.917694498550586
.,0,10000,ERD,0,.,64_PP,early,8,12,+,_,0.987645709901021
.,0,10000,ERD,0,.,64_PP,early,9,12,-,_,0.95491679487507
.,0,10000,ERD,0,.,64_PP,early,9,12,+,_,0.979487298451071
.,0,10000,ERD,0,.,64_PP,early,10,12,-,_,0.926931378857226
.,0,10000,ERD,0,.,64_PP,early,10,12,+,_,0.966300356176583
.,0,10000,ERD,0,.,64_PP,early,11,12,-,_,1.00451426174034
.,0,10000,ERD,0,.,64_PP,early,11,12,+,_,0.953425269622015
.,0,10000,ERD,0,.,64_PP,early,12,12,-,_,0.911526493734811
.,0,10000,ERD,0,.,64_PP,early,12,12,+,_,0.950412704110626
.,0,10000,ERD,0,.,64_PP,early,13,12,-,_,0.898947618462163
.,0,10000,ERD,0,.,64_PP,early,13,12,+,_,0.966671408099976
.,0,10000,ERD,0,.,64_PP,early,14,12,-,_,0.978761536083711
.,0,10000,ERD,0,.,64_PP,early,14,12,+,_,0.934818243512002
.,0,10000,ERD,0,.,64_PP,early,15,12,-,_,1.00487519513171
.,0,10000,ERD,0,.,64_PP,early,15,12,+,_,0.996629534098786
.,0,10000,ERD,0,.,64_PP,early,16,12,-,_,0.915171410795584
.,0,10000,ERD,0,.,64_PP,early,16,12,+,_,0.889553085741862
.,0,10000,ERD,0,.,64_PP,early,17,12,-,_,0.916760995414258
.,0,10000,ERD,0,.,64_PP,early,17,12,+,_,0.912359479042742
.,0,10000,ERD,0,.,64_PP,early,18,12,-,_,0.966444260109374
.,0,10000,ERD,0,.,64_PP,early,18,12,+,_,0.909393920323103
.,0,10000,ERD,0,.,64_PP,early,19,12,-,_,0.943211496810773
.,0,10000,ERD,0,.,64_PP,early,19,12,+,_,0.938786014255289
.,0,10000,ERD,0,.,64_PP,early,20,12,-,_,0.965596952811154
.,0,10000,ERD,0,.,64_PP,early,20,12,+,_,0.919039361625536
.,0,10000,ERD,0,.,64_PP,early,21,12,-,_,0.93693804529668
.,0,10000,ERD,0,.,64_PP,early,21,12,+,_,0.969372007350112
.,0,10000,ERD,0,.,64_PP,early,22,12,-,_,0.977962078319922
.,0,10000,ERD,0,.,64_PP,early,22,12,+,_,0.925206820378208
.,0,10000,ERD,0,.,64_PP,early,23,12,-,_,0.899617726511467
.,0,10000,ERD,0,.,64_PP,early,23,12,+,_,0.939077788229785
.,0,10000,ERD,0,.,64_PP,early,24,12,-,_,0.956675955912603
.,0,10000,ERD,0,.,64_PP,early,24,12,+,_,0.923142012456771
.,0,10000,ERD,0,.,64_PP,early,25,12,-,_,0.991896637953127
.,0,10000,ERD,0,.,64_PP,early,25,12,+,_,1.0503707392137
.,0,10000,ERD,0,.,64_PP,early,26,12,-,_,0.934940900895798
.,0,10000,ERD,0,.,64_PP,early,26,12,+,_,0.96192766623914
.,0,10000,ERD,0,.,64_PP,early,27,12,-,_,0.894139748756353
.,0,10000,ERD,0,.,64_PP,early,27,12,+,_,0.943766118189125
.,0,10000,ERD,0,.,64_PP,early,28,12,-,_,0.952814804348047
.,0,10000,ERD,0,.,64_PP,early,28,12,+,_,1.0320138646268
.,0,10000,ERD,0,.,64_PP,early,29,12,-,_,0.918562957830011
.,0,10000,ERD,0,.,64_PP,early,29,12,+,_,0.920447619474266
.,0,10000,ERD,0,.,64_PP,early,30,12,-,_,0.965540257489272
.,0,10000,ERD,0,.,64_PP,early,30,12,+,_,1.00582553815049
.,0,10000,ERD,0,.,64_PP,early,31,12,-,_,1.00098259834722
.,0,10000,ERD,0,.,64_PP,early,31,12,+,_,0.960273836212882
.,0,10000,ERD,0,.,64_PP,early,32,12,-,_,0.9963539189027
.,0,10000,ERD,0,.,64_PP,early,32,12,+,_,1.04893575595299
.,0,10000,ERD,0,.,64_PP,early,33,12,-,_,0.972427100784909
.,0,10000,ERD,0,.,64_PP,early,33,12,+,_,1.02715898711705
.,0,10000,ERD,0,.,64_PP,early,34,12,-,_,1.00183692991091
.,0,10000,ERD,0,.,64_PP,early,34,12,+,_,1.0614064785651
.,0,10000,ERD,0,.,64_PP,early,35,12,-,_,1.04288278432196
.,0,10000,ERD,0,.,64_PP,early,35,12,+,_,1.0182286725287
.,0,10000,ERD,0,.,64_PP,early,36,12,-,_,0.994916473887383
.,0,10000,ERD,0,.,64_PP,early,36,12,+,_,1.04473953470935
.,0,10000,ERD,0,.,64_PP,early,37,12,-,_,1.0218646205435
.,0,10000,ERD,0,.,64_PP,early,37,12,+,_,0.962038555406851
.,0,10000,ERD,0,.,64_PP,early,38,12,-,_,1.00024555971615
.,0,10000,ERD,0,.,64_PP,early,38,12,+,_,1.06577760511561
.,0,10000,ERD,0,.,64_PP,early,39,12,-,_,0.990136735931973
.,0,10000,ERD,0,.,64_PP,early,39,12,+,_,1.00342691680373
.,0,10000,ERD,0,.,64_PP,early,40,12,-,_,1.03709358898259
.,0,10000,ERD,0,.,64_PP,early,40,12,+,_,1.0018128587164
.,0,10000,ERD,0,.,64_PP,early,41,12,-,_,0.992874642633318
.,0,10000,ERD,0,.,64_PP,early,41,12,+,_,0.971924298045029
.,0,10000,ERD,0,.,64_PP,early,42,12,-,_,0.978580987499281
.,0,10000,ERD,0,.,64_PP,early,42,12,+,_,1.0080157483548
.,0,10000,ERD,0,.,64_PP,early,43,12,-,_,0.994030940186238
.,0,10000,ERD,0,.,64_PP,early,43,12,+,_,1.01188582541632
.,0,10000,ERD,0,.,64_PP,early,44,12,-,_,0.955677473417244
.,0,10000,ERD,0,.,64_PP,early,44,12,+,_,1.03373606456819
.,0,10000,ERD,0,.,64_PP,early,45,12,-,_,1.0724012166582
.,0,10000,ERD,0,.,64_PP,early,45,12,+,_,1.1207290524071
.,0,10000,ERD,0,.,64_PP,early,46,12,-,_,1.0947554461528
.,0,10000,ERD,0,.,64_PP,early,46,12,+,_,1.06907485051864
.,0,10000,ERD,0,.,64_PP,early,47,12,-,_,1.01597108478613
.,0,10000,ERD,0,.,64_PP,early,47,12,+,_,1.07923989009916
.,0,10000,ERD,0,.,64_PP,early,48,12,-,_,1.03667665352052
.,0,10000,ERD,0,.,64_PP,early,48,12,+,_,1.09598347112272
.,0,10000,ERD,0,.,64_PP,early,49,12,-,_,1.02772912752787
.,0,10000,ERD,0,.,64_PP,early,49,12,+,_,1.00746291294979
.,0,10000,ERD,0,.,64_PP,early,50,12,-,_,1.0128179785886
.,0,10000,ERD,0,.,64_PP,early,50,12,+,_,1.04227718474161
.,0,10000,ERD,0,.,64_PP,early,51,12,-,_,1.03769250763592
.,0,10000,ERD,0,.,64_PP,early,51,12,+,_,1.06278694591704
.,0,10000,ERD,0,.,64_PP,early,52,12,-,_,1.03153536151201
.,0,10000,ERD,0,.,64_PP,early,52,12,+,_,1.00069990871281
.,0,10000,ERD,0,.,64_PP,early,53,12,-,_,0.928302077236392
.,0,10000,ERD,0,.,64_PP,early,53,12,+,_,1.01745402462023
.,0,10000,ERD,0,.,64_PP,early,54,12,-,_,1.03522042875794
.,0,10000,ERD,0,.,64_PP,early,54,12,+,_,1.03042125332423
.,0,10000,ERD,0,.,64_PP,early,55,12,-,_,1.04113072790381
.,0,10000,ERD,0,.,64_PP,early,55,12,+,_,1.0387604632566
.,0,10000,ERD,0,.,64_PP,early,56,12,-,_,1.05814460472902
.,0,10000,ERD,0,.,64_PP,early,56,12,+,_,1.08128625105729
.,0,10000,ERD,0,.,64_PP,early,57,12,-,_,1.08462065596225
.,0,10000,ERD,0,.,64_PP,early,57,12,+,_,1.09666354071698
.,0,10000,ERD,0,.,64_PP,early,58,12,-,_,0.98806367738691
.,0,10000,ERD,0,.,64_PP,early,58,12,+,_,1.0321896730787
.,0,10000,ERD,0,.,64_PP,early,59,12,-,_,1.01684683387061
.,0,10000,ERD,0,.,64_PP,early,59,12,+,_,1.07332347221755
.,0,10000,ERD,0,.,64_PP,early,60,12,-,_,1.01800469262536
.,0,10000,ERD,0,.,64_PP,early,60,12,+,_,1.03479009101137
.,0,10000,ERD,0,.,64_PP,early,61,12,-,_,1.01204033607214
.,0,10000,ERD,0,.,64_PP,early,61,12,+,_,1.05006634191915
.,0,10000,ERD,0,.,64_PP,early,62,12,-,_,1.02148547280267
.,0,10000,ERD,0,.,64_PP,early,62,12,+,_,1.04638026585581
.,0,10000,ERD,0,.,64_PP,early,63,12,-,_,0.978865915247378
.,0,10000,ERD,0,.,64_PP,early,63,12,+,_,1.01367584151991
.,0,10000,ERD,0,.,64_PP,early,64,12,-,_,1.02676371811125
.,0,10000,ERD,0,.,64_PP,early,64,12,+,_,1.07721711238625
.,0,10000,ERD,0,.,64_PP,early,65,12,-,_,1.00846666053028
.,0,10000,ERD,0,.,64_PP,early,65,12,+,_,1.07193814917274
.,0,10000,ERD,0,.,64_PP,early,66,12,-,_,1.00784476470205
.,0,10000,ERD,0,.,64_PP,early,66,12,+,_,1.04182680996363
.,0,10000,ERD,0,.,64_PP,early,67,12,-,_,1.06977737648864
.,0,10000,ERD,0,.,64_PP,early,67,12,+,_,1.11975785132314
.,0,10000,ERD,0,.,64_PP,early,68,12,-,_,1.00106992017411
.,0,10000,ERD,0,.,64_PP,early,68,12,+,_,1.01825856188376
.,0,10000,ERD,0,.,64_PP,early,69,12,-,_,0.985712611881699
.,0,10000,ERD,0,.,64_PP,early,69,12,+,_,1.01888972063603
.,0,10000,ERD,0,.,64_PP,early,70,12,-,_,0.98340193631931
.,0,10000,ERD,0,.,64_PP,early,70,12,+,_,1.06105201723419
.,0,10000,ERD,0,.,64_PP,early,71,12,-,_,1.00900688290805
.,0,10000,ERD,0,.,64_PP,early,71,12,+,_,1.02756969955817
.,0,10000,ERD,0,.,64_PP,early,72,12,-,_,1.0458461905724
.,0,10000,ERD,0,.,64_PP,early,72,12,+,_,1.05658338236346
.,0,10000,ERD,0,.,64_PP,early,73,12,-,_,0.960564010193795
.,0,10000,ERD,0,.,64_PP,early,73,12,+,_,1.04871874485843
.,0,10000,ERD,0,.,64_PP,early,74,12,-,_,1.00737359069391
.,0,10000,ERD,0,.,64_PP,early,74,12,+,_,1.05454997537243
.,0,10000,ERD,0,.,64_PP,early,75,12,-,_,1.01601368612155
.,0,10000,ERD,0,.,64_PP,early,75,12,+,_,1.06127759575262
.,0,10000,ERD,0,.,64_PP,early,76,12,-,_,1.03790642591676
.,0,10000,ERD,0,.,64_PP,early,76,12,+,_,1.0874649092074
.,0,10000,ERD,0,.,64_PP,early,77,12,-,_,1.08341066110066
.,0,10000,ERD,0,.,64_PP,early,77,12,+,_,1.05450819502037
.,0,10000,ERD,0,.,64_PP,early,78,12,-,_,1.0002885972299
.,0,10000,ERD,0,.,64_PP,early,78,12,+,_,1.07678732272127
.,0,10000,ERD,0,.,64_PP,early,79,12,-,_,1.05256733978025
.,0,10000,ERD,0,.,64_PP,early,79,12,+,_,1.06590020153086
.,0,10000,ERD,0,.,64_PP,early,80,12,-,_,1.03958343345649
.,0,10000,ERD,0,.,64_PP,early,80,12,+,_,1.09505439936642
.,0,10000,ERD,0,.,64_PP,early,81,12,-,_,1.01866222414969
.,0,10000,ERD,0,.,64_PP,early,81,12,+,_,1.0806704562452
.,0,10000,ERD,0,.,64_PP,early,82,12,-,_,1.02336481469503
.,0,10000,ERD,0,.,64_PP,early,82,12,+,_,1.01871279093202
.,0,10000,ERD,0,.,64_PP,early,83,12,-,_,1.06055139510574
.,0,10000,ERD,0,.,64_PP,early,83,12,+,_,0.99633441054886
.,0,10000,ERD,0,.,64_PP,early,84,12,-,_,1.03136516471029
.,0,10000,ERD,0,.,64_PP,early,84,12,+,_,1.05548666895251
.,0,10000,ERD,0,.,64_PP,early,85,12,-,_,1.02344632100452
.,0,10000,ERD,0,.,64_PP,early,85,12,+,_,1.03600800505255
.,0,10000,ERD,0,.,64_PP,early,86,12,-,_,1.0199357951895
.,0,10000,ERD,0,.,64_PP,early,86,12,+,_,1.06542712486951
.,0,10000,ERD,0,.,64_PP,early,87,12,-,_,1.03308561952591
.,0,10000,ERD,0,.,64_PP,early,87,12,+,_,1.0780031530712
.,0,10000,ERD,0,.,64_PP,early,88,12,-,_,1.00611017172278
.,0,10000,ERD,0,.,64_PP,early,88,12,+,_,1.04321403822684
.,0,10000,ERD,0,.,64_PP,early,89,12,-,_,1.05133027157065
.,0,10000,ERD,0,.,64_PP,early,89,12,+,_,1.02043699364914
.,0,10000,ERD,0,.,64_PP,early,90,12,-,_,1.06027165426104
.,0,10000,ERD,0,.,64_PP,early,90,12,+,_,1.0266501295489
.,0,10000,ERD,0,.,64_PP,early,91,12,-,_,1.02573388384679
.,0,10000,ERD,0,.,64_PP,early,91,12,+,_,1.06492882397977
.,0,10000,ERD,0,.,64_PP,early,92,12,-,_,1.06272468894924
.,0,10000,ERD,0,.,64_PP,early,92,12,+,_,1.0130668455542
.,0,10000,ERD,0,.,64_PP,early,93,12,-,_,1.0551413711633
.,0,10000,ERD,0,.,64_PP,early,93,12,+,_,1.07023121484566
.,0,10000,ERD,0,.,64_PP,early,94,12,-,_,1.02080886069736
.,0,10000,ERD,0,.,64_PP,early,94,12,+,_,1.03644277562378
.,0,10000,ERD,0,.,64_PP,early,95,12,-,_,1.07294359537862
.,0,10000,ERD,0,.,64_PP,early,95,12,+,_,1.07048325502174
.,0,10000,ERD,0,.,64_PP,early,96,12,-,_,1.07789535695048
.,0,10000,ERD,0,.,64_PP,early,96,12,+,_,1.01007790010085
.,0,10000,ERD,0,.,64_PP,early,97,12,-,_,1.03069224617153
.,0,10000,ERD,0,.,64_PP,early,97,12,+,_,1.06713812472242
.,0,10000,ERD,0,.,64_PP,early,98,12,-,_,1.0670104327031
.,0,10000,ERD,0,.,64_PP,early,98,12,+,_,1.07984650106252
.,0,10000,ERD,0,.,64_PP,early,99,12,-,_,1.09278840188609
.,0,10000,ERD,0,.,64_PP,early,99,12,+,_,1.10375259421424
.,0,10000,ERD,0,.,64_PP,early,100,12,-,_,1.12520453093381
.,0,10000,ERD,0,.,64_PP,early,100,12,+,_,1.1370731281148
.,0,10000,ERD,0,.,64_PP,late,-100,12,-,_,0.950364955332077
.,0,10000,ERD,0,.,64_PP,late,-100,12,+,_,0.956088790826183
.,0,10000,ERD,0,.,64_PP,late,-99,12,-,_,1.02732609863688
.,0,10000,ERD,0,.,64_PP,late,-99,12,+,_,0.996790442208955
.,0,10000,ERD,0,.,64_PP,late,-98,12,-,_,1.00053173008427
.,0,10000,ERD,0,.,64_PP,late,-98,12,+,_,0.995250237828635
.,0,10000,ERD,0,.,64_PP,late,-97,12,-,_,0.965108794731211
.,0,10000,ERD,0,.,64_PP,late,-97,12,+,_,0.996081697009733
.,0,10000,ERD,0,.,64_PP,late,-96,12,-,_,0.993395676340133
.,0,10000,ERD,0,.,64_PP,late,-96,12,+,_,0.945868324072402
.,0,10000,ERD,0,.,64_PP,late,-95,12,-,_,0.975227407062861
.,0,10000,ERD,0,.,64_PP,late,-95,12,+,_,1.02335075014312
.,0,10000,ERD,0,.,64_PP,late,-94,12,-,_,1.00663284424237
.,0,10000,ERD,0,.,64_PP,late,-94,12,+,_,0.978511410389424
.,0,10000,ERD,0,.,64_PP,late,-93,12,-,_,1.00524376043022
.,0,10000,ERD,0,.,64_PP,late,-93,12,+,_,0.964529735930795
.,0,10000,ERD,0,.,64_PP,late,-92,12,-,_,1.00515560640794
.,0,10000,ERD,0,.,64_PP,late,-92,12,+,_,0.948435609349285
.,0,10000,ERD,0,.,64_PP,late,-91,12,-,_,0.949975835871578
.,0,10000,ERD,0,.,64_PP,late,-91,12,+,_,0.969865700343584
.,0,10000,ERD,0,.,64_PP,late,-90,12,-,_,0.936170040144066
.,0,10000,ERD,0,.,64_PP,late,-90,12,+,_,0.963074207948198
.,0,10000,ERD,0,.,64_PP,late,-89,12,-,_,0.994444021933244
.,0,10000,ERD,0,.,64_PP,late,-89,12,+,_,0.950088273271704
.,0,10000,ERD,0,.,64_PP,late,-88,12,-,_,0.983416212929593
.,0,10000,ERD,0,.,64_PP,late,-88,12,+,_,0.945027124187365
.,0,10000,ERD,0,.,64_PP,late,-87,12,-,_,0.933605931427845
.,0,10000,ERD,0,.,64_PP,late,-87,12,+,_,1.03102460811937
.,0,10000,ERD,0,.,64_PP,late,-86,12,-,_,1.00882779267566
.,0,10000,ERD,0,.,64_PP,late,-86,12,+,_,0.921704182474629
.,0,10000,ERD,0,.,64_PP,late,-85,12,-,_,0.959361510911524
.,0,10000,ERD,0,.,64_PP,late,-85,12,+,_,0.946265864474616
.,0,10000,ERD,0,.,64_PP,late,-84,12,-,_,0.944389642618997
.,0,10000,ERD,0,.,64_PP,late,-84,12,+,_,0.934251144366847
.,0,10000,ERD,0,.,64_PP,late,-83,12,-,_,0.955377220469375
.,0,10000,ERD,0,.,64_PP,late,-83,12,+,_,0.956821465173024
.,0,10000,ERD,0,.,64_PP,late,-82,12,-,_,0.933798890886966
.,0,10000,ERD,0,.,64_PP,late,-82,12,+,_,0.9194655741149
.,0,10000,ERD,0,.,64_PP,late,-81,12,-,_,0.974483010066898
.,0,10000,ERD,0,.,64_PP,late,-81,12,+,_,0.920604456047635
.,0,10000,ERD,0,.,64_PP,late,-80,12,-,_,1.00478646999648
.,0,10000,ERD,0,.,64_PP,late,-80,12,+,_,0.97821367969426
.,0,10000,ERD,0,.,64_PP,late,-79,12,-,_,1.01123320262775
.,0,10000,ERD,0,.,64_PP,late,-79,12,+,_,0.957684459536446
.,0,10000,ERD,0,.,64_PP,late,-78,12,-,_,0.991507948301318
.,0,10000,ERD,0,.,64_PP,late,-78,12,+,_,0.939095107524001
.,0,10000,ERD,0,.,64_PP,late,-77,12,-,_,0.924600002536182
.,0,10000,ERD,0,.,64_PP,late,-77,12,+,_,0.978968326578798
.,0,10000,ERD,0,.,64_PP,late,-76,12,-,_,0.990096133893897
.,0,10000,ERD,0,.,64_PP,late,-76,12,+,_,0.994777672777841
.,0,10000,ERD,0,.,64_PP,late,-75,12,-,_,0.935170871747784
.,0,10000,ERD,0,.,64_PP,late,-75,12,+,_,0.948796749007781
.,0,10000,ERD,0,.,64_PP,late,-74,12,-,_,1.04437321615502
.,0,10000,ERD,0,.,64_PP,late,-74,12,+,_,0.954646756456205
.,0,10000,ERD,0,.,64_PP,late,-73,12,-,_,0.987050420903222
.,0,10000,ERD,0,.,64_PP,late,-73,12,+,_,0.927122081637765
.,0,10000,ERD,0,.,64_PP,late,-72,12,-,_,1.00430334312964
.,0,10000,ERD,0,.,64_PP,late,-72,12,+,_,1.01126069480034
.,0,10000,ERD,0,.,64_PP,late,-71,12,-,_,1.01085233858199
.,0,10000,ERD,0,.,64_PP,late,-71,12,+,_,1.00401786698148
.,0,10000,ERD,0,.,64_PP,late,-70,12,-,_,1.05760813880585
.,0,10000,ERD,0,.,64_PP,late,-70,12,+,_,0.974334155588741
.,0,10000,ERD,0,.,64_PP,late,-69,12,-,_,0.991050575411991
.,0,10000,ERD,0,.,64_PP,late,-69,12,+,_,0.954576703038503
.,0,10000,ERD,0,.,64_PP,late,-68,12,-,_,1.02185031829853
.,0,10000,ERD,0,.,64_PP,late,-68,12,+,_,0.958789947629118
.,0,10000,ERD,0,.,64_PP,late,-67,12,-,_,1.02835540058186
.,0,10000,ERD,0,.,64_PP,late,-67,12,+,_,0.926478262405001
.,0,10000,ERD,0,.,64_PP,late,-66,12,-,_,0.937127544763551
.,0,10000,ERD,0,.,64_PP,late,-66,12,+,_,0.989004108425715
.,0,10000,ERD,0,.,64_PP,late,-65,12,-,_,0.99541659300329
.,0,10000,ERD,0,.,64_PP,late,-65,12,+,_,0.950461149103609
.,0,10000,ERD,0,.,64_PP,late,-64,12,-,_,1.01692024191397
.,0,10000,ERD,0,.,64_PP,late,-64,12,+,_,0.981261576010836
.,0,10000,ERD,0,.,64_PP,late,-63,12,-,_,0.994318605977659
.,0,10000,ERD,0,.,64_PP,late,-63,12,+,_,0.964144481835867
.,0,10000,ERD,0,.,64_PP,late,-62,12,-,_,0.973673497148147
.,0,10000,ERD,0,.,64_PP,late,-62,12,+,_,0.954665235052267
.,0,10000,ERD,0,.,64_PP,late,-61,12,-,_,1.00908602554895
.,0,10000,ERD,0,.,64_PP,late,-61,12,+,_,0.975995685408829
.,0,10000,ERD,0,.,64_PP,late,-60,12,-,_,1.02572738744668
.,0,10000,ERD,0,.,64_PP,late,-60,12,+,_,0.965821230378927
.,0,10000,ERD,0,.,64_PP,late,-59,12,-,_,0.951761878457771
.,0,10000,ERD,0,.,64_PP,late,-59,12,+,_,0.972652213160458
.,0,10000,ERD,0,.,64_PP,late,-58,12,-,_,0.964584230782708
.,0,10000,ERD,0,.,64_PP,late,-58,12,+,_,0.961584683584534
.,0,10000,ERD,0,.,64_PP,late,-57,12,-,_,0.948665771029107
.,0,10000,ERD,0,.,64_PP,late,-57,12,+,_,0.940104313400022
.,0,10000,ERD,0,.,64_PP,late,-56,12,-,_,0.94743676102189
.,0,10000,ERD,0,.,64_PP,late,-56,12,+,_,0.927866682013895
.,0,10000,ERD,0,.,64_PP,late,-55,12,-,_,1.0300118856518
.,0,10000,ERD,0,.,64_PP,late,-55,12,+,_,0.956034549747016
.,0,10000,ERD,0,.,64_PP,late,-54,12,-,_,1.03509753294434
.,0,10000,ERD,0,.,64_PP,late,-54,12,+,_,0.934554416687439
.,0,10000,ERD,0,.,64_PP,late,-53,12,-,_,0.973097682193844
.,0,10000,ERD,0,.,64_PP,late,-53,12,+,_,0.912971120652711
.,0,10000,ERD,0,.,64_PP,late,-52,12,-,_,0.958540113753998
.,0,10000,ERD,0,.,64_PP,late,-52,12,+,_,0.994323122989024
.,0,10000,ERD,0,.,64_PP,late,-51,12,-,_,0.953133099430676
.,0,10000,ERD,0,.,64_PP,late,-51,12,+,_,1.01806707722633
.,0,10000,ERD,0,.,64_PP,late,-50,12,-,_,0.993363258804529
.,0,10000,ERD,0,.,64_PP,late,-50,12,+,_,0.975244538628315
.,0,10000,ERD,0,.,64_PP,late,-49,12,-,_,0.976634254144037
.,0,10000,ERD,0,.,64_PP,late,-49,12,+,_,0.978686181429246
.,0,10000,ERD,0,.,64_PP,late,-48,12,-,_,1.02629820736982
.,0,10000,ERD,0,.,64_PP,late,-48,12,+,_,0.962585910702413
.,0,10000,ERD,0,.,64_PP,late,-47,12,-,_,1.01850633812761
.,0,10000,ERD,0,.,64_PP,late,-47,12,+,_,0.983748942693264
.,0,10000,ERD,0,.,64_PP,late,-46,12,-,_,0.999472928542059
.,0,10000,ERD,0,.,64_PP,late,-46,12,+,_,0.948191876665408
.,0,10000,ERD,0,.,64_PP,late,-45,12,-,_,0.965079442798676
.,0,10000,ERD,0,.,64_PP,late,-45,12,+,_,0.954688486886027
.,0,10000,ERD,0,.,64_PP,late,-44,12,-,_,0.965617121013733
.,0,10000,ERD,0,.,64_PP,late,-44,12,+,_,0.92818043288179
.,0,10000,ERD,0,.,64_PP,late,-43,12,-,_,0.997252413702041
.,0,10000,ERD,0,.,64_PP,late,-43,12,+,_,1.00577312081301
.,0,10000,ERD,0,.,64_PP,late,-42,12,-,_,0.958106799108566
.,0,10000,ERD,0,.,64_PP,late,-42,12,+,_,0.931256608162224
.,0,10000,ERD,0,.,64_PP,late,-41,12,-,_,1.02075605807213
.,0,10000,ERD,0,.,64_PP,late,-41,12,+,_,1.01328986073437
.,0,10000,ERD,0,.,64_PP,late,-40,12,-,_,0.988528583643467
.,0,10000,ERD,0,.,64_PP,late,-40,12,+,_,1.05674657579578
.,0,10000,ERD,0,.,64_PP,late,-39,12,-,_,0.995480494796748
.,0,10000,ERD,0,.,64_PP,late,-39,12,+,_,0.978295496455737
.,0,10000,ERD,0,.,64_PP,late,-38,12,-,_,0.969732116117711
.,0,10000,ERD,0,.,64_PP,late,-38,12,+,_,0.988931904462679
.,0,10000,ERD,0,.,64_PP,late,-37,12,-,_,0.996655303042757
.,0,10000,ERD,0,.,64_PP,late,-37,12,+,_,0.977763529152189
.,0,10000,ERD,0,.,64_PP,late,-36,12,-,_,0.97585184595953
.,0,10000,ERD,0,.,64_PP,late,-36,12,+,_,0.93973043727375
.,0,10000,ERD,0,.,64_PP,late,-35,12,-,_,0.986949656059124
.,0,10000,ERD,0,.,64_PP,late,-35,12,+,_,1.0277574996893
.,0,10000,ERD,0,.,64_PP,late,-34,12,-,_,0.993896918848626
.,0,10000,ERD,0,.,64_PP,late,-34,12,+,_,0.968282876587741
.,0,10000,ERD,0,.,64_PP,late,-33,12,-,_,0.975398122509225
.,0,10000,ERD,0,.,64_PP,late,-33,12,+,_,0.936252007265749
.,0,10000,ERD,0,.,64_PP,late,-32,12,-,_,0.964270652638823
.,0,10000,ERD,0,.,64_PP,late,-32,12,+,_,0.96567950378504
.,0,10000,ERD,0,.,64_PP,late,-31,12,-,_,1.0026756874084
.,0,10000,ERD,0,.,64_PP,late,-31,12,+,_,0.97613789502473
.,0,10000,ERD,0,.,64_PP,late,-30,12,-,_,0.931952810862709
.,0,10000,ERD,0,.,64_PP,late,-30,12,+,_,0.976614029848919
.,0,10000,ERD,0,.,64_PP,late,-29,12,-,_,0.980529223742767
.,0,10000,ERD,0,.,64_PP,late,-29,12,+,_,0.976896252296456
.,0,10000,ERD,0,.,64_PP,late,-28,12,-,_,0.999396862457407
.,0,10000,ERD,0,.,64_PP,late,-28,12,+,_,1.01701293043992
.,0,10000,ERD,0,.,64_PP,late,-27,12,-,_,0.93584839625403
.,0,10000,ERD,0,.,64_PP,late,-27,12,+,_,0.936814860431091
.,0,10000,ERD,0,.,64_PP,late,-26,12,-,_,0.909573554612506
.,0,10000,ERD,0,.,64_PP,late,-26,12,+,_,0.928066963879079
.,0,10000,ERD,0,.,64_PP,late,-25,12,-,_,0.922084597389434
.,0,10000,ERD,0,.,64_PP,late,-25,12,+,_,0.957743769837406
.,0,10000,ERD,0,.,64_PP,late,-24,12,-,_,0.973129453589003
.,0,10000,ERD,0,.,64_PP,late,-24,12,+,_,0.963115823727159
.,0,10000,ERD,0,.,64_PP,late,-23,12,-,_,0.93792830828877
.,0,10000,ERD,0,.,64_PP,late,-23,12,+,_,0.933114541000359
.,0,10000,ERD,0,.,64_PP,late,-22,12,-,_,0.928336140313802
.,0,10000,ERD,0,.,64_PP,late,-22,12,+,_,0.987037956255611
.,0,10000,ERD,0,.,64_PP,late,-21,12,-,_,0.974604145608849
.,0,10000,ERD,0,.,64_PP,late,-21,12,+,_,0.93656465640711
.,0,10000,ERD,0,.,64_PP,late,-20,12,-,_,0.981662260151706
.,0,10000,ERD,0,.,64_PP,late,-20,12,+,_,0.978213113395347
.,0,10000,ERD,0,.,64_PP,late,-19,12,-,_,1.00414819939249
.,0,10000,ERD,0,.,64_PP,late,-19,12,+,_,0.950711315014675
.,0,10000,ERD,0,.,64_PP,late,-18,12,-,_,0.998020229749494
.,0,10000,ERD,0,.,64_PP,late,-18,12,+,_,0.941042014264382
.,0,10000,ERD,0,.,64_PP,late,-17,12,-,_,0.960210453948684
.,0,10000,ERD,0,.,64_PP,late,-17,12,+,_,0.895215401425466
.,0,10000,ERD,0,.,64_PP,late,-16,12,-,_,1.03951888394601
.,0,10000,ERD,0,.,64_PP,late,-16,12,+,_,0.965407514770118
.,0,10000,ERD,0,.,64_PP,late,-15,12,-,_,0.971536399710754
.,0,10000,ERD,0,.,64_PP,late,-15,12,+,_,0.962853168448292
.,0,10000,ERD,0,.,64_PP,late,-14,12,-,_,0.936448043001697
.,0,10000,ERD,0,.,64_PP,late,-14,12,+,_,0.962519463053518
.,0,10000,ERD,0,.,64_PP,late,-13,12,-,_,0.931259166695699
.,0,10000,ERD,0,.,64_PP,late,-13,12,+,_,0.969385517730614
.,0,10000,ERD,0,.,64_PP,late,-12,12,-,_,0.959061233989695
.,0,10000,ERD,0,.,64_PP,late,-12,12,+,_,0.941192825460115
.,0,10000,ERD,0,.,64_PP,late,-11,12,-,_,0.934324372741844
.,0,10000,ERD,0,.,64_PP,late,-11,12,+,_,0.961868109737427
.,0,10000,ERD,0,.,64_PP,late,-10,12,-,_,0.986140435295454
.,0,10000,ERD,0,.,64_PP,late,-10,12,+,_,0.920505138057161
.,0,10000,ERD,0,.,64_PP,late,-9,12,-,_,0.987920420236771
.,0,10000,ERD,0,.,64_PP,late,-9,12,+,_,0.958219603348134
.,0,10000,ERD,0,.,64_PP,late,-8,12,-,_,0.927292334304369
.,0,10000,ERD,0,.,64_PP,late,-8,12,+,_,0.907277078138858
.,0,10000,ERD,0,.,64_PP,late,-7,12,-,_,0.958443110146935
.,0,10000,ERD,0,.,64_PP,late,-7,12,+,_,0.96766616908924
.,0,10000,ERD,0,.,64_PP,late,-6,12,-,_,0.98038411022998
.,0,10000,ERD,0,.,64_PP,late,-6,12,+,_,0.945627151900002
.,0,10000,ERD,0,.,64_PP,late,-5,12,-,_,0.950799697060486
.,0,10000,ERD,0,.,64_PP,late,-5,12,+,_,0.914349149788633
.,0,10000,ERD,0,.,64_PP,late,-4,12,-,_,0.961706712273143
.,0,10000,ERD,0,.,64_PP,late,-4,12,+,_,0.956149659745077
.,0,10000,ERD,0,.,64_PP,late,-3,12,-,_,0.941940259384971
.,0,10000,ERD,0,.,64_PP,late,-3,12,+,_,0.911985509667458
.,0,10000,ERD,0,.,64_PP,late,-2,12,-,_,0.965387503308984
.,0,10000,ERD,0,.,64_PP,late,-2,12,+,_,0.935214741428662
.,0,10000,ERD,0,.,64_PP,late,-1,12,-,_,0.942977676706612
.,0,10000,ERD,0,.,64_PP,late,-1,12,+,_,0.884863426103882
.,0,10000,ERD,0,.,64_PP,late,0,12,-,_,0.948462542827128
.,0,10000,ERD,0,.,64_PP,late,0,12,+,_,0.958475154698158
.,0,10000,ERD,0,.,64_PP,late,1,12,-,_,0.951959736862566
.,0,10000,ERD,0,.,64_PP,late,1,12,+,_,0.938293980546633
.,0,10000,ERD,0,.,64_PP,late,2,12,-,_,0.962980073810732
.,0,10000,ERD,0,.,64_PP,late,2,12,+,_,0.950666407779725
.,0,10000,ERD,0,.,64_PP,late,3,12,-,_,0.924853134689017
.,0,10000,ERD,0,.,64_PP,late,3,12,+,_,0.947139878482807
.,0,10000,ERD,0,.,64_PP,late,4,12,-,_,0.952646317357909
.,0,10000,ERD,0,.,64_PP,late,4,12,+,_,0.937832848541571
.,0,10000,ERD,0,.,64_PP,late,5,12,-,_,0.945125602149634
.,0,10000,ERD,0,.,64_PP,late,5,12,+,_,0.925386554254901
.,0,10000,ERD,0,.,64_PP,late,6,12,-,_,0.930252609137945
.,0,10000,ERD,0,.,64_PP,late,6,12,+,_,0.917197454470612
.,0,10000,ERD,0,.,64_PP,late,7,12,-,_,0.911738711885164
.,0,10000,ERD,0,.,64_PP,late,7,12,+,_,0.962742685858683
.,0,10000,ERD,0,.,64_PP,late,8,12,-,_,0.93956517979062
.,0,10000,ERD,0,.,64_PP,late,8,12,+,_,0.947043328884212
.,0,10000,ERD,0,.,64_PP,late,9,12,-,_,0.884949702277244
.,0,10000,ERD,0,.,64_PP,late,9,12,+,_,0.962238363168228
.,0,10000,ERD,0,.,64_PP,late,10,12,-,_,0.955585978040794
.,0,10000,ERD,0,.,64_PP,late,10,12,+,_,0.966277480465546
.,0,10000,ERD,0,.,64_PP,late,11,12,-,_,0.934912493831386
.,0,10000,ERD,0,.,64_PP,late,11,12,+,_,0.993072656616993
.,0,10000,ERD,0,.,64_PP,late,12,12,-,_,0.941752891874437
.,0,10000,ERD,0,.,64_PP,late,12,12,+,_,0.875342170067138
.,0,10000,ERD,0,.,64_PP,late,13,12,-,_,0.915176337228385
.,0,10000,ERD,0,.,64_PP,late,13,12,+,_,0.930463505017033
.,0,10000,ERD,0,.,64_PP,late,14,12,-,_,0.923920834205567
.,0,10000,ERD,0,.,64_PP,late,14,12,+,_,0.937778972777652
.,0,10000,ERD,0,.,64_PP,late,15,12,-,_,0.972948217273789
.,0,10000,ERD,0,.,64_PP,late,15,12,+,_,0.969675353085471
.,0,10000,ERD,0,.,64_PP,late,16,12,-,_,0.909565191732376
.,0,10000,ERD,0,.,64_PP,late,16,12,+,_,0.914913936703446
.,0,10000,ERD,0,.,64_PP,late,17,12,-,_,0.922928103497757
.,0,10000,ERD,0,.,64_PP,late,17,12,+,_,0.909354148326549
.,0,10000,ERD,0,.,64_PP,late,18,12,-,_,0.919828475173862
.,0,10000,ERD,0,.,64_PP,late,18,12,+,_,0.916568229702373
.,0,10000,ERD,0,.,64_PP,late,19,12,-,_,0.898679220573588
.,0,10000,ERD,0,.,64_PP,late,19,12,+,_,0.930048259479143
.,0,10000,ERD,0,.,64_PP,late,20,12,-,_,0.921050955917275
.,0,10000,ERD,0,.,64_PP,late,20,12,+,_,0.881515414733242
.,0,10000,ERD,0,.,64_PP,late,21,12,-,_,0.848308013143974
.,0,10000,ERD,0,.,64_PP,late,21,12,+,_,0.915229119539349
.,0,10000,ERD,0,.,64_PP,late,22,12,-,_,0.959240183170606
.,0,10000,ERD,0,.,64_PP,late,22,12,+,_,0.942246382055726
.,0,10000,ERD,0,.,64_PP,late,23,12,-,_,0.868240236551055
.,0,10000,ERD,0,.,64_PP,late,23,12,+,_,0.920333852053455
.,0,10000,ERD,0,.,64_PP,late,24,12,-,_,0.915931161856408
.,0,10000,ERD,0,.,64_PP,late,24,12,+,_,0.958839205968358
.,0,10000,ERD,0,.,64_PP,late,25,12,-,_,0.976447531204613
.,0,10000,ERD,0,.,64_PP,late,25,12,+,_,0.989263776228713
.,0,10000,ERD,0,.,64_PP,late,26,12,-,_,0.98659676909412
.,0,10000,ERD,0,.,64_PP,late,26,12,+,_,0.980048738490329
.,0,10000,ERD,0,.,64_PP,late,27,12,-,_,0.976353636239351
.,0,10000,ERD,0,.,64_PP,late,27,12,+,_,0.951025595905397
.,0,10000,ERD,0,.,64_PP,late,28,12,-,_,0.886385606201514
.,0,10000,ERD,0,.,64_PP,late,28,12,+,_,0.934667572298022
.,0,10000,ERD,0,.,64_PP,late,29,12,-,_,0.885662504871801
.,0,10000,ERD,0,.,64_PP,late,29,12,+,_,0.920392960204354
.,0,10000,ERD,0,.,64_PP,late,30,12,-,_,0.914268764018081
.,0,10000,ERD,0,.,64_PP,late,30,12,+,_,0.974550505855759
.,0,10000,ERD,0,.,64_PP,late,31,12,-,_,0.938051691761463
.,0,10000,ERD,0,.,64_PP,late,31,12,+,_,1.01014090228969
.,0,10000,ERD,0,.,64_PP,late,32,12,-,_,0.969719239454044
.,0,10000,ERD,0,.,64_PP,late,32,12,+,_,0.995597758670561
.,0,10000,ERD,0,.,64_PP,late,33,12,-,_,0.990383246594427
.,0,10000,ERD,0,.,64_PP,late,33,12,+,_,1.0038319536524
.,0,10000,ERD,0,.,64_PP,late,34,12,-,_,0.982937531951663
.,0,10000,ERD,0,.,64_PP,late,34,12,+,_,0.9787178232475
.,0,10000,ERD,0,.,64_PP,late,35,12,-,_,1.02813184949803
.,0,10000,ERD,0,.,64_PP,late,35,12,+,_,1.06112650802993
.,0,10000,ERD,0,.,64_PP,late,36,12,-,_,0.999574737411364
.,0,10000,ERD,0,.,64_PP,late,36,12,+,_,0.954015221749989
.,0,10000,ERD,0,.,64_PP,late,37,12,-,_,0.941024196768103
.,0,10000,ERD,0,.,64_PP,late,37,12,+,_,0.970159312594966
.,0,10000,ERD,0,.,64_PP,late,38,12,-,_,0.949362568638444
.,0,10000,ERD,0,.,64_PP,late,38,12,+,_,0.998321871357174
.,0,10000,ERD,0,.,64_PP,late,39,12,-,_,0.967713094742338
.,0,10000,ERD,0,.,64_PP,late,39,12,+,_,0.970910770742914
.,0,10000,ERD,0,.,64_PP,late,40,12,-,_,0.991174824999113
.,0,10000,ERD,0,.,64_PP,late,40,12,+,_,1.01714103440379
.,0,10000,ERD,0,.,64_PP,late,41,12,-,_,0.933277315502615
.,0,10000,ERD,0,.,64_PP,late,41,12,+,_,0.910886903861527
.,0,10000,ERD,0,.,64_PP,late,42,12,-,_,0.937025047849588
.,0,10000,ERD,0,.,64_PP,late,42,12,+,_,0.977903930281148
.,0,10000,ERD,0,.,64_PP,late,43,12,-,_,0.993671606596605
.,0,10000,ERD,0,.,64_PP,late,43,12,+,_,0.974742889402558
.,0,10000,ERD,0,.,64_PP,late,44,12,-,_,0.982056947403883
.,0,10000,ERD,0,.,64_PP,late,44,12,+,_,0.978508899043121
.,0,10000,ERD,0,.,64_PP,late,45,12,-,_,1.02186563925878
.,0,10000,ERD,0,.,64_PP,late,45,12,+,_,1.01239492053066
.,0,10000,ERD,0,.,64_PP,late,46,12,-,_,1.01729192951814
.,0,10000,ERD,0,.,64_PP,late,46,12,+,_,0.986164722972221
.,0,10000,ERD,0,.,64_PP,late,47,12,-,_,0.983319852798814
.,0,10000,ERD,0,.,64_PP,late,47,12,+,_,1.02332270331481
.,0,10000,ERD,0,.,64_PP,late,48,12,-,_,0.994517068800039
.,0,10000,ERD,0,.,64_PP,late,48,12,+,_,1.06121366317989
.,0,10000,ERD,0,.,64_PP,late,49,12,-,_,0.976755509037542
.,0,10000,ERD,0,.,64_PP,late,49,12,+,_,1.00025787177754
.,0,10000,ERD,0,.,64_PP,late,50,12,-,_,1.00576265494568
.,0,10000,ERD,0,.,64_PP,late,50,12,+,_,0.979364885211757
.,0,10000,ERD,0,.,64_PP,late,51,12,-,_,0.944619993513033
.,0,10000,ERD,0,.,64_PP,late,51,12,+,_,0.991358827280816
.,0,10000,ERD,0,.,64_PP,late,52,12,-,_,0.944458341716329
.,0,10000,ERD,0,.,64_PP,late,52,12,+,_,1.04638673654356
.,0,10000,ERD,0,.,64_PP,late,53,12,-,_,0.961091841040045
.,0,10000,ERD,0,.,64_PP,late,53,12,+,_,1.03250009467599
.,0,10000,ERD,0,.,64_PP,late,54,12,-,_,1.00264340056232
.,0,10000,ERD,0,.,64_PP,late,54,12,+,_,0.974747700659913
.,0,10000,ERD,0,.,64_PP,late,55,12,-,_,0.973981326221506
.,0,10000,ERD,0,.,64_PP,late,55,12,+,_,0.991180696739549
.,0,10000,ERD,0,.,64_PP,late,56,12,-,_,0.973369616394963
.,0,10000,ERD,0,.,64_PP,late,56,12,+,_,1.01530172409768
.,0,10000,ERD,0,.,64_PP,late,57,12,-,_,0.987568242144468
.,0,10000,ERD,0,.,64_PP,late,57,12,+,_,1.02609466144701
.,0,10000,ERD,0,.,64_PP,late,58,12,-,_,0.948143745420727
.,0,10000,ERD,0,.,64_PP,late,58,12,+,_,1.06145276299051
.,0,10000,ERD,0,.,64_PP,late,59,12,-,_,0.930979218091476
.,0,10000,ERD,0,.,64_PP,late,59,12,+,_,1.03924215369817
.,0,10000,ERD,0,.,64_PP,late,60,12,-,_,1.01120978651622
.,0,10000,ERD,0,.,64_PP,late,60,12,+,_,1.0074204257878
.,0,10000,ERD,0,.,64_PP,late,61,12,-,_,0.946732027257264
.,0,10000,ERD,0,.,64_PP,late,61,12,+,_,0.961721503501569
.,0,10000,ERD,0,.,64_PP,late,62,12,-,_,0.958503892802537
.,0,10000,ERD,0,.,64_PP,late,62,12,+,_,1.00629166733566
.,0,10000,ERD,0,.,64_PP,late,63,12,-,_,0.957880147468901
.,0,10000,ERD,0,.,64_PP,late,63,12,+,_,0.961437406532823
.,0,10000,ERD,0,.,64_PP,late,64,12,-,_,1.0054413394787
.,0,10000,ERD,0,.,64_PP,late,64,12,+,_,1.01835594158515
.,0,10000,ERD,0,.,64_PP,late,65,12,-,_,0.969087038003517
.,0,10000,ERD,0,.,64_PP,late,65,12,+,_,0.948890754748771
.,0,10000,ERD,0,.,64_PP,late,66,12,-,_,0.90355299574411
.,0,10000,ERD,0,.,64_PP,late,66,12,+,_,0.989679503642597
.,0,10000,ERD,0,.,64_PP,late,67,12,-,_,0.982794156940126
.,0,10000,ERD,0,.,64_PP,late,67,12,+,_,0.999212354415214
.,0,10000,ERD,0,.,64_PP,late,68,12,-,_,1.00297747224529
.,0,10000,ERD,0,.,64_PP,late,68,12,+,_,0.98776019911539
.,0,10000,ERD,0,.,64_PP,late,69,12,-,_,0.989313379908033
.,0,10000,ERD,0,.,64_PP,late,69,12,+,_,0.971526200423335
.,0,10000,ERD,0,.,64_PP,late,70,12,-,_,0.935945282647306
.,0,10000,ERD,0,.,64_PP,late,70,12,+,_,1.00650451706985
.,0,10000,ERD,0,.,64_PP,late,71,12,-,_,0.954506721079263
.,0,10000,ERD,0,.,64_PP,late,71,12,+,_,0.999108096210052
.,0,10000,ERD,0,.,64_PP,late,72,12,-,_,0.955068928977669
.,0,10000,ERD,0,.,64_PP,late,72,12,+,_,0.956351079336585
.,0,10000,ERD,0,.,64_PP,late,73,12,-,_,0.961167001670488
.,0,10000,ERD,0,.,64_PP,late,73,12,+,_,0.962761003918177
.,0,10000,ERD,0,.,64_PP,late,74,12,-,_,0.931462078521669
.,0,10000,ERD,0,.,64_PP,late,74,12,+,_,1.0324951483674
.,0,10000,ERD,0,.,64_PP,late,75,12,-,_,0.988317600587748
.,0,10000,ERD,0,.,64_PP,late,75,12,+,_,1.04989943911038
.,0,10000,ERD,0,.,64_PP,late,76,12,-,_,1.0341642034453
.,0,10000,ERD,0,.,64_PP,late,76,12,+,_,1.0609693572461
.,0,10000,ERD,0,.,64_PP,late,77,12,-,_,0.997263864671413
.,0,10000,ERD,0,.,64_PP,late,77,12,+,_,1.02355672385174
.,0,10000,ERD,0,.,64_PP,late,78,12,-,_,0.967017054860732
.,0,10000,ERD,0,.,64_PP,late,78,12,+,_,0.983062806032497
.,0,10000,ERD,0,.,64_PP,late,79,12,-,_,0.973160236399739
.,0,10000,ERD,0,.,64_PP,late,79,12,+,_,0.979989645558576
.,0,10000,ERD,0,.,64_PP,late,80,12,-,_,0.962209698710233
.,0,10000,ERD,0,.,64_PP,late,80,12,+,_,1.03356896143178
.,0,10000,ERD,0,.,64_PP,late,81,12,-,_,0.973091863551617
.,0,10000,ERD,0,.,64_PP,late,81,12,+,_,1.01881638256767
.,0,10000,ERD,0,.,64_PP,late,82,12,-,_,0.947125797488898
.,0,10000,ERD,0,.,64_PP,late,82,12,+,_,0.994151576901312
.,0,10000,ERD,0,.,64_PP,late,83,12,-,_,0.98336895215332
.,0,10000,ERD,0,.,64_PP,late,83,12,+,_,1.01197067184891
.,0,10000,ERD,0,.,64_PP,late,84,12,-,_,0.988488484371376
.,0,10000,ERD,0,.,64_PP,late,84,12,+,_,0.949782988190538
.,0,10000,ERD,0,.,64_PP,late,85,12,-,_,1.02614863987177
.,0,10000,ERD,0,.,64_PP,late,85,12,+,_,1.03066453114624
.,0,10000,ERD,0,.,64_PP,late,86,12,-,_,1.00299734946879
.,0,10000,ERD,0,.,64_PP,late,86,12,+,_,1.02112035821279
.,0,10000,ERD,0,.,64_PP,late,87,12,-,_,0.932388524381325
.,0,10000,ERD,0,.,64_PP,late,87,12,+,_,1.05766534440219
.,0,10000,ERD,0,.,64_PP,late,88,12,-,_,1.01512591594359
.,0,10000,ERD,0,.,64_PP,late,88,12,+,_,0.973341528495346
.,0,10000,ERD,0,.,64_PP,late,89,12,-,_,0.993510987121313
.,0,10000,ERD,0,.,64_PP,late,89,12,+,_,0.995826942192644
.,0,10000,ERD,0,.,64_PP,late,90,12,-,_,1.04258270625211
.,0,10000,ERD,0,.,64_PP,late,90,12,+,_,1.05546737598964
.,0,10000,ERD,0,.,64_PP,late,91,12,-,_,0.955356072825891
.,0,10000,ERD,0,.,64_PP,late,91,12,+,_,1.0528687386929
.,0,10000,ERD,0,.,64_PP,late,92,12,-,_,1.00096188409562
.,0,10000,ERD,0,.,64_PP,late,92,12,+,_,1.02526662122366
.,0,10000,ERD,0,.,64_PP,late,93,12,-,_,1.01459013001008
.,0,10000,ERD,0,.,64_PP,late,93,12,+,_,1.017709418736
.,0,10000,ERD,0,.,64_PP,late,94,12,-,_,0.975654722440696
.,0,10000,ERD,0,.,64_PP,late,94,12,+,_,1.06336596220109
.,0,10000,ERD,0,.,64_PP,late,95,12,-,_,0.986329865149061
.,0,10000,ERD,0,.,64_PP,late,95,12,+,_,0.964410790944266
.,0,10000,ERD,0,.,64_PP,late,96,12,-,_,0.989715069928069
.,0,10000,ERD,0,.,64_PP,late,96,12,+,_,1.0716111276783
.,0,10000,ERD,0,.,64_PP,late,97,12,-,_,1.01047311581277
.,0,10000,ERD,0,.,64_PP,late,97,12,+,_,1.06180528104217
.,0,10000,ERD,0,.,64_PP,late,98,12,-,_,1.01890557486026
.,0,10000,ERD,0,.,64_PP,late,98,12,+,_,1.03140427170208
.,0,10000,ERD,0,.,64_PP,late,99,12,-,_,1.03909387518663
.,0,10000,ERD,0,.,64_PP,late,99,12,+,_,1.08920448771163
.,0,10000,ERD,0,.,64_PP,late,100,12,-,_,1.01661594124748
.,0,10000,ERD,0,.,64_PP,late,100,12,+,_,1.09055339687747
.,0,10000,ERD,0,.,CPD,early,-100,12,-,_,1.28767146418021
.,0,10000,ERD,0,.,CPD,early,-100,12,+,_,1.33318153450202
.,0,10000,ERD,0,.,CPD,early,-99,12,-,_,1.21945843259449
.,0,10000,ERD,0,.,CPD,early,-99,12,+,_,1.27998651894783
.,0,10000,ERD,0,.,CPD,early,-98,12,-,_,1.27839891591191
.,0,10000,ERD,0,.,CPD,early,-98,12,+,_,1.24304908158314
.,0,10000,ERD,0,.,CPD,early,-97,12,-,_,1.30306512202341
.,0,10000,ERD,0,.,CPD,early,-97,12,+,_,1.27415076895597
.,0,10000,ERD,0,.,CPD,early,-96,12,-,_,1.23377822558972
.,0,10000,ERD,0,.,CPD,early,-96,12,+,_,1.16949523494845
.,0,10000,ERD,0,.,CPD,early,-95,12,-,_,1.19798623575705
.,0,10000,ERD,0,.,CPD,early,-95,12,+,_,1.32614737724846
.,0,10000,ERD,0,.,CPD,early,-94,12,-,_,1.32078928189641
.,0,10000,ERD,0,.,CPD,early,-94,12,+,_,1.29577023363382
.,0,10000,ERD,0,.,CPD,early,-93,12,-,_,1.35789245275653
.,0,10000,ERD,0,.,CPD,early,-93,12,+,_,1.21706663652523
.,0,10000,ERD,0,.,CPD,early,-92,12,-,_,1.24160726399876
.,0,10000,ERD,0,.,CPD,early,-92,12,+,_,1.25930132692481
.,0,10000,ERD,0,.,CPD,early,-91,12,-,_,1.22567286383493
.,0,10000,ERD,0,.,CPD,early,-91,12,+,_,1.21466472018272
.,0,10000,ERD,0,.,CPD,early,-90,12,-,_,1.2271197465039
.,0,10000,ERD,0,.,CPD,early,-90,12,+,_,1.17356703300939
.,0,10000,ERD,0,.,CPD,early,-89,12,-,_,1.19123006543405
.,0,10000,ERD,0,.,CPD,early,-89,12,+,_,1.12416170615671
.,0,10000,ERD,0,.,CPD,early,-88,12,-,_,1.19326103056319
.,0,10000,ERD,0,.,CPD,early,-88,12,+,_,1.19306872886305
.,0,10000,ERD,0,.,CPD,early,-87,12,-,_,1.23966315089537
.,0,10000,ERD,0,.,CPD,early,-87,12,+,_,1.2818639277788
.,0,10000,ERD,0,.,CPD,early,-86,12,-,_,1.1866744676888
.,0,10000,ERD,0,.,CPD,early,-86,12,+,_,1.23532879906942
.,0,10000,ERD,0,.,CPD,early,-85,12,-,_,1.28582428774144
.,0,10000,ERD,0,.,CPD,early,-85,12,+,_,1.25885370167671
.,0,10000,ERD,0,.,CPD,early,-84,12,-,_,1.28728874064463
.,0,10000,ERD,0,.,CPD,early,-84,12,+,_,1.20261144306168
.,0,10000,ERD,0,.,CPD,early,-83,12,-,_,1.26251104880959
.,0,10000,ERD,0,.,CPD,early,-83,12,+,_,1.19707440672815
.,0,10000,ERD,0,.,CPD,early,-82,12,-,_,1.23528771415752
.,0,10000,ERD,0,.,CPD,early,-82,12,+,_,1.16408835546507
.,0,10000,ERD,0,.,CPD,early,-81,12,-,_,1.18163389899782
.,0,10000,ERD,0,.,CPD,early,-81,12,+,_,1.19420923452932
.,0,10000,ERD,0,.,CPD,early,-80,12,-,_,1.29064081230625
.,0,10000,ERD,0,.,CPD,early,-80,12,+,_,1.27541198844191
.,0,10000,ERD,0,.,CPD,early,-79,12,-,_,1.19582353048038
.,0,10000,ERD,0,.,CPD,early,-79,12,+,_,1.21246746291952
.,0,10000,ERD,0,.,CPD,early,-78,12,-,_,1.30703888320229
.,0,10000,ERD,0,.,CPD,early,-78,12,+,_,1.20249803206765
.,0,10000,ERD,0,.,CPD,early,-77,12,-,_,1.24023679381798
.,0,10000,ERD,0,.,CPD,early,-77,12,+,_,1.19673776513335
.,0,10000,ERD,0,.,CPD,early,-76,12,-,_,1.24523553809918
.,0,10000,ERD,0,.,CPD,early,-76,12,+,_,1.28742696388696
.,0,10000,ERD,0,.,CPD,early,-75,12,-,_,1.23497730748033
.,0,10000,ERD,0,.,CPD,early,-75,12,+,_,1.25652120394801
.,0,10000,ERD,0,.,CPD,early,-74,12,-,_,1.25691611054704
.,0,10000,ERD,0,.,CPD,early,-74,12,+,_,1.29756506020467
.,0,10000,ERD,0,.,CPD,early,-73,12,-,_,1.28661374774067
.,0,10000,ERD,0,.,CPD,early,-73,12,+,_,1.22716640647172
.,0,10000,ERD,0,.,CPD,early,-72,12,-,_,1.2828306398057
.,0,10000,ERD,0,.,CPD,early,-72,12,+,_,1.30802484799861
.,0,10000,ERD,0,.,CPD,early,-71,12,-,_,1.28571446690466
.,0,10000,ERD,0,.,CPD,early,-71,12,+,_,1.25234310769302
.,0,10000,ERD,0,.,CPD,early,-70,12,-,_,1.35191920269713
.,0,10000,ERD,0,.,CPD,early,-70,12,+,_,1.28601651138892
.,0,10000,ERD,0,.,CPD,early,-69,12,-,_,1.27944512203835
.,0,10000,ERD,0,.,CPD,early,-69,12,+,_,1.33762304827613
.,0,10000,ERD,0,.,CPD,early,-68,12,-,_,1.44281907260013
.,0,10000,ERD,0,.,CPD,early,-68,12,+,_,1.41352980100873
.,0,10000,ERD,0,.,CPD,early,-67,12,-,_,1.37214362151481
.,0,10000,ERD,0,.,CPD,early,-67,12,+,_,1.25358537347367
.,0,10000,ERD,0,.,CPD,early,-66,12,-,_,1.20843313736183
.,0,10000,ERD,0,.,CPD,early,-66,12,+,_,1.26561037179461
.,0,10000,ERD,0,.,CPD,early,-65,12,-,_,1.26941900983012
.,0,10000,ERD,0,.,CPD,early,-65,12,+,_,1.24789477113676
.,0,10000,ERD,0,.,CPD,early,-64,12,-,_,1.28499656291143
.,0,10000,ERD,0,.,CPD,early,-64,12,+,_,1.26481742715568
.,0,10000,ERD,0,.,CPD,early,-63,12,-,_,1.42474812115401
.,0,10000,ERD,0,.,CPD,early,-63,12,+,_,1.30579201581312
.,0,10000,ERD,0,.,CPD,early,-62,12,-,_,1.3251731167283
.,0,10000,ERD,0,.,CPD,early,-62,12,+,_,1.31212477506479
.,0,10000,ERD,0,.,CPD,early,-61,12,-,_,1.40629917125293
.,0,10000,ERD,0,.,CPD,early,-61,12,+,_,1.32182613431898
.,0,10000,ERD,0,.,CPD,early,-60,12,-,_,1.47564119513015
.,0,10000,ERD,0,.,CPD,early,-60,12,+,_,1.3569366810671
.,0,10000,ERD,0,.,CPD,early,-59,12,-,_,1.34519408536654
.,0,10000,ERD,0,.,CPD,early,-59,12,+,_,1.39839748504048
.,0,10000,ERD,0,.,CPD,early,-58,12,-,_,1.43142028253412
.,0,10000,ERD,0,.,CPD,early,-58,12,+,_,1.4321383728127
.,0,10000,ERD,0,.,CPD,early,-57,12,-,_,1.3555299880233
.,0,10000,ERD,0,.,CPD,early,-57,12,+,_,1.29765179177638
.,0,10000,ERD,0,.,CPD,early,-56,12,-,_,1.35157378742669
.,0,10000,ERD,0,.,CPD,early,-56,12,+,_,1.38926925221062
.,0,10000,ERD,0,.,CPD,early,-55,12,-,_,1.36175508150536
.,0,10000,ERD,0,.,CPD,early,-55,12,+,_,1.39459985821753
.,0,10000,ERD,0,.,CPD,early,-54,12,-,_,1.43228230351957
.,0,10000,ERD,0,.,CPD,early,-54,12,+,_,1.32766786761651
.,0,10000,ERD,0,.,CPD,early,-53,12,-,_,1.29589161055774
.,0,10000,ERD,0,.,CPD,early,-53,12,+,_,1.32850540777697
.,0,10000,ERD,0,.,CPD,early,-52,12,-,_,1.2974360308776
.,0,10000,ERD,0,.,CPD,early,-52,12,+,_,1.37786473761872
.,0,10000,ERD,0,.,CPD,early,-51,12,-,_,1.35518719186287
.,0,10000,ERD,0,.,CPD,early,-51,12,+,_,1.34544771736261
.,0,10000,ERD,0,.,CPD,early,-50,12,-,_,1.20380690344443
.,0,10000,ERD,0,.,CPD,early,-50,12,+,_,1.38526005513737
.,0,10000,ERD,0,.,CPD,early,-49,12,-,_,1.24516459403316
.,0,10000,ERD,0,.,CPD,early,-49,12,+,_,1.23568288777378
.,0,10000,ERD,0,.,CPD,early,-48,12,-,_,1.36488649079793
.,0,10000,ERD,0,.,CPD,early,-48,12,+,_,1.38295224107333
.,0,10000,ERD,0,.,CPD,early,-47,12,-,_,1.40850522304655
.,0,10000,ERD,0,.,CPD,early,-47,12,+,_,1.38052774309662
.,0,10000,ERD,0,.,CPD,early,-46,12,-,_,1.3915734488545
.,0,10000,ERD,0,.,CPD,early,-46,12,+,_,1.37660099567911
.,0,10000,ERD,0,.,CPD,early,-45,12,-,_,1.26571015106985
.,0,10000,ERD,0,.,CPD,early,-45,12,+,_,1.31215110835205
.,0,10000,ERD,0,.,CPD,early,-44,12,-,_,1.26611893344042
.,0,10000,ERD,0,.,CPD,early,-44,12,+,_,1.26259515460899
.,0,10000,ERD,0,.,CPD,early,-43,12,-,_,1.34946982347676
.,0,10000,ERD,0,.,CPD,early,-43,12,+,_,1.39557603409671
.,0,10000,ERD,0,.,CPD,early,-42,12,-,_,1.29050163306726
.,0,10000,ERD,0,.,CPD,early,-42,12,+,_,1.34605987711286
.,0,10000,ERD,0,.,CPD,early,-41,12,-,_,1.35440119689448
.,0,10000,ERD,0,.,CPD,early,-41,12,+,_,1.49343435515119
.,0,10000,ERD,0,.,CPD,early,-40,12,-,_,1.57161025758445
.,0,10000,ERD,0,.,CPD,early,-40,12,+,_,1.45884587566997
.,0,10000,ERD,0,.,CPD,early,-39,12,-,_,1.41943972532463
.,0,10000,ERD,0,.,CPD,early,-39,12,+,_,1.55828898881351
.,0,10000,ERD,0,.,CPD,early,-38,12,-,_,1.39854135887981
.,0,10000,ERD,0,.,CPD,early,-38,12,+,_,1.36537120533893
.,0,10000,ERD,0,.,CPD,early,-37,12,-,_,1.41823738483921
.,0,10000,ERD,0,.,CPD,early,-37,12,+,_,1.3502213815534
.,0,10000,ERD,0,.,CPD,early,-36,12,-,_,1.30876414210503
.,0,10000,ERD,0,.,CPD,early,-36,12,+,_,1.33997308832378
.,0,10000,ERD,0,.,CPD,early,-35,12,-,_,1.34928355504806
.,0,10000,ERD,0,.,CPD,early,-35,12,+,_,1.38216924908834
.,0,10000,ERD,0,.,CPD,early,-34,12,-,_,1.46084376407584
.,0,10000,ERD,0,.,CPD,early,-34,12,+,_,1.34578757796009
.,0,10000,ERD,0,.,CPD,early,-33,12,-,_,1.37957701541646
.,0,10000,ERD,0,.,CPD,early,-33,12,+,_,1.42114350312401
.,0,10000,ERD,0,.,CPD,early,-32,12,-,_,1.46051219689098
.,0,10000,ERD,0,.,CPD,early,-32,12,+,_,1.37613682589534
.,0,10000,ERD,0,.,CPD,early,-31,12,-,_,1.42235481542806
.,0,10000,ERD,0,.,CPD,early,-31,12,+,_,1.39220739639202
.,0,10000,ERD,0,.,CPD,early,-30,12,-,_,1.39458547150941
.,0,10000,ERD,0,.,CPD,early,-30,12,+,_,1.34237688597298
.,0,10000,ERD,0,.,CPD,early,-29,12,-,_,1.46472389052269
.,0,10000,ERD,0,.,CPD,early,-29,12,+,_,1.40758846457157
.,0,10000,ERD,0,.,CPD,early,-28,12,-,_,1.36889492566796
.,0,10000,ERD,0,.,CPD,early,-28,12,+,_,1.40136775617328
.,0,10000,ERD,0,.,CPD,early,-27,12,-,_,1.31786692056285
.,0,10000,ERD,0,.,CPD,early,-27,12,+,_,1.28496749409853
.,0,10000,ERD,0,.,CPD,early,-26,12,-,_,1.41571793700234
.,0,10000,ERD,0,.,CPD,early,-26,12,+,_,1.30504608353975
.,0,10000,ERD,0,.,CPD,early,-25,12,-,_,1.54926613351167
.,0,10000,ERD,0,.,CPD,early,-25,12,+,_,1.3640191347189
.,0,10000,ERD,0,.,CPD,early,-24,12,-,_,1.29061462565103
.,0,10000,ERD,0,.,CPD,early,-24,12,+,_,1.34534233209365
.,0,10000,ERD,0,.,CPD,early,-23,12,-,_,1.28705213655843
.,0,10000,ERD,0,.,CPD,early,-23,12,+,_,1.26494344763048
.,0,10000,ERD,0,.,CPD,early,-22,12,-,_,1.31250142741307
.,0,10000,ERD,0,.,CPD,early,-22,12,+,_,1.27478715813813
.,0,10000,ERD,0,.,CPD,early,-21,12,-,_,1.41343409058377
.,0,10000,ERD,0,.,CPD,early,-21,12,+,_,1.35805351132888
.,0,10000,ERD,0,.,CPD,early,-20,12,-,_,1.36839488290751
.,0,10000,ERD,0,.,CPD,early,-20,12,+,_,1.39049314188422
.,0,10000,ERD,0,.,CPD,early,-19,12,-,_,1.42851126237849
.,0,10000,ERD,0,.,CPD,early,-19,12,+,_,1.35068060475283
.,0,10000,ERD,0,.,CPD,early,-18,12,-,_,1.47342890887737
.,0,10000,ERD,0,.,CPD,early,-18,12,+,_,1.31942615251958
.,0,10000,ERD,0,.,CPD,early,-17,12,-,_,1.45821537021173
.,0,10000,ERD,0,.,CPD,early,-17,12,+,_,1.37836891824778
.,0,10000,ERD,0,.,CPD,early,-16,12,-,_,1.40962999370004
.,0,10000,ERD,0,.,CPD,early,-16,12,+,_,1.43747903534792
.,0,10000,ERD,0,.,CPD,early,-15,12,-,_,1.32233345654604
.,0,10000,ERD,0,.,CPD,early,-15,12,+,_,1.3843173249261
.,0,10000,ERD,0,.,CPD,early,-14,12,-,_,1.38385785797113
.,0,10000,ERD,0,.,CPD,early,-14,12,+,_,1.38327643550356
.,0,10000,ERD,0,.,CPD,early,-13,12,-,_,1.32354783722437
.,0,10000,ERD,0,.,CPD,early,-13,12,+,_,1.36266456641401
.,0,10000,ERD,0,.,CPD,early,-12,12,-,_,1.36572941136052
.,0,10000,ERD,0,.,CPD,early,-12,12,+,_,1.31766322311424
.,0,10000,ERD,0,.,CPD,early,-11,12,-,_,1.41008289702008
.,0,10000,ERD,0,.,CPD,early,-11,12,+,_,1.37561817395089
.,0,10000,ERD,0,.,CPD,early,-10,12,-,_,1.40707092036528
.,0,10000,ERD,0,.,CPD,early,-10,12,+,_,1.31331518788918
.,0,10000,ERD,0,.,CPD,early,-9,12,-,_,1.44371758664275
.,0,10000,ERD,0,.,CPD,early,-9,12,+,_,1.33676086941971
.,0,10000,ERD,0,.,CPD,early,-8,12,-,_,1.29356372045916
.,0,10000,ERD,0,.,CPD,early,-8,12,+,_,1.28481112139272
.,0,10000,ERD,0,.,CPD,early,-7,12,-,_,1.35126576403245
.,0,10000,ERD,0,.,CPD,early,-7,12,+,_,1.35996538345605
.,0,10000,ERD,0,.,CPD,early,-6,12,-,_,1.35729872461085
.,0,10000,ERD,0,.,CPD,early,-6,12,+,_,1.31784016136603
.,0,10000,ERD,0,.,CPD,early,-5,12,-,_,1.37491705444137
.,0,10000,ERD,0,.,CPD,early,-5,12,+,_,1.37389665043883
.,0,10000,ERD,0,.,CPD,early,-4,12,-,_,1.45818918343794
.,0,10000,ERD,0,.,CPD,early,-4,12,+,_,1.3311753217937
.,0,10000,ERD,0,.,CPD,early,-3,12,-,_,1.38452703008561
.,0,10000,ERD,0,.,CPD,early,-3,12,+,_,1.35033162778568
.,0,10000,ERD,0,.,CPD,early,-2,12,-,_,1.37135190096965
.,0,10000,ERD,0,.,CPD,early,-2,12,+,_,1.35523308318232
.,0,10000,ERD,0,.,CPD,early,-1,12,-,_,1.38399896371017
.,0,10000,ERD,0,.,CPD,early,-1,12,+,_,1.32560635301997
.,0,10000,ERD,0,.,CPD,early,0,12,-,_,1.35125008209042
.,0,10000,ERD,0,.,CPD,early,0,12,+,_,1.28436461498516
.,0,10000,ERD,0,.,CPD,early,1,12,-,_,1.33641196704349
.,0,10000,ERD,0,.,CPD,early,1,12,+,_,1.27869105949843
.,0,10000,ERD,0,.,CPD,early,2,12,-,_,1.24061857351779
.,0,10000,ERD,0,.,CPD,early,2,12,+,_,1.33358322091613
.,0,10000,ERD,0,.,CPD,early,3,12,-,_,1.39998521151624
.,0,10000,ERD,0,.,CPD,early,3,12,+,_,1.35415666253494
.,0,10000,ERD,0,.,CPD,early,4,12,-,_,1.2722107233555
.,0,10000,ERD,0,.,CPD,early,4,12,+,_,1.24736189009348
.,0,10000,ERD,0,.,CPD,early,5,12,-,_,1.4570953551553
.,0,10000,ERD,0,.,CPD,early,5,12,+,_,1.40504084178858
.,0,10000,ERD,0,.,CPD,early,6,12,-,_,1.33225983366159
.,0,10000,ERD,0,.,CPD,early,6,12,+,_,1.30354755841463
.,0,10000,ERD,0,.,CPD,early,7,12,-,_,1.35981835607157
.,0,10000,ERD,0,.,CPD,early,7,12,+,_,1.38648202523592
.,0,10000,ERD,0,.,CPD,early,8,12,-,_,1.39847462104779
.,0,10000,ERD,0,.,CPD,early,8,12,+,_,1.3933621664726
.,0,10000,ERD,0,.,CPD,early,9,12,-,_,1.37570358710539
.,0,10000,ERD,0,.,CPD,early,9,12,+,_,1.45908905127338
.,0,10000,ERD,0,.,CPD,early,10,12,-,_,1.44701501638839
.,0,10000,ERD,0,.,CPD,early,10,12,+,_,1.33265106327086
.,0,10000,ERD,0,.,CPD,early,11,12,-,_,1.36295297733054
.,0,10000,ERD,0,.,CPD,early,11,12,+,_,1.41749574707812
.,0,10000,ERD,0,.,CPD,early,12,12,-,_,1.36704199882508
.,0,10000,ERD,0,.,CPD,early,12,12,+,_,1.33833428274484
.,0,10000,ERD,0,.,CPD,early,13,12,-,_,1.31179687084682
.,0,10000,ERD,0,.,CPD,early,13,12,+,_,1.39032544967857
.,0,10000,ERD,0,.,CPD,early,14,12,-,_,1.36487942176517
.,0,10000,ERD,0,.,CPD,early,14,12,+,_,1.33564839268324
.,0,10000,ERD,0,.,CPD,early,15,12,-,_,1.3338077738551
.,0,10000,ERD,0,.,CPD,early,15,12,+,_,1.44841682387499
.,0,10000,ERD,0,.,CPD,early,16,12,-,_,1.33041790059395
.,0,10000,ERD,0,.,CPD,early,16,12,+,_,1.26692064528856
.,0,10000,ERD,0,.,CPD,early,17,12,-,_,1.2899723504426
.,0,10000,ERD,0,.,CPD,early,17,12,+,_,1.22085728042703
.,0,10000,ERD,0,.,CPD,early,18,12,-,_,1.36395823459956
.,0,10000,ERD,0,.,CPD,early,18,12,+,_,1.19680567217089
.,0,10000,ERD,0,.,CPD,early,19,12,-,_,1.27847827617886
.,0,10000,ERD,0,.,CPD,early,19,12,+,_,1.31468755201677
.,0,10000,ERD,0,.,CPD,early,20,12,-,_,1.32431356185376
.,0,10000,ERD,0,.,CPD,early,20,12,+,_,1.32198418257502
.,0,10000,ERD,0,.,CPD,early,21,12,-,_,1.29872094146442
.,0,10000,ERD,0,.,CPD,early,21,12,+,_,1.2517562299648
.,0,10000,ERD,0,.,CPD,early,22,12,-,_,1.29560212526723
.,0,10000,ERD,0,.,CPD,early,22,12,+,_,1.34354766809308
.,0,10000,ERD,0,.,CPD,early,23,12,-,_,1.26122879372193
.,0,10000,ERD,0,.,CPD,early,23,12,+,_,1.24852981861656
.,0,10000,ERD,0,.,CPD,early,24,12,-,_,1.33965678185891
.,0,10000,ERD,0,.,CPD,early,24,12,+,_,1.35024985830584
.,0,10000,ERD,0,.,CPD,early,25,12,-,_,1.31043844250219
.,0,10000,ERD,0,.,CPD,early,25,12,+,_,1.32811258637623
.,0,10000,ERD,0,.,CPD,early,26,12,-,_,1.39639993454878
.,0,10000,ERD,0,.,CPD,early,26,12,+,_,1.37384626870745
.,0,10000,ERD,0,.,CPD,early,27,12,-,_,1.37055953783994
.,0,10000,ERD,0,.,CPD,early,27,12,+,_,1.33513971407672
.,0,10000,ERD,0,.,CPD,early,28,12,-,_,1.26978538892752
.,0,10000,ERD,0,.,CPD,early,28,12,+,_,1.37662445782606
.,0,10000,ERD,0,.,CPD,early,29,12,-,_,1.30056182209489
.,0,10000,ERD,0,.,CPD,early,29,12,+,_,1.25314940570368
.,0,10000,ERD,0,.,CPD,early,30,12,-,_,1.30280768918584
.,0,10000,ERD,0,.,CPD,early,30,12,+,_,1.27165526387157
.,0,10000,ERD,0,.,CPD,early,31,12,-,_,1.37641014160715
.,0,10000,ERD,0,.,CPD,early,31,12,+,_,1.38152827394414
.,0,10000,ERD,0,.,CPD,early,32,12,-,_,1.46421432422295
.,0,10000,ERD,0,.,CPD,early,32,12,+,_,1.40135143759202
.,0,10000,ERD,0,.,CPD,early,33,12,-,_,1.43488130704983
.,0,10000,ERD,0,.,CPD,early,33,12,+,_,1.34731414131091
.,0,10000,ERD,0,.,CPD,early,34,12,-,_,1.39017118792338
.,0,10000,ERD,0,.,CPD,early,34,12,+,_,1.33673326690019
.,0,10000,ERD,0,.,CPD,early,35,12,-,_,1.51695675266318
.,0,10000,ERD,0,.,CPD,early,35,12,+,_,1.37259756277998
.,0,10000,ERD,0,.,CPD,early,36,12,-,_,1.49305631840515
.,0,10000,ERD,0,.,CPD,early,36,12,+,_,1.43579514026529
.,0,10000,ERD,0,.,CPD,early,37,12,-,_,1.43951042418674
.,0,10000,ERD,0,.,CPD,early,37,12,+,_,1.39065792148091
.,0,10000,ERD,0,.,CPD,early,38,12,-,_,1.38043411867759
.,0,10000,ERD,0,.,CPD,early,38,12,+,_,1.41433666098877
.,0,10000,ERD,0,.,CPD,early,39,12,-,_,1.26698798926262
.,0,10000,ERD,0,.,CPD,early,39,12,+,_,1.49536889604514
.,0,10000,ERD,0,.,CPD,early,40,12,-,_,1.46872742108398
.,0,10000,ERD,0,.,CPD,early,40,12,+,_,1.37230406902367
.,0,10000,ERD,0,.,CPD,early,41,12,-,_,1.23173917910091
.,0,10000,ERD,0,.,CPD,early,41,12,+,_,1.24208479554516
.,0,10000,ERD,0,.,CPD,early,42,12,-,_,1.33980332071844
.,0,10000,ERD,0,.,CPD,early,42,12,+,_,1.52880274249344
.,0,10000,ERD,0,.,CPD,early,43,12,-,_,1.35649773154438
.,0,10000,ERD,0,.,CPD,early,43,12,+,_,1.40366171125846
.,0,10000,ERD,0,.,CPD,early,44,12,-,_,1.33737860461336
.,0,10000,ERD,0,.,CPD,early,44,12,+,_,1.38472851749634
.,0,10000,ERD,0,.,CPD,early,45,12,-,_,1.37772397837548
.,0,10000,ERD,0,.,CPD,early,45,12,+,_,1.42583855825417
.,0,10000,ERD,0,.,CPD,early,46,12,-,_,1.36550138558073
.,0,10000,ERD,0,.,CPD,early,46,12,+,_,1.39728507167541
.,0,10000,ERD,0,.,CPD,early,47,12,-,_,1.41581535208939
.,0,10000,ERD,0,.,CPD,early,47,12,+,_,1.41191683630006
.,0,10000,ERD,0,.,CPD,early,48,12,-,_,1.29052828179811
.,0,10000,ERD,0,.,CPD,early,48,12,+,_,1.43021027084622
.,0,10000,ERD,0,.,CPD,early,49,12,-,_,1.39720428482441
.,0,10000,ERD,0,.,CPD,early,49,12,+,_,1.43250260529876
.,0,10000,ERD,0,.,CPD,early,50,12,-,_,1.34977297855436
.,0,10000,ERD,0,.,CPD,early,50,12,+,_,1.44365969156981
.,0,10000,ERD,0,.,CPD,early,51,12,-,_,1.3812731650609
.,0,10000,ERD,0,.,CPD,early,51,12,+,_,1.28954845314167
.,0,10000,ERD,0,.,CPD,early,52,12,-,_,1.41224567275039
.,0,10000,ERD,0,.,CPD,early,52,12,+,_,1.39674626721005
.,0,10000,ERD,0,.,CPD,early,53,12,-,_,1.34413583377153
.,0,10000,ERD,0,.,CPD,early,53,12,+,_,1.33244072032763
.,0,10000,ERD,0,.,CPD,early,54,12,-,_,1.26646008164984
.,0,10000,ERD,0,.,CPD,early,54,12,+,_,1.34680245276824
.,0,10000,ERD,0,.,CPD,early,55,12,-,_,1.39473195992729
.,0,10000,ERD,0,.,CPD,early,55,12,+,_,1.4251634638262
.,0,10000,ERD,0,.,CPD,early,56,12,-,_,1.35530760969868
.,0,10000,ERD,0,.,CPD,early,56,12,+,_,1.37952153418106
.,0,10000,ERD,0,.,CPD,early,57,12,-,_,1.45198322063448
.,0,10000,ERD,0,.,CPD,early,57,12,+,_,1.38413820698876
.,0,10000,ERD,0,.,CPD,early,58,12,-,_,1.4437496358797
.,0,10000,ERD,0,.,CPD,early,58,12,+,_,1.37193441902074
.,0,10000,ERD,0,.,CPD,early,59,12,-,_,1.33327134302938
.,0,10000,ERD,0,.,CPD,early,59,12,+,_,1.38685345803943
.,0,10000,ERD,0,.,CPD,early,60,12,-,_,1.33403100146097
.,0,10000,ERD,0,.,CPD,early,60,12,+,_,1.39656309414579
.,0,10000,ERD,0,.,CPD,early,61,12,-,_,1.28464820330166
.,0,10000,ERD,0,.,CPD,early,61,12,+,_,1.37289173862141
.,0,10000,ERD,0,.,CPD,early,62,12,-,_,1.36424727097009
.,0,10000,ERD,0,.,CPD,early,62,12,+,_,1.41116371126213
.,0,10000,ERD,0,.,CPD,early,63,12,-,_,1.28159237503486
.,0,10000,ERD,0,.,CPD,early,63,12,+,_,1.32021345556659
.,0,10000,ERD,0,.,CPD,early,64,12,-,_,1.37007675087835
.,0,10000,ERD,0,.,CPD,early,64,12,+,_,1.34890348351855
.,0,10000,ERD,0,.,CPD,early,65,12,-,_,1.28447471044075
.,0,10000,ERD,0,.,CPD,early,65,12,+,_,1.30387257086206
.,0,10000,ERD,0,.,CPD,early,66,12,-,_,1.20826848808172
.,0,10000,ERD,0,.,CPD,early,66,12,+,_,1.20891485228098
.,0,10000,ERD,0,.,CPD,early,67,12,-,_,1.37951316865698
.,0,10000,ERD,0,.,CPD,early,67,12,+,_,1.38059051896365
.,0,10000,ERD,0,.,CPD,early,68,12,-,_,1.31706577239334
.,0,10000,ERD,0,.,CPD,early,68,12,+,_,1.25471603207653
.,0,10000,ERD,0,.,CPD,early,69,12,-,_,1.25726174601617
.,0,10000,ERD,0,.,CPD,early,69,12,+,_,1.20570937466097
.,0,10000,ERD,0,.,CPD,early,70,12,-,_,1.19333723320373
.,0,10000,ERD,0,.,CPD,early,70,12,+,_,1.23857126701196
.,0,10000,ERD,0,.,CPD,early,71,12,-,_,1.31976141052694
.,0,10000,ERD,0,.,CPD,early,71,12,+,_,1.25335763816123
.,0,10000,ERD,0,.,CPD,early,72,12,-,_,1.26807087286457
.,0,10000,ERD,0,.,CPD,early,72,12,+,_,1.20990562592552
.,0,10000,ERD,0,.,CPD,early,73,12,-,_,1.25495782069346
.,0,10000,ERD,0,.,CPD,early,73,12,+,_,1.16976264448455
.,0,10000,ERD,0,.,CPD,early,74,12,-,_,1.14791345004439
.,0,10000,ERD,0,.,CPD,early,74,12,+,_,1.24679379907061
.,0,10000,ERD,0,.,CPD,early,75,12,-,_,1.16058747246428
.,0,10000,ERD,0,.,CPD,early,75,12,+,_,1.30856325640366
.,0,10000,ERD,0,.,CPD,early,76,12,-,_,1.34963809730779
.,0,10000,ERD,0,.,CPD,early,76,12,+,_,1.37133512459693
.,0,10000,ERD,0,.,CPD,early,77,12,-,_,1.21236352245169
.,0,10000,ERD,0,.,CPD,early,77,12,+,_,1.30591017062142
.,0,10000,ERD,0,.,CPD,early,78,12,-,_,1.08632602654973
.,0,10000,ERD,0,.,CPD,early,78,12,+,_,1.14006406123653
.,0,10000,ERD,0,.,CPD,early,79,12,-,_,1.21206067743923
.,0,10000,ERD,0,.,CPD,early,79,12,+,_,1.22488044549609
.,0,10000,ERD,0,.,CPD,early,80,12,-,_,1.20805284459853
.,0,10000,ERD,0,.,CPD,early,80,12,+,_,1.30560067869351
.,0,10000,ERD,0,.,CPD,early,81,12,-,_,1.33769621932008
.,0,10000,ERD,0,.,CPD,early,81,12,+,_,1.32571508009155
.,0,10000,ERD,0,.,CPD,early,82,12,-,_,1.18197291156248
.,0,10000,ERD,0,.,CPD,early,82,12,+,_,1.15148713101686
.,0,10000,ERD,0,.,CPD,early,83,12,-,_,1.2371797076634
.,0,10000,ERD,0,.,CPD,early,83,12,+,_,1.24002905831685
.,0,10000,ERD,0,.,CPD,early,84,12,-,_,1.2472406979432
.,0,10000,ERD,0,.,CPD,early,84,12,+,_,1.24018450451468
.,0,10000,ERD,0,.,CPD,early,85,12,-,_,1.24921783852996
.,0,10000,ERD,0,.,CPD,early,85,12,+,_,1.25785086575279
.,0,10000,ERD,0,.,CPD,early,86,12,-,_,1.12826653550174
.,0,10000,ERD,0,.,CPD,early,86,12,+,_,1.24078507320525
.,0,10000,ERD,0,.,CPD,early,87,12,-,_,1.10911383324178
.,0,10000,ERD,0,.,CPD,early,87,12,+,_,1.1451493106663
.,0,10000,ERD,0,.,CPD,early,88,12,-,_,1.26920899505554
.,0,10000,ERD,0,.,CPD,early,88,12,+,_,1.15889082868255
.,0,10000,ERD,0,.,CPD,early,89,12,-,_,1.13302298116234
.,0,10000,ERD,0,.,CPD,early,89,12,+,_,1.1346704255134
.,0,10000,ERD,0,.,CPD,early,90,12,-,_,1.20339713198967
.,0,10000,ERD,0,.,CPD,early,90,12,+,_,1.23843188186239
.,0,10000,ERD,0,.,CPD,early,91,12,-,_,1.27460728195839
.,0,10000,ERD,0,.,CPD,early,91,12,+,_,1.22609273090535
.,0,10000,ERD,0,.,CPD,early,92,12,-,_,1.29332575738429
.,0,10000,ERD,0,.,CPD,early,92,12,+,_,1.17724757289705
.,0,10000,ERD,0,.,CPD,early,93,12,-,_,1.34346236946145
.,0,10000,ERD,0,.,CPD,early,93,12,+,_,1.1951051512669
.,0,10000,ERD,0,.,CPD,early,94,12,-,_,1.18281885459661
.,0,10000,ERD,0,.,CPD,early,94,12,+,_,1.16081500315418
.,0,10000,ERD,0,.,CPD,early,95,12,-,_,1.15708879810604
.,0,10000,ERD,0,.,CPD,early,95,12,+,_,1.21712633840688
.,0,10000,ERD,0,.,CPD,early,96,12,-,_,1.15875594807685
.,0,10000,ERD,0,.,CPD,early,96,12,+,_,1.16376093475336
.,0,10000,ERD,0,.,CPD,early,97,12,-,_,1.20385926395102
.,0,10000,ERD,0,.,CPD,early,97,12,+,_,1.20247901763323
.,0,10000,ERD,0,.,CPD,early,98,12,-,_,1.24923552181967
.,0,10000,ERD,0,.,CPD,early,98,12,+,_,1.25299451416111
.,0,10000,ERD,0,.,CPD,early,99,12,-,_,1.31244101377588
.,0,10000,ERD,0,.,CPD,early,99,12,+,_,1.24715543985573
.,0,10000,ERD,0,.,CPD,early,100,12,-,_,1.29531872403573
.,0,10000,ERD,0,.,CPD,early,100,12,+,_,1.30308992478417
.,0,10000,ERD,0,.,CPD,late,-100,12,-,_,1.14717714458712
.,0,10000,ERD,0,.,CPD,late,-100,12,+,_,1.15620364104845
.,0,10000,ERD,0,.,CPD,late,-99,12,-,_,1.08998102174271
.,0,10000,ERD,0,.,CPD,late,-99,12,+,_,1.16922418730371
.,0,10000,ERD,0,.,CPD,late,-98,12,-,_,1.09106942387241
.,0,10000,ERD,0,.,CPD,late,-98,12,+,_,1.18057384608457
.,0,10000,ERD,0,.,CPD,late,-97,12,-,_,1.09544510108864
.,0,10000,ERD,0,.,CPD,late,-97,12,+,_,1.16283512438634
.,0,10000,ERD,0,.,CPD,late,-96,12,-,_,1.10806900009984
.,0,10000,ERD,0,.,CPD,late,-96,12,+,_,1.11093949587936
.,0,10000,ERD,0,.,CPD,late,-95,12,-,_,1.087653089311
.,0,10000,ERD,0,.,CPD,late,-95,12,+,_,1.14793362018526
.,0,10000,ERD,0,.,CPD,late,-94,12,-,_,1.2194094081771
.,0,10000,ERD,0,.,CPD,late,-94,12,+,_,1.24045571235471
.,0,10000,ERD,0,.,CPD,late,-93,12,-,_,1.19100867935352
.,0,10000,ERD,0,.,CPD,late,-93,12,+,_,1.15720537293983
.,0,10000,ERD,0,.,CPD,late,-92,12,-,_,1.15251158118186
.,0,10000,ERD,0,.,CPD,late,-92,12,+,_,1.15531851696752
.,0,10000,ERD,0,.,CPD,late,-91,12,-,_,1.1001449109403
.,0,10000,ERD,0,.,CPD,late,-91,12,+,_,1.13242687764658
.,0,10000,ERD,0,.,CPD,late,-90,12,-,_,1.06638451443187
.,0,10000,ERD,0,.,CPD,late,-90,12,+,_,1.07620926284318
.,0,10000,ERD,0,.,CPD,late,-89,12,-,_,1.0794099970537
.,0,10000,ERD,0,.,CPD,late,-89,12,+,_,1.06315498442403
.,0,10000,ERD,0,.,CPD,late,-88,12,-,_,1.06827564880074
.,0,10000,ERD,0,.,CPD,late,-88,12,+,_,1.03113918246278
.,0,10000,ERD,0,.,CPD,late,-87,12,-,_,1.13986128603775
.,0,10000,ERD,0,.,CPD,late,-87,12,+,_,1.15532681595585
.,0,10000,ERD,0,.,CPD,late,-86,12,-,_,1.08396253260324
.,0,10000,ERD,0,.,CPD,late,-86,12,+,_,1.10286994224515
.,0,10000,ERD,0,.,CPD,late,-85,12,-,_,1.1031703952543
.,0,10000,ERD,0,.,CPD,late,-85,12,+,_,1.0584160227559
.,0,10000,ERD,0,.,CPD,late,-84,12,-,_,1.13119256253575
.,0,10000,ERD,0,.,CPD,late,-84,12,+,_,1.12390038179384
.,0,10000,ERD,0,.,CPD,late,-83,12,-,_,1.11422805591748
.,0,10000,ERD,0,.,CPD,late,-83,12,+,_,1.06007808161516
.,0,10000,ERD,0,.,CPD,late,-82,12,-,_,1.08104667801661
.,0,10000,ERD,0,.,CPD,late,-82,12,+,_,1.07448900967815
.,0,10000,ERD,0,.,CPD,late,-81,12,-,_,1.08104090100706
.,0,10000,ERD,0,.,CPD,late,-81,12,+,_,1.06662205291865
.,0,10000,ERD,0,.,CPD,late,-80,12,-,_,1.13182876688374
.,0,10000,ERD,0,.,CPD,late,-80,12,+,_,1.14097233757059
.,0,10000,ERD,0,.,CPD,late,-79,12,-,_,1.05132455503606
.,0,10000,ERD,0,.,CPD,late,-79,12,+,_,1.10869857561036
.,0,10000,ERD,0,.,CPD,late,-78,12,-,_,1.17067200607126
.,0,10000,ERD,0,.,CPD,late,-78,12,+,_,1.1363903405705
.,0,10000,ERD,0,.,CPD,late,-77,12,-,_,1.15972634129382
.,0,10000,ERD,0,.,CPD,late,-77,12,+,_,1.04702956628574
.,0,10000,ERD,0,.,CPD,late,-76,12,-,_,1.08204931140992
.,0,10000,ERD,0,.,CPD,late,-76,12,+,_,1.18212056005016
.,0,10000,ERD,0,.,CPD,late,-75,12,-,_,1.00211831256903
.,0,10000,ERD,0,.,CPD,late,-75,12,+,_,1.09047038347523
.,0,10000,ERD,0,.,CPD,late,-74,12,-,_,1.11660309329842
.,0,10000,ERD,0,.,CPD,late,-74,12,+,_,1.1990150178605
.,0,10000,ERD,0,.,CPD,late,-73,12,-,_,1.11756299734107
.,0,10000,ERD,0,.,CPD,late,-73,12,+,_,1.1215465788694
.,0,10000,ERD,0,.,CPD,late,-72,12,-,_,1.12060581597025
.,0,10000,ERD,0,.,CPD,late,-72,12,+,_,1.11608414632101
.,0,10000,ERD,0,.,CPD,late,-71,12,-,_,1.15469364018163
.,0,10000,ERD,0,.,CPD,late,-71,12,+,_,1.19051338935184
.,0,10000,ERD,0,.,CPD,late,-70,12,-,_,1.23747186523905
.,0,10000,ERD,0,.,CPD,late,-70,12,+,_,1.2030409058861
.,0,10000,ERD,0,.,CPD,late,-69,12,-,_,1.2500999214623
.,0,10000,ERD,0,.,CPD,late,-69,12,+,_,1.15080812149149
.,0,10000,ERD,0,.,CPD,late,-68,12,-,_,1.26377218851106
.,0,10000,ERD,0,.,CPD,late,-68,12,+,_,1.20981612081415
.,0,10000,ERD,0,.,CPD,late,-67,12,-,_,1.14771100099092
.,0,10000,ERD,0,.,CPD,late,-67,12,+,_,1.10788559245018
.,0,10000,ERD,0,.,CPD,late,-66,12,-,_,1.13990541313979
.,0,10000,ERD,0,.,CPD,late,-66,12,+,_,1.11304701699118
.,0,10000,ERD,0,.,CPD,late,-65,12,-,_,1.28745017273032
.,0,10000,ERD,0,.,CPD,late,-65,12,+,_,1.1054066240765
.,0,10000,ERD,0,.,CPD,late,-64,12,-,_,1.14044588162271
.,0,10000,ERD,0,.,CPD,late,-64,12,+,_,1.2563787410997
.,0,10000,ERD,0,.,CPD,late,-63,12,-,_,1.23138629002423
.,0,10000,ERD,0,.,CPD,late,-63,12,+,_,1.14457502683027
.,0,10000,ERD,0,.,CPD,late,-62,12,-,_,1.15863836076631
.,0,10000,ERD,0,.,CPD,late,-62,12,+,_,1.19472040416045
.,0,10000,ERD,0,.,CPD,late,-61,12,-,_,1.24989944666576
.,0,10000,ERD,0,.,CPD,late,-61,12,+,_,1.15793045373285
.,0,10000,ERD,0,.,CPD,late,-60,12,-,_,1.28312807831161
.,0,10000,ERD,0,.,CPD,late,-60,12,+,_,1.24758132083294
.,0,10000,ERD,0,.,CPD,late,-59,12,-,_,1.15993512796578
.,0,10000,ERD,0,.,CPD,late,-59,12,+,_,1.28005041818633
.,0,10000,ERD,0,.,CPD,late,-58,12,-,_,1.26282966130548
.,0,10000,ERD,0,.,CPD,late,-58,12,+,_,1.22668294002356
.,0,10000,ERD,0,.,CPD,late,-57,12,-,_,1.17289059396893
.,0,10000,ERD,0,.,CPD,late,-57,12,+,_,1.10838820592741
.,0,10000,ERD,0,.,CPD,late,-56,12,-,_,1.17981397876155
.,0,10000,ERD,0,.,CPD,late,-56,12,+,_,1.16646633627612
.,0,10000,ERD,0,.,CPD,late,-55,12,-,_,1.25234141373828
.,0,10000,ERD,0,.,CPD,late,-55,12,+,_,1.2216270963271
.,0,10000,ERD,0,.,CPD,late,-54,12,-,_,1.27726517844371
.,0,10000,ERD,0,.,CPD,late,-54,12,+,_,1.15328442317598
.,0,10000,ERD,0,.,CPD,late,-53,12,-,_,1.16456276359372
.,0,10000,ERD,0,.,CPD,late,-53,12,+,_,1.2641055026547
.,0,10000,ERD,0,.,CPD,late,-52,12,-,_,1.1821149899407
.,0,10000,ERD,0,.,CPD,late,-52,12,+,_,1.25952449521091
.,0,10000,ERD,0,.,CPD,late,-51,12,-,_,1.14298273203338
.,0,10000,ERD,0,.,CPD,late,-51,12,+,_,1.13675502015906
.,0,10000,ERD,0,.,CPD,late,-50,12,-,_,1.18402202025393
.,0,10000,ERD,0,.,CPD,late,-50,12,+,_,1.14833700231001
.,0,10000,ERD,0,.,CPD,late,-49,12,-,_,1.10078235886803
.,0,10000,ERD,0,.,CPD,late,-49,12,+,_,1.09059918919412
.,0,10000,ERD,0,.,CPD,late,-48,12,-,_,1.16880620754725
.,0,10000,ERD,0,.,CPD,late,-48,12,+,_,1.25031026203803
.,0,10000,ERD,0,.,CPD,late,-47,12,-,_,1.25138977416754
.,0,10000,ERD,0,.,CPD,late,-47,12,+,_,1.1980607174737
.,0,10000,ERD,0,.,CPD,late,-46,12,-,_,1.2476086900779
.,0,10000,ERD,0,.,CPD,late,-46,12,+,_,1.22897132529075
.,0,10000,ERD,0,.,CPD,late,-45,12,-,_,1.22914340920615
.,0,10000,ERD,0,.,CPD,late,-45,12,+,_,1.09035360301566
.,0,10000,ERD,0,.,CPD,late,-44,12,-,_,1.15028155242322
.,0,10000,ERD,0,.,CPD,late,-44,12,+,_,1.13142186983821
.,0,10000,ERD,0,.,CPD,late,-43,12,-,_,1.21529857377044
.,0,10000,ERD,0,.,CPD,late,-43,12,+,_,1.21661134222012
.,0,10000,ERD,0,.,CPD,late,-42,12,-,_,1.15799806717376
.,0,10000,ERD,0,.,CPD,late,-42,12,+,_,1.22058860710739
.,0,10000,ERD,0,.,CPD,late,-41,12,-,_,1.22252099312776
.,0,10000,ERD,0,.,CPD,late,-41,12,+,_,1.25907997228978
.,0,10000,ERD,0,.,CPD,late,-40,12,-,_,1.42846892632545
.,0,10000,ERD,0,.,CPD,late,-40,12,+,_,1.33035342270812
.,0,10000,ERD,0,.,CPD,late,-39,12,-,_,1.28703097039751
.,0,10000,ERD,0,.,CPD,late,-39,12,+,_,1.28260611758321
.,0,10000,ERD,0,.,CPD,late,-38,12,-,_,1.22417097811964
.,0,10000,ERD,0,.,CPD,late,-38,12,+,_,1.19771048347921
.,0,10000,ERD,0,.,CPD,late,-37,12,-,_,1.20713867947651
.,0,10000,ERD,0,.,CPD,late,-37,12,+,_,1.14725084160754
.,0,10000,ERD,0,.,CPD,late,-36,12,-,_,1.21916543498915
.,0,10000,ERD,0,.,CPD,late,-36,12,+,_,1.18417193300421
.,0,10000,ERD,0,.,CPD,late,-35,12,-,_,1.18889345115844
.,0,10000,ERD,0,.,CPD,late,-35,12,+,_,1.14768430019039
.,0,10000,ERD,0,.,CPD,late,-34,12,-,_,1.26790651125523
.,0,10000,ERD,0,.,CPD,late,-34,12,+,_,1.20166619293704
.,0,10000,ERD,0,.,CPD,late,-33,12,-,_,1.19156236300954
.,0,10000,ERD,0,.,CPD,late,-33,12,+,_,1.16962558154114
.,0,10000,ERD,0,.,CPD,late,-32,12,-,_,1.23885671793969
.,0,10000,ERD,0,.,CPD,late,-32,12,+,_,1.22660684661433
.,0,10000,ERD,0,.,CPD,late,-31,12,-,_,1.26785143734485
.,0,10000,ERD,0,.,CPD,late,-31,12,+,_,1.18295615442864
.,0,10000,ERD,0,.,CPD,late,-30,12,-,_,1.18169318485124
.,0,10000,ERD,0,.,CPD,late,-30,12,+,_,1.17446220876912
.,0,10000,ERD,0,.,CPD,late,-29,12,-,_,1.27678690607968
.,0,10000,ERD,0,.,CPD,late,-29,12,+,_,1.2391778865396
.,0,10000,ERD,0,.,CPD,late,-28,12,-,_,1.27817724895541
.,0,10000,ERD,0,.,CPD,late,-28,12,+,_,1.1675858377385
.,0,10000,ERD,0,.,CPD,late,-27,12,-,_,1.13502055892689
.,0,10000,ERD,0,.,CPD,late,-27,12,+,_,1.09028282421585
.,0,10000,ERD,0,.,CPD,late,-26,12,-,_,1.14779438405768
.,0,10000,ERD,0,.,CPD,late,-26,12,+,_,1.18180226592942
.,0,10000,ERD,0,.,CPD,late,-25,12,-,_,1.22173346343956
.,0,10000,ERD,0,.,CPD,late,-25,12,+,_,1.17225248937583
.,0,10000,ERD,0,.,CPD,late,-24,12,-,_,1.16382298178206
.,0,10000,ERD,0,.,CPD,late,-24,12,+,_,1.14730563157812
.,0,10000,ERD,0,.,CPD,late,-23,12,-,_,1.19224845514795
.,0,10000,ERD,0,.,CPD,late,-23,12,+,_,1.13056987993081
.,0,10000,ERD,0,.,CPD,late,-22,12,-,_,1.17238192262112
.,0,10000,ERD,0,.,CPD,late,-22,12,+,_,1.17286726185532
.,0,10000,ERD,0,.,CPD,late,-21,12,-,_,1.18248392929899
.,0,10000,ERD,0,.,CPD,late,-21,12,+,_,1.207587991149
.,0,10000,ERD,0,.,CPD,late,-20,12,-,_,1.1717172983165
.,0,10000,ERD,0,.,CPD,late,-20,12,+,_,1.26175954560433
.,0,10000,ERD,0,.,CPD,late,-19,12,-,_,1.2192302825932
.,0,10000,ERD,0,.,CPD,late,-19,12,+,_,1.24183357182452
.,0,10000,ERD,0,.,CPD,late,-18,12,-,_,1.34806077751856
.,0,10000,ERD,0,.,CPD,late,-18,12,+,_,1.17724249529806
.,0,10000,ERD,0,.,CPD,late,-17,12,-,_,1.25767439605579
.,0,10000,ERD,0,.,CPD,late,-17,12,+,_,1.23059549612551
.,0,10000,ERD,0,.,CPD,late,-16,12,-,_,1.30198014749546
.,0,10000,ERD,0,.,CPD,late,-16,12,+,_,1.29711132184717
.,0,10000,ERD,0,.,CPD,late,-15,12,-,_,1.16320550587049
.,0,10000,ERD,0,.,CPD,late,-15,12,+,_,1.15759369913869
.,0,10000,ERD,0,.,CPD,late,-14,12,-,_,1.22445791352713
.,0,10000,ERD,0,.,CPD,late,-14,12,+,_,1.14276857121728
.,0,10000,ERD,0,.,CPD,late,-13,12,-,_,1.16503835466194
.,0,10000,ERD,0,.,CPD,late,-13,12,+,_,1.25743781813145
.,0,10000,ERD,0,.,CPD,late,-12,12,-,_,1.18800855369627
.,0,10000,ERD,0,.,CPD,late,-12,12,+,_,1.17116345828325
.,0,10000,ERD,0,.,CPD,late,-11,12,-,_,1.21921408097095
.,0,10000,ERD,0,.,CPD,late,-11,12,+,_,1.2069382626145
.,0,10000,ERD,0,.,CPD,late,-10,12,-,_,1.30545577137012
.,0,10000,ERD,0,.,CPD,late,-10,12,+,_,1.25462296161075
.,0,10000,ERD,0,.,CPD,late,-9,12,-,_,1.23147530080873
.,0,10000,ERD,0,.,CPD,late,-9,12,+,_,1.24991572694586
.,0,10000,ERD,0,.,CPD,late,-8,12,-,_,1.17815145651639
.,0,10000,ERD,0,.,CPD,late,-8,12,+,_,1.17893122914711
.,0,10000,ERD,0,.,CPD,late,-7,12,-,_,1.16604419276106
.,0,10000,ERD,0,.,CPD,late,-7,12,+,_,1.24201088311056
.,0,10000,ERD,0,.,CPD,late,-6,12,-,_,1.21422147966293
.,0,10000,ERD,0,.,CPD,late,-6,12,+,_,1.23935839731025
.,0,10000,ERD,0,.,CPD,late,-5,12,-,_,1.19578715346376
.,0,10000,ERD,0,.,CPD,late,-5,12,+,_,1.26615269251643
.,0,10000,ERD,0,.,CPD,late,-4,12,-,_,1.25648906770771
.,0,10000,ERD,0,.,CPD,late,-4,12,+,_,1.28024408446229
.,0,10000,ERD,0,.,CPD,late,-3,12,-,_,1.27665756818001
.,0,10000,ERD,0,.,CPD,late,-3,12,+,_,1.16346585517106
.,0,10000,ERD,0,.,CPD,late,-2,12,-,_,1.2394588997924
.,0,10000,ERD,0,.,CPD,late,-2,12,+,_,1.17026622012548
.,0,10000,ERD,0,.,CPD,late,-1,12,-,_,1.18226253776211
.,0,10000,ERD,0,.,CPD,late,-1,12,+,_,1.13759917132638
.,0,10000,ERD,0,.,CPD,late,0,12,-,_,1.11927341466436
.,0,10000,ERD,0,.,CPD,late,0,12,+,_,1.23468330614685
.,0,10000,ERD,0,.,CPD,late,1,12,-,_,1.16544366685739
.,0,10000,ERD,0,.,CPD,late,1,12,+,_,1.09351449108372
.,0,10000,ERD,0,.,CPD,late,2,12,-,_,1.0835008017978
.,0,10000,ERD,0,.,CPD,late,2,12,+,_,1.19480549208057
.,0,10000,ERD,0,.,CPD,late,3,12,-,_,1.27468024753103
.,0,10000,ERD,0,.,CPD,late,3,12,+,_,1.21266667824761
.,0,10000,ERD,0,.,CPD,late,4,12,-,_,1.12675293837644
.,0,10000,ERD,0,.,CPD,late,4,12,+,_,1.12580285456892
.,0,10000,ERD,0,.,CPD,late,5,12,-,_,1.2765694751299
.,0,10000,ERD,0,.,CPD,late,5,12,+,_,1.2310216906364
.,0,10000,ERD,0,.,CPD,late,6,12,-,_,1.18552210436686
.,0,10000,ERD,0,.,CPD,late,6,12,+,_,1.14791573729416
.,0,10000,ERD,0,.,CPD,late,7,12,-,_,1.18390842251461
.,0,10000,ERD,0,.,CPD,late,7,12,+,_,1.25801972417615
.,0,10000,ERD,0,.,CPD,late,8,12,-,_,1.22047318272129
.,0,10000,ERD,0,.,CPD,late,8,12,+,_,1.30498533127124
.,0,10000,ERD,0,.,CPD,late,9,12,-,_,1.20310342973016
.,0,10000,ERD,0,.,CPD,late,9,12,+,_,1.24010534951476
.,0,10000,ERD,0,.,CPD,late,10,12,-,_,1.29200636902241
.,0,10000,ERD,0,.,CPD,late,10,12,+,_,1.24539608741605
.,0,10000,ERD,0,.,CPD,late,11,12,-,_,1.19236566945145
.,0,10000,ERD,0,.,CPD,late,11,12,+,_,1.22438113730541
.,0,10000,ERD,0,.,CPD,late,12,12,-,_,1.23459182568085
.,0,10000,ERD,0,.,CPD,late,12,12,+,_,1.17877545148572
.,0,10000,ERD,0,.,CPD,late,13,12,-,_,1.16686728852381
.,0,10000,ERD,0,.,CPD,late,13,12,+,_,1.20491001760643
.,0,10000,ERD,0,.,CPD,late,14,12,-,_,1.20617558394503
.,0,10000,ERD,0,.,CPD,late,14,12,+,_,1.15492182972267
.,0,10000,ERD,0,.,CPD,late,15,12,-,_,1.20764761370226
.,0,10000,ERD,0,.,CPD,late,15,12,+,_,1.21083150137939
.,0,10000,ERD,0,.,CPD,late,16,12,-,_,1.15354342791203
.,0,10000,ERD,0,.,CPD,late,16,12,+,_,1.11821424897247
.,0,10000,ERD,0,.,CPD,late,17,12,-,_,1.13588853688553
.,0,10000,ERD,0,.,CPD,late,17,12,+,_,1.12185742755725
.,0,10000,ERD,0,.,CPD,late,18,12,-,_,1.22660013424477
.,0,10000,ERD,0,.,CPD,late,18,12,+,_,1.10173649812473
.,0,10000,ERD,0,.,CPD,late,19,12,-,_,1.17754707840452
.,0,10000,ERD,0,.,CPD,late,19,12,+,_,1.16309311183569
.,0,10000,ERD,0,.,CPD,late,20,12,-,_,1.15854588453951
.,0,10000,ERD,0,.,CPD,late,20,12,+,_,1.15292435871578
.,0,10000,ERD,0,.,CPD,late,21,12,-,_,1.10783003485253
.,0,10000,ERD,0,.,CPD,late,21,12,+,_,1.13686227884968
.,0,10000,ERD,0,.,CPD,late,22,12,-,_,1.14326185272447
.,0,10000,ERD,0,.,CPD,late,22,12,+,_,1.15016890950378
.,0,10000,ERD,0,.,CPD,late,23,12,-,_,1.14568409978078
.,0,10000,ERD,0,.,CPD,late,23,12,+,_,1.16033302282942
.,0,10000,ERD,0,.,CPD,late,24,12,-,_,1.20844887183689
.,0,10000,ERD,0,.,CPD,late,24,12,+,_,1.21608432263835
.,0,10000,ERD,0,.,CPD,late,25,12,-,_,1.1885549877899
.,0,10000,ERD,0,.,CPD,late,25,12,+,_,1.23109366829983
.,0,10000,ERD,0,.,CPD,late,26,12,-,_,1.27317633388956
.,0,10000,ERD,0,.,CPD,late,26,12,+,_,1.31364760294813
.,0,10000,ERD,0,.,CPD,late,27,12,-,_,1.22976608216221
.,0,10000,ERD,0,.,CPD,late,27,12,+,_,1.22809578268269
.,0,10000,ERD,0,.,CPD,late,28,12,-,_,1.11030779148569
.,0,10000,ERD,0,.,CPD,late,28,12,+,_,1.08883193938874
.,0,10000,ERD,0,.,CPD,late,29,12,-,_,1.1997984530594
.,0,10000,ERD,0,.,CPD,late,29,12,+,_,1.07150916870691
.,0,10000,ERD,0,.,CPD,late,30,12,-,_,1.13081230705651
.,0,10000,ERD,0,.,CPD,late,30,12,+,_,1.19154153918597
.,0,10000,ERD,0,.,CPD,late,31,12,-,_,1.17308757264019
.,0,10000,ERD,0,.,CPD,late,31,12,+,_,1.19671315367789
.,0,10000,ERD,0,.,CPD,late,32,12,-,_,1.27360859761917
.,0,10000,ERD,0,.,CPD,late,32,12,+,_,1.2326620578193
.,0,10000,ERD,0,.,CPD,late,33,12,-,_,1.25907047781039
.,0,10000,ERD,0,.,CPD,late,33,12,+,_,1.27627097566264
.,0,10000,ERD,0,.,CPD,late,34,12,-,_,1.23466425076557
.,0,10000,ERD,0,.,CPD,late,34,12,+,_,1.22677630791254
.,0,10000,ERD,0,.,CPD,late,35,12,-,_,1.3271567039075
.,0,10000,ERD,0,.,CPD,late,35,12,+,_,1.29295178497205
.,0,10000,ERD,0,.,CPD,late,36,12,-,_,1.23547081001471
.,0,10000,ERD,0,.,CPD,late,36,12,+,_,1.23368082065181
.,0,10000,ERD,0,.,CPD,late,37,12,-,_,1.24918307502438
.,0,10000,ERD,0,.,CPD,late,37,12,+,_,1.21290568892199
.,0,10000,ERD,0,.,CPD,late,38,12,-,_,1.18659285560277
.,0,10000,ERD,0,.,CPD,late,38,12,+,_,1.28252267733662
.,0,10000,ERD,0,.,CPD,late,39,12,-,_,1.19069050138057
.,0,10000,ERD,0,.,CPD,late,39,12,+,_,1.16648869493168
.,0,10000,ERD,0,.,CPD,late,40,12,-,_,1.18185386253475
.,0,10000,ERD,0,.,CPD,late,40,12,+,_,1.31033684661637
.,0,10000,ERD,0,.,CPD,late,41,12,-,_,1.17355982725597
.,0,10000,ERD,0,.,CPD,late,41,12,+,_,1.15535858253166
.,0,10000,ERD,0,.,CPD,late,42,12,-,_,1.28048618170289
.,0,10000,ERD,0,.,CPD,late,42,12,+,_,1.22030890454929
.,0,10000,ERD,0,.,CPD,late,43,12,-,_,1.23044871070129
.,0,10000,ERD,0,.,CPD,late,43,12,+,_,1.23030547412211
.,0,10000,ERD,0,.,CPD,late,44,12,-,_,1.19763047980493
.,0,10000,ERD,0,.,CPD,late,44,12,+,_,1.2059786622829
.,0,10000,ERD,0,.,CPD,late,45,12,-,_,1.22467270196391
.,0,10000,ERD,0,.,CPD,late,45,12,+,_,1.29986283930456
.,0,10000,ERD,0,.,CPD,late,46,12,-,_,1.17286657193262
.,0,10000,ERD,0,.,CPD,late,46,12,+,_,1.24325989826584
.,0,10000,ERD,0,.,CPD,late,47,12,-,_,1.24502519534898
.,0,10000,ERD,0,.,CPD,late,47,12,+,_,1.22257844903679
.,0,10000,ERD,0,.,CPD,late,48,12,-,_,1.13223590400417
.,0,10000,ERD,0,.,CPD,late,48,12,+,_,1.17423440028503
.,0,10000,ERD,0,.,CPD,late,49,12,-,_,1.16048547287464
.,0,10000,ERD,0,.,CPD,late,49,12,+,_,1.18871850094638
.,0,10000,ERD,0,.,CPD,late,50,12,-,_,1.24956602718461
.,0,10000,ERD,0,.,CPD,late,50,12,+,_,1.22232479051823
.,0,10000,ERD,0,.,CPD,late,51,12,-,_,1.22383141308887
.,0,10000,ERD,0,.,CPD,late,51,12,+,_,1.1753432414017
.,0,10000,ERD,0,.,CPD,late,52,12,-,_,1.22235717011873
.,0,10000,ERD,0,.,CPD,late,52,12,+,_,1.19459981334313
.,0,10000,ERD,0,.,CPD,late,53,12,-,_,1.18348361389757
.,0,10000,ERD,0,.,CPD,late,53,12,+,_,1.25472862678716
.,0,10000,ERD,0,.,CPD,late,54,12,-,_,1.12823581706571
.,0,10000,ERD,0,.,CPD,late,54,12,+,_,1.21567113890532
.,0,10000,ERD,0,.,CPD,late,55,12,-,_,1.24291948812819
.,0,10000,ERD,0,.,CPD,late,55,12,+,_,1.20994377777229
.,0,10000,ERD,0,.,CPD,late,56,12,-,_,1.28932698533625
.,0,10000,ERD,0,.,CPD,late,56,12,+,_,1.1914400696555
.,0,10000,ERD,0,.,CPD,late,57,12,-,_,1.35098841355316
.,0,10000,ERD,0,.,CPD,late,57,12,+,_,1.28479906063667
.,0,10000,ERD,0,.,CPD,late,58,12,-,_,1.26444657937168
.,0,10000,ERD,0,.,CPD,late,58,12,+,_,1.21567769957008
.,0,10000,ERD,0,.,CPD,late,59,12,-,_,1.14299361168756
.,0,10000,ERD,0,.,CPD,late,59,12,+,_,1.10160483279587
.,0,10000,ERD,0,.,CPD,late,60,12,-,_,1.16833604354453
.,0,10000,ERD,0,.,CPD,late,60,12,+,_,1.11595222935672
.,0,10000,ERD,0,.,CPD,late,61,12,-,_,1.14985267342699
.,0,10000,ERD,0,.,CPD,late,61,12,+,_,1.1257967704476
.,0,10000,ERD,0,.,CPD,late,62,12,-,_,1.21001165286158
.,0,10000,ERD,0,.,CPD,late,62,12,+,_,1.28928009760189
.,0,10000,ERD,0,.,CPD,late,63,12,-,_,1.17860594799669
.,0,10000,ERD,0,.,CPD,late,63,12,+,_,1.13707174910492
.,0,10000,ERD,0,.,CPD,late,64,12,-,_,1.22173099396016
.,0,10000,ERD,0,.,CPD,late,64,12,+,_,1.24107110407414
.,0,10000,ERD,0,.,CPD,late,65,12,-,_,1.16183436953815
.,0,10000,ERD,0,.,CPD,late,65,12,+,_,1.15503043936817
.,0,10000,ERD,0,.,CPD,late,66,12,-,_,1.12985268433171
.,0,10000,ERD,0,.,CPD,late,66,12,+,_,1.1684245383293
.,0,10000,ERD,0,.,CPD,late,67,12,-,_,1.13402934659321
.,0,10000,ERD,0,.,CPD,late,67,12,+,_,1.21849566409034
.,0,10000,ERD,0,.,CPD,late,68,12,-,_,1.24870436625369
.,0,10000,ERD,0,.,CPD,late,68,12,+,_,1.10144242750564
.,0,10000,ERD,0,.,CPD,late,69,12,-,_,1.15129003504488
.,0,10000,ERD,0,.,CPD,late,69,12,+,_,1.07317310908608
.,0,10000,ERD,0,.,CPD,late,70,12,-,_,1.14971233095314
.,0,10000,ERD,0,.,CPD,late,70,12,+,_,1.20621548294282
.,0,10000,ERD,0,.,CPD,late,71,12,-,_,1.13125345112303
.,0,10000,ERD,0,.,CPD,late,71,12,+,_,1.09957622385522
.,0,10000,ERD,0,.,CPD,late,72,12,-,_,1.09569836632048
.,0,10000,ERD,0,.,CPD,late,72,12,+,_,1.04404348753687
.,0,10000,ERD,0,.,CPD,late,73,12,-,_,1.14052980599154
.,0,10000,ERD,0,.,CPD,late,73,12,+,_,1.08789535095449
.,0,10000,ERD,0,.,CPD,late,74,12,-,_,1.07253077910276
.,0,10000,ERD,0,.,CPD,late,74,12,+,_,1.19263057595373
.,0,10000,ERD,0,.,CPD,late,75,12,-,_,1.08935921719823
.,0,10000,ERD,0,.,CPD,late,75,12,+,_,1.09648287022932
.,0,10000,ERD,0,.,CPD,late,76,12,-,_,1.21752326873784
.,0,10000,ERD,0,.,CPD,late,76,12,+,_,1.22612405592493
.,0,10000,ERD,0,.,CPD,late,77,12,-,_,1.10196112415947
.,0,10000,ERD,0,.,CPD,late,77,12,+,_,1.13286292885752
.,0,10000,ERD,0,.,CPD,late,78,12,-,_,1.03194856496352
.,0,10000,ERD,0,.,CPD,late,78,12,+,_,1.06279080384186
.,0,10000,ERD,0,.,CPD,late,79,12,-,_,1.15642041603705
.,0,10000,ERD,0,.,CPD,late,79,12,+,_,1.12128116158869
.,0,10000,ERD,0,.,CPD,late,80,12,-,_,1.20159335603609
.,0,10000,ERD,0,.,CPD,late,80,12,+,_,1.15429422376216
.,0,10000,ERD,0,.,CPD,late,81,12,-,_,1.16837396607508
.,0,10000,ERD,0,.,CPD,late,81,12,+,_,1.150099694487
.,0,10000,ERD,0,.,CPD,late,82,12,-,_,1.14502266311841
.,0,10000,ERD,0,.,CPD,late,82,12,+,_,1.12136060857081
.,0,10000,ERD,0,.,CPD,late,83,12,-,_,1.0996855841159
.,0,10000,ERD,0,.,CPD,late,83,12,+,_,1.08242767196379
.,0,10000,ERD,0,.,CPD,late,84,12,-,_,1.14252498114366
.,0,10000,ERD,0,.,CPD,late,84,12,+,_,1.10666619710698
.,0,10000,ERD,0,.,CPD,late,85,12,-,_,1.12514462319527
.,0,10000,ERD,0,.,CPD,late,85,12,+,_,1.10429984170406
.,0,10000,ERD,0,.,CPD,late,86,12,-,_,1.07133837758176
.,0,10000,ERD,0,.,CPD,late,86,12,+,_,1.17260012193043
.,0,10000,ERD,0,.,CPD,late,87,12,-,_,1.06877948817037
.,0,10000,ERD,0,.,CPD,late,87,12,+,_,1.07995006087466
.,0,10000,ERD,0,.,CPD,late,88,12,-,_,1.18869157606679
.,0,10000,ERD,0,.,CPD,late,88,12,+,_,1.08202773852508
.,0,10000,ERD,0,.,CPD,late,89,12,-,_,1.08896389609373
.,0,10000,ERD,0,.,CPD,late,89,12,+,_,1.09239358137623
.,0,10000,ERD,0,.,CPD,late,90,12,-,_,1.15740469229677
.,0,10000,ERD,0,.,CPD,late,90,12,+,_,1.08891393750008
.,0,10000,ERD,0,.,CPD,late,91,12,-,_,1.08930653608658
.,0,10000,ERD,0,.,CPD,late,91,12,+,_,1.11403631264433
.,0,10000,ERD,0,.,CPD,late,92,12,-,_,1.19534819043985
.,0,10000,ERD,0,.,CPD,late,92,12,+,_,1.09915144860298
.,0,10000,ERD,0,.,CPD,late,93,12,-,_,1.19423582953354
.,0,10000,ERD,0,.,CPD,late,93,12,+,_,1.11068490701506
.,0,10000,ERD,0,.,CPD,late,94,12,-,_,1.08798627410994
.,0,10000,ERD,0,.,CPD,late,94,12,+,_,1.06806566404339
.,0,10000,ERD,0,.,CPD,late,95,12,-,_,1.10479970651303
.,0,10000,ERD,0,.,CPD,late,95,12,+,_,1.09925709582212
.,0,10000,ERD,0,.,CPD,late,96,12,-,_,1.06836002430441
.,0,10000,ERD,0,.,CPD,late,96,12,+,_,1.09027257586209
.,0,10000,ERD,0,.,CPD,late,97,12,-,_,1.16627634311361
.,0,10000,ERD,0,.,CPD,late,97,12,+,_,1.09385361760334
.,0,10000,ERD,0,.,CPD,late,98,12,-,_,1.06338671814906
.,0,10000,ERD,0,.,CPD,late,98,12,+,_,1.13314557997852
.,0,10000,ERD,0,.,CPD,late,99,12,-,_,1.20292243489515
.,0,10000,ERD,0,.,CPD,late,99,12,+,_,1.17183415204507
.,0,10000,ERD,0,.,CPD,late,100,12,-,_,1.18173619083016
.,0,10000,ERD,0,.,CPD,late,100,12,+,_,1.10562385191405
