dinucleotides,positions,counts,freq
CC,1-2,155221,6.11047840698705
CT,1-2,314037,12.3624787077457
TC,1-2,80959,3.18705730121095
TT,1-2,81152,3.19465499954138
CC,2-3,130957,5.15529419823222
CT,2-3,190393,7.49507035350555
TC,2-3,166598,6.5583489453568
TT,2-3,189310,7.45243663696741
CC,3-4,181639,7.15045765306705
CT,3-4,247373,9.73816284505065
TC,3-4,186054,7.32425992316483
TT,3-4,195165,7.68292639719901
CC,4-5,223967,8.81675493250055
CT,4-5,260414,10.251538927575
TC,4-5,226346,8.91040739015913
TT,4-5,182155,7.170770670365
CC,5-6,191596,7.54242802755484
CT,5-6,259703,10.2235494793215
TC,5-6,149773,5.89601073598077
TT,5-6,196176,7.72272573923046
CC,6-7,129886,5.11313287744519
CT,6-7,189243,7.44979909402368
TC,6-7,158462,6.23806462610073
TT,6-7,240605,9.47173164142171
CC,7-8,98257,3.86801577644343
CT,7-8,240794,9.47917187450177
TC,7-8,124551,4.90311359976191
TT,7-8,304431,11.984325908978
CC,8-9,90321,3.55560471970595
CT,8-9,163650,6.44229705583285
TC,8-9,153577,6.04576018908427
TT,8-9,294140,11.5792071860842
CC,9-10,128073,5.04176175271421
CT,9-10,126193,4.9677530850395
TC,9-10,172789,6.80206578661963
TT,9-10,180534,7.10695787765186
CC,10-11,234705,9.23947039712342
CT,10-11,180358,7.10002940663551
TC,10-11,179996,7.08577880147687
TT,10-11,158176,6.22680586069915
CC,11-12,288515,11.3577716777489
CT,11-12,241816,9.51940424597174
TC,11-12,197393,7.77063454165605
TT,11-12,177211,6.97614362090556
CC,12-13,235118,9.25572868422431
CT,12-13,287346,11.3117524583278
TC,12-13,177619,6.99220507644347
TT,12-13,211624,8.33085653616603
CC,13-14,190812,7.51156483848199
CT,13-14,233056,9.17455534765769
TC,13-14,219212,8.62956811612117
TT,13-14,244195,9.61305670363032
CC,14-15,176852,6.9620111146847
CT,14-15,235649,9.27663219621115
TC,14-15,205290,8.08151031220241
TT,14-15,247845,9.75674374459451
CC,15-16,179733,7.07542546126493
CT,15-16,250682,9.86842597342065
TC,15-16,218493,8.60126373736686
TT,15-16,261946,10.3118481184674
CC,16-17,188469,7.41932956807675
CT,16-17,270533,10.6498866447029
TC,16-17,227108,8.94040452035494
TT,16-17,271982,10.70692843165
CC,17-18,150659,5.93088928893811
CT,17-18,371168,14.6115155124923
TC,17-18,170669,6.71860920392262
TT,17-18,417040,16.4173270037552
CC,18-19,76833,3.02463189545252
CT,18-19,428084,16.8520885600315
TC,18-19,111441,4.38702124166861
TT,18-19,1009364,39.7349387440493
CC,19-20,39001,1.53532555743683
CT,19-20,301583,11.8722106507133
TC,19-20,180111,7.09030592742505
TT,19-20,1278452,50.3279410670554
CC,20-21,92216,3.63020388206955
CT,20-21,153555,6.04489413020723
TC,20-21,463502,18.2463646194478
TT,20-21,684008,26.9268727440642
CC,21-22,260174,10.2420910125527
CT,21-22,303730,11.9567301238504
TC,21-22,397974,15.6667688878584
TT,21-22,316760,12.4696731769362
CC,22-23,374277,14.7339053783437
CT,22-23,409731,16.1295986250134
TC,22-23,330308,13.0030079799452
TT,22-23,349940,13.7758474287696
CC,23-24,163855,6.4503671499144
CT,23-24,408701,16.0890513230427
TC,23-24,181773,7.1557327389545
TT,23-24,427251,16.8192964216416
CC,24-25,207977,8.18728759413962
CT,24-25,162617,6.40163165492435
TC,24-25,361418,14.2276939647112
TT,24-25,354781,13.966419748032
