chromosomes,start_position,end_position,dataset,score,dataset_strand,product,windows,phase,time_after_exposure,repdomains,sample_strand,replicate,real,sim,xr_ds
.,0,100,Initiation Zones,0,.,64_PP,-1,early,12,ERD,-,_,1.40830706399909,1.43492774547085,0.981448068339478
.,0,100,Initiation Zones,0,.,64_PP,-1,early,12,ERD,+,_,1.37163202791776,1.66330312013378,0.824643452726428
.,0,100,Initiation Zones,0,.,64_PP,-1,early,12,LRD,-,_,0.875762096534589,0.786670065337601,1.11325209274202
.,0,100,Initiation Zones,0,.,64_PP,-1,early,12,LRD,+,_,0.8431902575882,0.742474319911948,1.13564905206175
.,0,100,Initiation Zones,0,.,64_PP,-10,early,12,ERD,-,_,1.22592299876926,1.61957515158044,0.756941101234454
.,0,100,Initiation Zones,0,.,64_PP,-10,early,12,ERD,+,_,1.41539358483123,1.62716460933084,0.869852734452788
.,0,100,Initiation Zones,0,.,64_PP,-10,early,12,LRD,-,_,0.673763753815877,0.717579592714901,0.938939402201712
.,0,100,Initiation Zones,0,.,64_PP,-10,early,12,LRD,+,_,0.825070723904723,0.783850597801778,1.05258671259363
.,0,100,Initiation Zones,0,.,64_PP,-100,early,12,ERD,-,_,1.33962593280771,1.56109040742932,0.858134754036251
.,0,100,Initiation Zones,0,.,64_PP,-100,early,12,ERD,+,_,1.3080594446101,1.5489875477312,0.844460916762059
.,0,100,Initiation Zones,0,.,64_PP,-100,early,12,LRD,-,_,0.713395398707501,0.851485000407691,0.837824974445735
.,0,100,Initiation Zones,0,.,64_PP,-100,early,12,LRD,+,_,0.688595065633753,0.845334450053596,0.814582992080938
.,0,100,Initiation Zones,0,.,64_PP,-11,early,12,ERD,-,_,1.31439372591097,1.60829731471836,0.817257924814195
.,0,100,Initiation Zones,0,.,64_PP,-11,early,12,ERD,+,_,1.26415374302074,1.48401210459927,0.85184867367514
.,0,100,Initiation Zones,0,.,64_PP,-11,early,12,LRD,-,_,0.772445213340898,0.797475972828502,0.968612522081606
.,0,100,Initiation Zones,0,.,64_PP,-11,early,12,LRD,+,_,0.79102647203162,0.906468468477866,0.872646429014685
.,0,100,Initiation Zones,0,.,64_PP,-12,early,12,ERD,-,_,1.35501520150458,1.67976167651001,0.806671101295662
.,0,100,Initiation Zones,0,.,64_PP,-12,early,12,ERD,+,_,1.35346603271849,1.60255339573722,0.844568447028783
.,0,100,Initiation Zones,0,.,64_PP,-12,early,12,LRD,-,_,0.72784002852632,0.795341601329762,0.915128829309842
.,0,100,Initiation Zones,0,.,64_PP,-12,early,12,LRD,+,_,0.742030106104297,0.85898486273801,0.863845381092141
.,0,100,Initiation Zones,0,.,64_PP,-13,early,12,ERD,-,_,1.25498862432848,1.70684227543739,0.735269240977099
.,0,100,Initiation Zones,0,.,64_PP,-13,early,12,ERD,+,_,1.33603591163184,1.52065696359744,0.878591256026053
.,0,100,Initiation Zones,0,.,64_PP,-13,early,12,LRD,-,_,0.696522241062715,0.733287907137844,0.949861895011153
.,0,100,Initiation Zones,0,.,64_PP,-13,early,12,LRD,+,_,0.735877064961028,0.818222656101108,0.899360411831588
.,0,100,Initiation Zones,0,.,64_PP,-14,early,12,ERD,-,_,1.37816608317203,1.67673119814598,0.821936208198376
.,0,100,Initiation Zones,0,.,64_PP,-14,early,12,ERD,+,_,1.20123325942128,1.68208409232765,0.714133891938198
.,0,100,Initiation Zones,0,.,64_PP,-14,early,12,LRD,-,_,0.744189444694875,0.976730923520531,0.761918586556589
.,0,100,Initiation Zones,0,.,64_PP,-14,early,12,LRD,+,_,0.735195342244371,0.862619688903688,0.852282125833157
.,0,100,Initiation Zones,0,.,64_PP,-15,early,12,ERD,-,_,1.27617294217406,1.5395871091386,0.828905967449986
.,0,100,Initiation Zones,0,.,64_PP,-15,early,12,ERD,+,_,1.44503912096307,1.48840337823248,0.970865252052238
.,0,100,Initiation Zones,0,.,64_PP,-15,early,12,LRD,-,_,0.778097988210886,0.84980321096305,0.915621379365109
.,0,100,Initiation Zones,0,.,64_PP,-15,early,12,LRD,+,_,0.731070087824514,0.800301522136544,0.91349331171181
.,0,100,Initiation Zones,0,.,64_PP,-16,early,12,ERD,-,_,1.22272541004568,1.58079747094766,0.773486441190137
.,0,100,Initiation Zones,0,.,64_PP,-16,early,12,ERD,+,_,1.37904158277783,1.54215981143836,0.894227415699288
.,0,100,Initiation Zones,0,.,64_PP,-16,early,12,LRD,-,_,0.657808334117166,0.815431355357842,0.806699828005136
.,0,100,Initiation Zones,0,.,64_PP,-16,early,12,LRD,+,_,0.755160859306711,0.716561321363489,1.05386773859043
.,0,100,Initiation Zones,0,.,64_PP,-17,early,12,ERD,-,_,1.32722395136708,1.43964388048336,0.921911293035518
.,0,100,Initiation Zones,0,.,64_PP,-17,early,12,ERD,+,_,1.39605474398128,1.5419687264838,0.905371633032236
.,0,100,Initiation Zones,0,.,64_PP,-17,early,12,LRD,-,_,0.863108341954546,0.816698396309563,1.05682629702066
.,0,100,Initiation Zones,0,.,64_PP,-17,early,12,LRD,+,_,0.835879359401019,0.815362975369971,1.02516227085457
.,0,100,Initiation Zones,0,.,64_PP,-18,early,12,ERD,-,_,1.22403313775696,1.56770119560356,0.780782167666659
.,0,100,Initiation Zones,0,.,64_PP,-18,early,12,ERD,+,_,1.44428156441211,1.54168488502472,0.936820214326067
.,0,100,Initiation Zones,0,.,64_PP,-18,early,12,LRD,-,_,0.610412971124525,0.728708704248659,0.837663894455462
.,0,100,Initiation Zones,0,.,64_PP,-18,early,12,LRD,+,_,0.761670866714527,0.796791913836541,0.955921933302628
.,0,100,Initiation Zones,0,.,64_PP,-19,early,12,ERD,-,_,1.44732016140658,1.61859598918954,0.894182471149756
.,0,100,Initiation Zones,0,.,64_PP,-19,early,12,ERD,+,_,1.4090551847923,1.63231838774085,0.86322325066892
.,0,100,Initiation Zones,0,.,64_PP,-19,early,12,LRD,-,_,0.74699371348754,0.800252144083867,0.933447937640582
.,0,100,Initiation Zones,0,.,64_PP,-19,early,12,LRD,+,_,0.761780044924881,0.826152205048522,0.922081960527044
.,0,100,Initiation Zones,0,.,64_PP,-2,early,12,ERD,-,_,1.25213593938913,1.52969631813438,0.818551973058443
.,0,100,Initiation Zones,0,.,64_PP,-2,early,12,ERD,+,_,1.30564871558577,1.47711594370175,0.883917556474092
.,0,100,Initiation Zones,0,.,64_PP,-2,early,12,LRD,-,_,0.822787581119791,0.815234944754383,1.00926436779238
.,0,100,Initiation Zones,0,.,64_PP,-2,early,12,LRD,+,_,0.81610705873633,0.845579378844506,0.965145412902039
.,0,100,Initiation Zones,0,.,64_PP,-20,early,12,ERD,-,_,1.45744773168173,1.73600851010991,0.839539508702899
.,0,100,Initiation Zones,0,.,64_PP,-20,early,12,ERD,+,_,1.29789987916288,1.61829181152372,0.802018443101946
.,0,100,Initiation Zones,0,.,64_PP,-20,early,12,LRD,-,_,0.678056818298058,0.791759359275118,0.856392552048696
.,0,100,Initiation Zones,0,.,64_PP,-20,early,12,LRD,+,_,0.74629428117154,0.837958544771685,0.890610025791765
.,0,100,Initiation Zones,0,.,64_PP,-21,early,12,ERD,-,_,1.43021235808027,1.758835538483,0.813158664802636
.,0,100,Initiation Zones,0,.,64_PP,-21,early,12,ERD,+,_,1.38222798503995,1.60844891931041,0.859354604579273
.,0,100,Initiation Zones,0,.,64_PP,-21,early,12,LRD,-,_,0.79077601665606,0.841802995507596,0.939383704828982
.,0,100,Initiation Zones,0,.,64_PP,-21,early,12,LRD,+,_,0.647603937850963,0.870664836710905,0.743803942166086
.,0,100,Initiation Zones,0,.,64_PP,-22,early,12,ERD,-,_,1.45969716783675,1.56573761026765,0.932274448965448
.,0,100,Initiation Zones,0,.,64_PP,-22,early,12,ERD,+,_,1.29811089310714,1.65112653638956,0.786197099070109
.,0,100,Initiation Zones,0,.,64_PP,-22,early,12,LRD,-,_,0.70575333427747,0.810152753855142,0.871136129475728
.,0,100,Initiation Zones,0,.,64_PP,-22,early,12,LRD,+,_,0.74642246323431,0.759722853408494,0.982493102432667
.,0,100,Initiation Zones,0,.,64_PP,-23,early,12,ERD,-,_,1.35798857150747,1.58188673707752,0.858461316905853
.,0,100,Initiation Zones,0,.,64_PP,-23,early,12,ERD,+,_,1.32214396447829,1.53951780332304,0.858803946030665
.,0,100,Initiation Zones,0,.,64_PP,-23,early,12,LRD,-,_,0.745150043277369,0.841287421182422,0.885725882160543
.,0,100,Initiation Zones,0,.,64_PP,-23,early,12,LRD,+,_,0.67399871087655,0.782267061240563,0.861596690275678
.,0,100,Initiation Zones,0,.,64_PP,-24,early,12,ERD,-,_,1.40874300489493,1.58198609154325,0.890490132894077
.,0,100,Initiation Zones,0,.,64_PP,-24,early,12,ERD,+,_,1.35422335365671,1.49925319094147,0.903265280233497
.,0,100,Initiation Zones,0,.,64_PP,-24,early,12,LRD,-,_,0.689381445301557,0.93242700524722,0.73934092580124
.,0,100,Initiation Zones,0,.,64_PP,-24,early,12,LRD,+,_,0.762218437431072,0.901439793196028,0.84555667853163
.,0,100,Initiation Zones,0,.,64_PP,-25,early,12,ERD,-,_,1.36427694496775,1.53121651323315,0.890975856893742
.,0,100,Initiation Zones,0,.,64_PP,-25,early,12,ERD,+,_,1.38589852373447,1.76010088779127,0.787397207368961
.,0,100,Initiation Zones,0,.,64_PP,-25,early,12,LRD,-,_,0.775740867392008,0.891902298766631,0.869759914807645
.,0,100,Initiation Zones,0,.,64_PP,-25,early,12,LRD,+,_,0.715125786837641,0.781017148109158,0.91563391222454
.,0,100,Initiation Zones,0,.,64_PP,-26,early,12,ERD,-,_,1.41739489430117,1.62103270069464,0.874377730747689
.,0,100,Initiation Zones,0,.,64_PP,-26,early,12,ERD,+,_,1.35617930391137,1.68985012666752,0.802544132470394
.,0,100,Initiation Zones,0,.,64_PP,-26,early,12,LRD,-,_,0.728678097478482,0.762472854225366,0.955677429616537
.,0,100,Initiation Zones,0,.,64_PP,-26,early,12,LRD,+,_,0.621087213785694,0.937751221580065,0.662315547549159
.,0,100,Initiation Zones,0,.,64_PP,-27,early,12,ERD,-,_,1.33533622796357,1.58709951847845,0.841368932707985
.,0,100,Initiation Zones,0,.,64_PP,-27,early,12,ERD,+,_,1.34311920348043,1.79334914214682,0.748944626517388
.,0,100,Initiation Zones,0,.,64_PP,-27,early,12,LRD,-,_,0.702096929665787,0.793462296464041,0.884852289509645
.,0,100,Initiation Zones,0,.,64_PP,-27,early,12,LRD,+,_,0.715596463647655,0.859741587498041,0.832339012156121
.,0,100,Initiation Zones,0,.,64_PP,-28,early,12,ERD,-,_,1.25225060869899,1.68112200180063,0.744889786319923
.,0,100,Initiation Zones,0,.,64_PP,-28,early,12,ERD,+,_,1.34163739495498,1.65112653638956,0.812558798727009
.,0,100,Initiation Zones,0,.,64_PP,-28,early,12,LRD,-,_,0.716830430084045,0.853050230187852,0.840314444234064
.,0,100,Initiation Zones,0,.,64_PP,-28,early,12,LRD,+,_,0.77168605603481,0.924720717604621,0.834507155883531
.,0,100,Initiation Zones,0,.,64_PP,-29,early,12,ERD,-,_,1.40628613783255,1.53317563790268,0.917237466515115
.,0,100,Initiation Zones,0,.,64_PP,-29,early,12,ERD,+,_,1.34125178078341,1.67711846380111,0.79973586227387
.,0,100,Initiation Zones,0,.,64_PP,-29,early,12,LRD,-,_,0.660589312440263,0.801705417343126,0.823980103102551
.,0,100,Initiation Zones,0,.,64_PP,-29,early,12,LRD,+,_,0.709349428603324,0.878804501785351,0.807175460710809
.,0,100,Initiation Zones,0,.,64_PP,-3,early,12,ERD,-,_,1.34491855329635,1.54365729353122,0.871254622986787
.,0,100,Initiation Zones,0,.,64_PP,-3,early,12,ERD,+,_,1.38551978282122,1.67835454757454,0.825522703068601
.,0,100,Initiation Zones,0,.,64_PP,-3,early,12,LRD,-,_,0.846380056564087,0.732395482990067,1.15563254583257
.,0,100,Initiation Zones,0,.,64_PP,-3,early,12,LRD,+,_,0.775400639859247,0.879836891252125,0.881300440534777
.,0,100,Initiation Zones,0,.,64_PP,-30,early,12,ERD,-,_,1.33220779617786,1.43807885188865,0.926380215123982
.,0,100,Initiation Zones,0,.,64_PP,-30,early,12,ERD,+,_,1.32391138478217,1.47014553391415,0.900530834697268
.,0,100,Initiation Zones,0,.,64_PP,-30,early,12,LRD,-,_,0.658542031513278,0.683799878706785,0.963062515832446
.,0,100,Initiation Zones,0,.,64_PP,-30,early,12,LRD,+,_,0.724269002516602,0.840477301360267,0.861735351263397
.,0,100,Initiation Zones,0,.,64_PP,-31,early,12,ERD,-,_,1.34808879218417,1.60009171617388,0.842507200404555
.,0,100,Initiation Zones,0,.,64_PP,-31,early,12,ERD,+,_,1.34923342492724,1.57042819706205,0.859150025102315
.,0,100,Initiation Zones,0,.,64_PP,-31,early,12,LRD,-,_,0.689532658603883,0.777278510830101,0.887111439460086
.,0,100,Initiation Zones,0,.,64_PP,-31,early,12,LRD,+,_,0.739968866281133,0.870322839169514,0.850223426271602
.,0,100,Initiation Zones,0,.,64_PP,-32,early,12,ERD,-,_,1.34919468947063,1.51880158659322,0.888328469880631
.,0,100,Initiation Zones,0,.,64_PP,-32,early,12,ERD,+,_,1.48749444823665,1.78799579942615,0.831933972503772
.,0,100,Initiation Zones,0,.,64_PP,-32,early,12,LRD,-,_,0.68847132887443,0.837107432676349,0.822440826589356
.,0,100,Initiation Zones,0,.,64_PP,-32,early,12,LRD,+,_,0.70454355215495,0.808213816271125,0.871729161233001
.,0,100,Initiation Zones,0,.,64_PP,-33,early,12,ERD,-,_,1.28994609909805,1.50631344709409,0.856359678383378
.,0,100,Initiation Zones,0,.,64_PP,-33,early,12,ERD,+,_,1.4292529793055,1.41650512473868,1.00899951178727
.,0,100,Initiation Zones,0,.,64_PP,-33,early,12,LRD,-,_,0.712197852474658,0.890969183894338,0.799351835449249
.,0,100,Initiation Zones,0,.,64_PP,-33,early,12,LRD,+,_,0.776308743052597,0.860437529617585,0.902225572840392
.,0,100,Initiation Zones,0,.,64_PP,-34,early,12,ERD,-,_,1.37890711568006,1.61072432273856,0.856078905753183
.,0,100,Initiation Zones,0,.,64_PP,-34,early,12,ERD,+,_,1.37836972294199,1.58704540481898,0.868513099093849
.,0,100,Initiation Zones,0,.,64_PP,-34,early,12,LRD,-,_,0.742192789841908,0.772402407252661,0.96088875807857
.,0,100,Initiation Zones,0,.,64_PP,-34,early,12,LRD,+,_,0.665108876892979,0.84737688943894,0.784903252829278
.,0,100,Initiation Zones,0,.,64_PP,-35,early,12,ERD,-,_,1.29577134363282,1.52455524738084,0.84993400262728
.,0,100,Initiation Zones,0,.,64_PP,-35,early,12,ERD,+,_,1.3022154869144,1.72450633194291,0.755123633235527
.,0,100,Initiation Zones,0,.,64_PP,-35,early,12,LRD,-,_,0.73890322398452,0.835173195676236,0.884730529918688
.,0,100,Initiation Zones,0,.,64_PP,-35,early,12,LRD,+,_,0.681232728454021,0.888594622962581,0.766640615247914
.,0,100,Initiation Zones,0,.,64_PP,-36,early,12,ERD,-,_,1.43296694785561,1.53176180060553,0.935502469959193
.,0,100,Initiation Zones,0,.,64_PP,-36,early,12,ERD,+,_,1.45835745387518,1.65265190144529,0.882434741762501
.,0,100,Initiation Zones,0,.,64_PP,-36,early,12,LRD,-,_,0.653891182776224,0.776781996261767,0.841794977127495
.,0,100,Initiation Zones,0,.,64_PP,-36,early,12,LRD,+,_,0.717604461430643,0.839592958764336,0.854705192486096
.,0,100,Initiation Zones,0,.,64_PP,-37,early,12,ERD,-,_,1.45536082896995,1.50874329794028,0.964617924703823
.,0,100,Initiation Zones,0,.,64_PP,-37,early,12,ERD,+,_,1.33830327680103,1.71497009579662,0.780365372015059
.,0,100,Initiation Zones,0,.,64_PP,-37,early,12,LRD,-,_,0.634334094014998,0.759921134169826,0.83473674502812
.,0,100,Initiation Zones,0,.,64_PP,-37,early,12,LRD,+,_,0.693329890607856,0.929381104545934,0.746012467024058
.,0,100,Initiation Zones,0,.,64_PP,-38,early,12,ERD,-,_,1.29510661825134,1.52862359981872,0.847237095125924
.,0,100,Initiation Zones,0,.,64_PP,-38,early,12,ERD,+,_,1.59065657832154,1.62861406111455,0.976693383841326
.,0,100,Initiation Zones,0,.,64_PP,-38,early,12,LRD,-,_,0.731352317944637,0.744471577035679,0.982377756927565
.,0,100,Initiation Zones,0,.,64_PP,-38,early,12,LRD,+,_,0.727952038379895,0.868554864802656,0.838118658796865
.,0,100,Initiation Zones,0,.,64_PP,-39,early,12,ERD,-,_,1.27645122351738,1.62470851180732,0.785649372943496
.,0,100,Initiation Zones,0,.,64_PP,-39,early,12,ERD,+,_,1.37114051110838,1.64409974724236,0.833976474607566
.,0,100,Initiation Zones,0,.,64_PP,-39,early,12,LRD,-,_,0.668453470921695,0.855194828603058,0.781638813243993
.,0,100,Initiation Zones,0,.,64_PP,-39,early,12,LRD,+,_,0.542641251041266,0.804762160054094,0.674287731178601
.,0,100,Initiation Zones,0,.,64_PP,-4,early,12,ERD,-,_,1.50102126608513,1.74001876503767,0.862646596832901
.,0,100,Initiation Zones,0,.,64_PP,-4,early,12,ERD,+,_,1.32348398098358,1.56932072163207,0.84334831162312
.,0,100,Initiation Zones,0,.,64_PP,-4,early,12,LRD,-,_,0.807069721814483,0.810128627805295,0.996224172451357
.,0,100,Initiation Zones,0,.,64_PP,-4,early,12,LRD,+,_,0.846877488275262,0.859041282105021,0.985840268584121
.,0,100,Initiation Zones,0,.,64_PP,-40,early,12,ERD,-,_,1.41238286964187,1.67279178552125,0.844326760728188
.,0,100,Initiation Zones,0,.,64_PP,-40,early,12,ERD,+,_,1.44159855162745,1.69240469979929,0.851804861921271
.,0,100,Initiation Zones,0,.,64_PP,-40,early,12,LRD,-,_,0.65282142909488,0.942554593870521,0.692608612106089
.,0,100,Initiation Zones,0,.,64_PP,-40,early,12,LRD,+,_,0.62758192533805,1.06186306307407,0.591019640066596
.,0,100,Initiation Zones,0,.,64_PP,-41,early,12,ERD,-,_,1.49185132828052,1.79565848148402,0.830810170009378
.,0,100,Initiation Zones,0,.,64_PP,-41,early,12,ERD,+,_,1.46091867174289,1.56855499181398,0.931378676149177
.,0,100,Initiation Zones,0,.,64_PP,-41,early,12,LRD,-,_,0.676193784387671,0.804238091675741,0.840788059390134
.,0,100,Initiation Zones,0,.,64_PP,-41,early,12,LRD,+,_,0.636649888827669,0.809957930665007,0.786028341379354
.,0,100,Initiation Zones,0,.,64_PP,-42,early,12,ERD,-,_,1.50545887514968,1.3884920260481,1.08424020225344
.,0,100,Initiation Zones,0,.,64_PP,-42,early,12,ERD,+,_,1.28717770438728,1.78288970355094,0.721961488601138
.,0,100,Initiation Zones,0,.,64_PP,-42,early,12,LRD,-,_,0.614574980562267,0.82386069012326,0.745969540639595
.,0,100,Initiation Zones,0,.,64_PP,-42,early,12,LRD,+,_,0.651277336738404,0.777516451556915,0.837638014519529
.,0,100,Initiation Zones,0,.,64_PP,-43,early,12,ERD,-,_,1.26685781120929,1.48839509925206,0.851156935309651
.,0,100,Initiation Zones,0,.,64_PP,-43,early,12,ERD,+,_,1.46145535636169,1.51563362342681,0.964253717898769
.,0,100,Initiation Zones,0,.,64_PP,-43,early,12,LRD,-,_,0.637881554825129,0.765715236927187,0.833053234496085
.,0,100,Initiation Zones,0,.,64_PP,-43,early,12,LRD,+,_,0.694261282076537,0.761291988389717,0.911951383522421
.,0,100,Initiation Zones,0,.,64_PP,-44,early,12,ERD,-,_,1.32911840027043,1.68745963820794,0.78764455763928
.,0,100,Initiation Zones,0,.,64_PP,-44,early,12,ERD,+,_,1.23749708518969,1.67900468315307,0.737042068796227
.,0,100,Initiation Zones,0,.,64_PP,-44,early,12,LRD,-,_,0.63131111576701,0.839051344125847,0.752410588680639
.,0,100,Initiation Zones,0,.,64_PP,-44,early,12,LRD,+,_,0.640657738358014,0.862922492716941,0.742427904898945
.,0,100,Initiation Zones,0,.,64_PP,-45,early,12,ERD,-,_,1.46095088178504,1.51062486327848,0.967116931078684
.,0,100,Initiation Zones,0,.,64_PP,-45,early,12,ERD,+,_,1.28464975490822,1.62340037290893,0.791332672054458
.,0,100,Initiation Zones,0,.,64_PP,-45,early,12,LRD,-,_,0.680270082111411,0.793601849257686,0.857193166507509
.,0,100,Initiation Zones,0,.,64_PP,-45,early,12,LRD,+,_,0.743162976495296,0.808109980794447,0.919630983600398
.,0,100,Initiation Zones,0,.,64_PP,-46,early,12,ERD,-,_,1.31064389850953,1.5743915407815,0.832476461261309
.,0,100,Initiation Zones,0,.,64_PP,-46,early,12,ERD,+,_,1.3046158841253,1.5723829558715,0.829706198005824
.,0,100,Initiation Zones,0,.,64_PP,-46,early,12,LRD,-,_,0.673547953149629,0.760846286779335,0.885261536861487
.,0,100,Initiation Zones,0,.,64_PP,-46,early,12,LRD,+,_,0.749778670648073,0.857046884869235,0.874839736174377
.,0,100,Initiation Zones,0,.,64_PP,-47,early,12,ERD,-,_,1.36506558182581,1.69673992366085,0.804522580502833
.,0,100,Initiation Zones,0,.,64_PP,-47,early,12,ERD,+,_,1.44588689985481,1.69206106432725,0.854512245649763
.,0,100,Initiation Zones,0,.,64_PP,-47,early,12,LRD,-,_,0.612016568878479,0.862732814409314,0.709392941425912
.,0,100,Initiation Zones,0,.,64_PP,-47,early,12,LRD,+,_,0.687095947203491,0.861888051995348,0.797198598603151
.,0,100,Initiation Zones,0,.,64_PP,-48,early,12,ERD,-,_,1.31959066980254,1.73770774672522,0.7593858474127
.,0,100,Initiation Zones,0,.,64_PP,-48,early,12,ERD,+,_,1.32398452608628,1.63730315143374,0.808637377218084
.,0,100,Initiation Zones,0,.,64_PP,-48,early,12,LRD,-,_,0.783391171804158,0.925563700229218,0.846393577892206
.,0,100,Initiation Zones,0,.,64_PP,-48,early,12,LRD,+,_,0.686207734529359,0.867514112786008,0.791004693082875
.,0,100,Initiation Zones,0,.,64_PP,-49,early,12,ERD,-,_,1.33823680410944,1.84220052003685,0.726433843413896
.,0,100,Initiation Zones,0,.,64_PP,-49,early,12,ERD,+,_,1.38683557479852,1.6842673063578,0.8234058629313
.,0,100,Initiation Zones,0,.,64_PP,-49,early,12,LRD,-,_,0.714232057702291,0.87048883542219,0.820495368393652
.,0,100,Initiation Zones,0,.,64_PP,-49,early,12,LRD,+,_,0.710431073626634,0.810742441903852,0.876272212860032
.,0,100,Initiation Zones,0,.,64_PP,-5,early,12,ERD,-,_,1.36670000378266,1.54717361536532,0.883352708584001
.,0,100,Initiation Zones,0,.,64_PP,-5,early,12,ERD,+,_,1.43896752801785,1.57103946186774,0.915933407749749
.,0,100,Initiation Zones,0,.,64_PP,-5,early,12,LRD,-,_,0.660285732793002,0.79420108817397,0.831383565982178
.,0,100,Initiation Zones,0,.,64_PP,-5,early,12,LRD,+,_,0.708022779572999,0.773670719908249,0.915147441093499
.,0,100,Initiation Zones,0,.,64_PP,-50,early,12,ERD,-,_,1.35493802344446,1.44182556385515,0.939737827800492
.,0,100,Initiation Zones,0,.,64_PP,-50,early,12,ERD,+,_,1.38855418344511,1.57096497324881,0.883886150926418
.,0,100,Initiation Zones,0,.,64_PP,-50,early,12,LRD,-,_,0.67844011779964,0.782267061240562,0.867274299807194
.,0,100,Initiation Zones,0,.,64_PP,-50,early,12,LRD,+,_,0.682601352720127,0.883522043279837,0.772591196690638
.,0,100,Initiation Zones,0,.,64_PP,-51,early,12,ERD,-,_,1.55088036408446,1.51874926103728,1.02115629213557
.,0,100,Initiation Zones,0,.,64_PP,-51,early,12,ERD,+,_,1.36496768915213,1.72625279379528,0.7907113570262
.,0,100,Initiation Zones,0,.,64_PP,-51,early,12,LRD,-,_,0.597127967047584,0.869650739653388,0.686629631667511
.,0,100,Initiation Zones,0,.,64_PP,-51,early,12,LRD,+,_,0.698515588372516,0.733063693172733,0.952871619312244
.,0,100,Initiation Zones,0,.,64_PP,-52,early,12,ERD,-,_,1.33322061755522,1.41342354838843,0.943256265310804
.,0,100,Initiation Zones,0,.,64_PP,-52,early,12,ERD,+,_,1.28746735836265,1.66407070632897,0.773685489123758
.,0,100,Initiation Zones,0,.,64_PP,-52,early,12,LRD,-,_,0.769943624296928,0.797393772369524,0.965575166218034
.,0,100,Initiation Zones,0,.,64_PP,-52,early,12,LRD,+,_,0.723719759086988,0.78406331166821,0.92303739802232
.,0,100,Initiation Zones,0,.,64_PP,-53,early,12,ERD,-,_,1.28358223593927,1.53490050361697,0.836264131072032
.,0,100,Initiation Zones,0,.,64_PP,-53,early,12,ERD,+,_,1.42282018004807,1.66514570143453,0.85447188124277
.,0,100,Initiation Zones,0,.,64_PP,-53,early,12,LRD,-,_,0.684404358407617,0.800847821684063,0.854599762746957
.,0,100,Initiation Zones,0,.,64_PP,-53,early,12,LRD,+,_,0.72675243758215,0.862811041984634,0.842307761744075
.,0,100,Initiation Zones,0,.,64_PP,-54,early,12,ERD,-,_,1.27627273244273,1.4063536093093,0.907504857949304
.,0,100,Initiation Zones,0,.,64_PP,-54,early,12,ERD,+,_,1.38587811165535,1.61639798233516,0.857386687437717
.,0,100,Initiation Zones,0,.,64_PP,-54,early,12,LRD,-,_,0.68643554062009,0.783144238927533,0.87651227768734
.,0,100,Initiation Zones,0,.,64_PP,-54,early,12,LRD,+,_,0.784313996575353,0.764132313772394,1.02641124114138
.,0,100,Initiation Zones,0,.,64_PP,-55,early,12,ERD,-,_,1.27530436707217,1.52986512152415,0.833605753297801
.,0,100,Initiation Zones,0,.,64_PP,-55,early,12,ERD,+,_,1.39785417007448,1.72466762134919,0.810506414552481
.,0,100,Initiation Zones,0,.,64_PP,-55,early,12,LRD,-,_,0.709475643769548,0.826201203447473,0.858720177130138
.,0,100,Initiation Zones,0,.,64_PP,-55,early,12,LRD,+,_,0.671511119749867,0.802683371904808,0.836582821139471
.,0,100,Initiation Zones,0,.,64_PP,-56,early,12,ERD,-,_,1.35319523266902,1.53980687936133,0.8788084082533
.,0,100,Initiation Zones,0,.,64_PP,-56,early,12,ERD,+,_,1.43213698595448,1.79852790166469,0.796282884813135
.,0,100,Initiation Zones,0,.,64_PP,-56,early,12,LRD,-,_,0.648941641943835,0.828282770725301,0.783478378254297
.,0,100,Initiation Zones,0,.,64_PP,-56,early,12,LRD,+,_,0.749980985453968,0.768273017211214,0.976190714306686
.,0,100,Initiation Zones,0,.,64_PP,-57,early,12,ERD,-,_,1.53929079764059,1.63707938880078,0.940266433119152
.,0,100,Initiation Zones,0,.,64_PP,-57,early,12,ERD,+,_,1.35680185569552,1.66318845024486,0.815783596558624
.,0,100,Initiation Zones,0,.,64_PP,-57,early,12,LRD,-,_,0.695845483609827,0.860597516311733,0.808560878251213
.,0,100,Initiation Zones,0,.,64_PP,-57,early,12,LRD,+,_,0.752912928081969,0.829959456496,0.907168322728301
.,0,100,Initiation Zones,0,.,64_PP,-58,early,12,ERD,-,_,1.35620987629781,1.49135722691861,0.909379625363107
.,0,100,Initiation Zones,0,.,64_PP,-58,early,12,ERD,+,_,1.48817461711123,1.68504251489831,0.883167400201196
.,0,100,Initiation Zones,0,.,64_PP,-58,early,12,LRD,-,_,0.636505327090878,0.740513403340752,0.859545990956204
.,0,100,Initiation Zones,0,.,64_PP,-58,early,12,LRD,+,_,0.64959444956337,0.861211443567592,0.754279862878281
.,0,100,Initiation Zones,0,.,64_PP,-59,early,12,ERD,-,_,1.432217123439,1.52757196687535,0.937577511564709
.,0,100,Initiation Zones,0,.,64_PP,-59,early,12,ERD,+,_,1.54963242876612,1.47558067739022,1.05018482046462
.,0,100,Initiation Zones,0,.,64_PP,-59,early,12,LRD,-,_,0.642526323428224,0.779509744209443,0.824269777512348
.,0,100,Initiation Zones,0,.,64_PP,-59,early,12,LRD,+,_,0.701193717492117,0.808429839208474,0.867352593242537
.,0,100,Initiation Zones,0,.,64_PP,-6,early,12,ERD,-,_,1.43068185794599,1.44075768874053,0.993006575031121
.,0,100,Initiation Zones,0,.,64_PP,-6,early,12,ERD,+,_,1.43529812611085,1.42074077655878,1.01024630938469
.,0,100,Initiation Zones,0,.,64_PP,-6,early,12,LRD,-,_,0.862788925703228,0.895374222839374,0.963607063610997
.,0,100,Initiation Zones,0,.,64_PP,-6,early,12,LRD,+,_,0.775033513498993,0.76831095287274,1.00874979147586
.,0,100,Initiation Zones,0,.,64_PP,-60,early,12,ERD,-,_,1.31436429338084,1.61498803353155,0.813853889992405
.,0,100,Initiation Zones,0,.,64_PP,-60,early,12,ERD,+,_,1.47452971526844,1.6422255847109,0.89788499764971
.,0,100,Initiation Zones,0,.,64_PP,-60,early,12,LRD,-,_,0.68643554062009,0.816189733976861,0.841024472674329
.,0,100,Initiation Zones,0,.,64_PP,-60,early,12,LRD,+,_,0.732245182007776,0.917461495154354,0.798120886680463
.,0,100,Initiation Zones,0,.,64_PP,-61,early,12,ERD,-,_,1.12037448729215,1.56033590927232,0.718034162153359
.,0,100,Initiation Zones,0,.,64_PP,-61,early,12,ERD,+,_,1.35632361412709,1.66393081571353,0.815132216627327
.,0,100,Initiation Zones,0,.,64_PP,-61,early,12,LRD,-,_,0.656835964074125,0.874163818852853,0.751387726085572
.,0,100,Initiation Zones,0,.,64_PP,-61,early,12,LRD,+,_,0.61382192748874,0.947746631887604,0.647664583377316
.,0,100,Initiation Zones,0,.,64_PP,-62,early,12,ERD,-,_,1.42059871299753,1.60935473721121,0.882713226705525
.,0,100,Initiation Zones,0,.,64_PP,-62,early,12,ERD,+,_,1.47618220546659,1.58869990117329,0.929176243025125
.,0,100,Initiation Zones,0,.,64_PP,-62,early,12,LRD,-,_,0.695473373725544,0.690874379707542,1.00665677314586
.,0,100,Initiation Zones,0,.,64_PP,-62,early,12,LRD,+,_,0.750272793490971,0.864057493334423,0.868313508393575
.,0,100,Initiation Zones,0,.,64_PP,-63,early,12,ERD,-,_,1.45197808432904,1.68357476223512,0.862437544740448
.,0,100,Initiation Zones,0,.,64_PP,-63,early,12,ERD,+,_,1.37225784655559,1.60393598288924,0.855556494270855
.,0,100,Initiation Zones,0,.,64_PP,-63,early,12,LRD,-,_,0.6955712587887,0.860708675897926,0.808137849967705
.,0,100,Initiation Zones,0,.,64_PP,-63,early,12,LRD,+,_,0.70706459662097,0.829228083177624,0.852678064051424
.,0,100,Initiation Zones,0,.,64_PP,-64,early,12,ERD,-,_,1.2520150539053,1.5577249152679,0.8037459256341
.,0,100,Initiation Zones,0,.,64_PP,-64,early,12,ERD,+,_,1.24748839804453,1.65729578854844,0.752725256809559
.,0,100,Initiation Zones,0,.,64_PP,-64,early,12,LRD,-,_,0.70989193898376,0.80998587614884,0.87642508331011
.,0,100,Initiation Zones,0,.,64_PP,-64,early,12,LRD,+,_,0.720076552669258,0.865821308839996,0.831668781210753
.,0,100,Initiation Zones,0,.,64_PP,-65,early,12,ERD,-,_,1.52121242459463,1.55167242094575,0.980369570316548
.,0,100,Initiation Zones,0,.,64_PP,-65,early,12,ERD,+,_,1.32983001499418,1.60923509740916,0.826373981735286
.,0,100,Initiation Zones,0,.,64_PP,-65,early,12,LRD,-,_,0.700081064814409,0.821998644329915,0.851681532133314
.,0,100,Initiation Zones,0,.,64_PP,-65,early,12,LRD,+,_,0.57845139331428,0.845895569591526,0.683833104355433
.,0,100,Initiation Zones,0,.,64_PP,-66,early,12,ERD,-,_,1.12080919713117,1.62931108549516,0.687903744784589
.,0,100,Initiation Zones,0,.,64_PP,-66,early,12,ERD,+,_,1.48632595299059,1.69821794585955,0.875226855666216
.,0,100,Initiation Zones,0,.,64_PP,-66,early,12,LRD,-,_,0.679032161264737,0.78399983161383,0.866112636614958
.,0,100,Initiation Zones,0,.,64_PP,-66,early,12,LRD,+,_,0.687733693718022,0.832585300590917,0.826021902176164
.,0,100,Initiation Zones,0,.,64_PP,-67,early,12,ERD,-,_,1.37223039228384,1.62622977445883,0.843810889356329
.,0,100,Initiation Zones,0,.,64_PP,-67,early,12,ERD,+,_,1.23377609158251,1.55249924461589,0.794703183181107
.,0,100,Initiation Zones,0,.,64_PP,-67,early,12,LRD,-,_,0.740664349773169,0.807245109640116,0.917521011806897
.,0,100,Initiation Zones,0,.,64_PP,-67,early,12,LRD,+,_,0.713941197258662,0.856397558934583,0.833656273082859
.,0,100,Initiation Zones,0,.,64_PP,-68,early,12,ERD,-,_,1.37916574851468,1.62166598650431,0.850462277677556
.,0,100,Initiation Zones,0,.,64_PP,-68,early,12,ERD,+,_,1.45215754027816,1.59547606699261,0.910171935712836
.,0,100,Initiation Zones,0,.,64_PP,-68,early,12,LRD,-,_,0.640105922907231,0.79450884245019,0.80566242778772
.,0,100,Initiation Zones,0,.,64_PP,-68,early,12,LRD,+,_,0.763806392509054,1.00630734814364,0.759018995457074
.,0,100,Initiation Zones,0,.,64_PP,-69,early,12,ERD,-,_,1.36108922917379,1.60470330585719,0.848187465063354
.,0,100,Initiation Zones,0,.,64_PP,-69,early,12,ERD,+,_,1.36220248345564,1.61440691798246,0.843778893835513
.,0,100,Initiation Zones,0,.,64_PP,-69,early,12,LRD,-,_,0.702419392257615,0.799602619384398,0.878460594336718
.,0,100,Initiation Zones,0,.,64_PP,-69,early,12,LRD,+,_,0.750166992642821,0.843840854969695,0.888991079567678
.,0,100,Initiation Zones,0,.,64_PP,-7,early,12,ERD,-,_,1.40157929777622,1.50072067721295,0.933937486874068
.,0,100,Initiation Zones,0,.,64_PP,-7,early,12,ERD,+,_,1.32737869521913,1.47440002660481,0.900283960436276
.,0,100,Initiation Zones,0,.,64_PP,-7,early,12,LRD,-,_,0.759304370931585,0.776704722731418,0.977597211281732
.,0,100,Initiation Zones,0,.,64_PP,-7,early,12,LRD,+,_,0.768140369351721,0.78348095382063,0.980419965036673
.,0,100,Initiation Zones,0,.,64_PP,-70,early,12,ERD,-,_,1.4968922512346,1.59470466117376,0.938664247794217
.,0,100,Initiation Zones,0,.,64_PP,-70,early,12,ERD,+,_,1.4400484050037,1.65056997688291,0.872455227692454
.,0,100,Initiation Zones,0,.,64_PP,-70,early,12,LRD,-,_,0.672719405947,0.833298932851453,0.8072966128074
.,0,100,Initiation Zones,0,.,64_PP,-70,early,12,LRD,+,_,0.757756811381155,0.794857395007275,0.953324226635924
.,0,100,Initiation Zones,0,.,64_PP,-71,early,12,ERD,-,_,1.38564257186916,1.60788008089406,0.861782286088571
.,0,100,Initiation Zones,0,.,64_PP,-71,early,12,ERD,+,_,1.39410667533961,1.59717107940381,0.872859954276158
.,0,100,Initiation Zones,0,.,64_PP,-71,early,12,LRD,-,_,0.640094410210776,0.847604341958652,0.755180664520477
.,0,100,Initiation Zones,0,.,64_PP,-71,early,12,LRD,+,_,0.715146911905195,0.980260213217082,0.729548034555212
.,0,100,Initiation Zones,0,.,64_PP,-72,early,12,ERD,-,_,1.42261057584835,1.60226778650612,0.887873168161531
.,0,100,Initiation Zones,0,.,64_PP,-72,early,12,ERD,+,_,1.24117468066123,1.76673394367521,0.702524952953192
.,0,100,Initiation Zones,0,.,64_PP,-72,early,12,LRD,-,_,0.625573897935913,0.787868400672523,0.794008107701648
.,0,100,Initiation Zones,0,.,64_PP,-72,early,12,LRD,+,_,0.678994285753734,0.874320672498193,0.776596398908934
.,0,100,Initiation Zones,0,.,64_PP,-73,early,12,ERD,-,_,1.30500440202439,1.48409535011706,0.879326521656074
.,0,100,Initiation Zones,0,.,64_PP,-73,early,12,ERD,+,_,1.36648876768567,1.68804997425595,0.809507294526621
.,0,100,Initiation Zones,0,.,64_PP,-73,early,12,LRD,-,_,0.639279979780899,0.690085018017452,0.926378581029754
.,0,100,Initiation Zones,0,.,64_PP,-73,early,12,LRD,+,_,0.673535183499738,0.86127021109786,0.782025402505427
.,0,100,Initiation Zones,0,.,64_PP,-74,early,12,ERD,-,_,1.55939473485224,1.62917199672987,0.957170107258356
.,0,100,Initiation Zones,0,.,64_PP,-74,early,12,ERD,+,_,1.38306428671011,1.62623836916307,0.850468364869467
.,0,100,Initiation Zones,0,.,64_PP,-74,early,12,LRD,-,_,0.641032392006176,0.745370659364236,0.860018279432872
.,0,100,Initiation Zones,0,.,64_PP,-74,early,12,LRD,+,_,0.681800895867244,0.804617548704579,0.847360211028124
.,0,100,Initiation Zones,0,.,64_PP,-75,early,12,ERD,-,_,1.50124890432584,1.59572310173752,0.940795369003048
.,0,100,Initiation Zones,0,.,64_PP,-75,early,12,ERD,+,_,1.53615488819621,1.77478198880157,0.865545682731155
.,0,100,Initiation Zones,0,.,64_PP,-75,early,12,LRD,-,_,0.624066345646691,0.762055815970695,0.818924719906198
.,0,100,Initiation Zones,0,.,64_PP,-75,early,12,LRD,+,_,0.642799051485317,1.02276132668952,0.628493701033782
.,0,100,Initiation Zones,0,.,64_PP,-76,early,12,ERD,-,_,1.42154989486427,1.61105549910306,0.882371771584346
.,0,100,Initiation Zones,0,.,64_PP,-76,early,12,ERD,+,_,1.29153679675821,1.60509735985422,0.804647013359682
.,0,100,Initiation Zones,0,.,64_PP,-76,early,12,LRD,-,_,0.80266091872226,0.816146759432623,0.983476206264989
.,0,100,Initiation Zones,0,.,64_PP,-76,early,12,LRD,+,_,0.713465430650942,0.816598531012875,0.873704033934507
.,0,100,Initiation Zones,0,.,64_PP,-77,early,12,ERD,-,_,1.46707153712625,1.3958563067321,1.05101902685161
.,0,100,Initiation Zones,0,.,64_PP,-77,early,12,ERD,+,_,1.35977283742799,1.61528991173887,0.841813489668972
.,0,100,Initiation Zones,0,.,64_PP,-77,early,12,LRD,-,_,0.650680472753659,0.834854994605864,0.779393400000974
.,0,100,Initiation Zones,0,.,64_PP,-77,early,12,LRD,+,_,0.687713800923457,0.921371493708914,0.746402298767802
.,0,100,Initiation Zones,0,.,64_PP,-78,early,12,ERD,-,_,1.37561878392566,1.85556987085687,0.741345721080513
.,0,100,Initiation Zones,0,.,64_PP,-78,early,12,ERD,+,_,1.37454940774536,1.64649579070129,0.834833235230989
.,0,100,Initiation Zones,0,.,64_PP,-78,early,12,LRD,-,_,0.773282058876025,0.79634010390556,0.971044978249306
.,0,100,Initiation Zones,0,.,64_PP,-78,early,12,LRD,+,_,0.725309211294207,0.834634013976968,0.869014680863728
.,0,100,Initiation Zones,0,.,64_PP,-79,early,12,ERD,-,_,1.24644423272945,1.63585847218247,0.761951143038991
.,0,100,Initiation Zones,0,.,64_PP,-79,early,12,ERD,+,_,1.48302700515304,1.58351871855024,0.936538979792296
.,0,100,Initiation Zones,0,.,64_PP,-79,early,12,LRD,-,_,0.698066636275714,0.853050230187852,0.818318325899743
.,0,100,Initiation Zones,0,.,64_PP,-79,early,12,LRD,+,_,0.695290514819218,0.868378687345293,0.800676622942901
.,0,100,Initiation Zones,0,.,64_PP,-8,early,12,ERD,-,_,1.45314903439705,1.5527277549551,0.935868525412604
.,0,100,Initiation Zones,0,.,64_PP,-8,early,12,ERD,+,_,1.25867959552283,1.50527942906166,0.836176706611506
.,0,100,Initiation Zones,0,.,64_PP,-8,early,12,LRD,-,_,0.689643009052219,0.834107047612993,0.826803958827354
.,0,100,Initiation Zones,0,.,64_PP,-8,early,12,LRD,+,_,0.658203389986411,0.866511206297239,0.759601705324776
.,0,100,Initiation Zones,0,.,64_PP,-80,early,12,ERD,-,_,1.40299646592361,1.58108207954583,0.887364725762137
.,0,100,Initiation Zones,0,.,64_PP,-80,early,12,ERD,+,_,1.34274775461687,1.62163141235314,0.828022782728671
.,0,100,Initiation Zones,0,.,64_PP,-80,early,12,LRD,-,_,0.650640678216765,0.816892547836084,0.796482572818526
.,0,100,Initiation Zones,0,.,64_PP,-80,early,12,LRD,+,_,0.699155235766826,0.804467321380325,0.869090909208342
.,0,100,Initiation Zones,0,.,64_PP,-81,early,12,ERD,-,_,1.34766451712459,1.64559991700366,0.818950282629115
.,0,100,Initiation Zones,0,.,64_PP,-81,early,12,ERD,+,_,1.36869913614196,1.6444618067837,0.83230825458872
.,0,100,Initiation Zones,0,.,64_PP,-81,early,12,LRD,-,_,0.712197852474658,0.712220311165536,0.999968466652066
.,0,100,Initiation Zones,0,.,64_PP,-81,early,12,LRD,+,_,0.676071874450581,0.833061325171794,0.811551147583477
.,0,100,Initiation Zones,0,.,64_PP,-82,early,12,ERD,-,_,1.34347540373291,1.38619344530711,0.969183203312051
.,0,100,Initiation Zones,0,.,64_PP,-82,early,12,ERD,+,_,1.2688148379188,1.66397639124677,0.762519735612419
.,0,100,Initiation Zones,0,.,64_PP,-82,early,12,LRD,-,_,0.650105483365213,1.01023542080327,0.643518797676182
.,0,100,Initiation Zones,0,.,64_PP,-82,early,12,LRD,+,_,0.703337625247514,0.942330936848247,0.746380701030492
.,0,100,Initiation Zones,0,.,64_PP,-83,early,12,ERD,-,_,1.60588360305538,1.5373123749288,1.04460461598103
.,0,100,Initiation Zones,0,.,64_PP,-83,early,12,ERD,+,_,1.4042010588489,1.76806514520209,0.794202104294299
.,0,100,Initiation Zones,0,.,64_PP,-83,early,12,LRD,-,_,0.657122479216578,0.74447945000142,0.882660332955228
.,0,100,Initiation Zones,0,.,64_PP,-83,early,12,LRD,+,_,0.694311165928576,0.804714560707075,0.862804278474231
.,0,100,Initiation Zones,0,.,64_PP,-84,early,12,ERD,-,_,1.42739925046633,1.58821460992486,0.898744566097313
.,0,100,Initiation Zones,0,.,64_PP,-84,early,12,ERD,+,_,1.34019840143253,1.54974550137553,0.864786121490906
.,0,100,Initiation Zones,0,.,64_PP,-84,early,12,LRD,-,_,0.616251729277708,0.797310658572112,0.7729129451014
.,0,100,Initiation Zones,0,.,64_PP,-84,early,12,LRD,+,_,0.662792823138361,0.924948602941855,0.716572597688464
.,0,100,Initiation Zones,0,.,64_PP,-85,early,12,ERD,-,_,1.38194913044912,1.66624481594399,0.82937940284975
.,0,100,Initiation Zones,0,.,64_PP,-85,early,12,ERD,+,_,1.34115612424868,1.59809960554458,0.839219357539141
.,0,100,Initiation Zones,0,.,64_PP,-85,early,12,LRD,-,_,0.68719392880024,0.818273048296402,0.839810049018404
.,0,100,Initiation Zones,0,.,64_PP,-85,early,12,LRD,+,_,0.676782650750456,0.815616722794841,0.829780253194604
.,0,100,Initiation Zones,0,.,64_PP,-86,early,12,ERD,-,_,1.24894821728333,1.67394210307421,0.746111956315347
.,0,100,Initiation Zones,0,.,64_PP,-86,early,12,ERD,+,_,1.23029217585351,1.89371178514384,0.649672344812524
.,0,100,Initiation Zones,0,.,64_PP,-86,early,12,LRD,-,_,0.640657738358013,0.837958544771685,0.764545862507519
.,0,100,Initiation Zones,0,.,64_PP,-86,early,12,LRD,+,_,0.687691711378571,0.816520175164705,0.842222558970882
.,0,100,Initiation Zones,0,.,64_PP,-87,early,12,ERD,-,_,1.35499359403531,1.6042422224144,0.844631549465164
.,0,100,Initiation Zones,0,.,64_PP,-87,early,12,ERD,+,_,1.25274428686231,1.5473414398165,0.80961076503637
.,0,100,Initiation Zones,0,.,64_PP,-87,early,12,LRD,-,_,0.664935294758949,0.82232649889398,0.808602538837408
.,0,100,Initiation Zones,0,.,64_PP,-87,early,12,LRD,+,_,0.593990389932662,0.967629428360771,0.613861435507311
.,0,100,Initiation Zones,0,.,64_PP,-88,early,12,ERD,-,_,1.24111225831704,1.50470163309428,0.824822829337141
.,0,100,Initiation Zones,0,.,64_PP,-88,early,12,ERD,+,_,1.47585018964033,1.68780398799401,0.874420371167863
.,0,100,Initiation Zones,0,.,64_PP,-88,early,12,LRD,-,_,0.681232728454021,0.80948880879289,0.8415591680259
.,0,100,Initiation Zones,0,.,64_PP,-88,early,12,LRD,+,_,0.75970335330135,0.927437775490013,0.819142128322259
.,0,100,Initiation Zones,0,.,64_PP,-89,early,12,ERD,-,_,1.51056595461056,1.69691777899876,0.890182172233384
.,0,100,Initiation Zones,0,.,64_PP,-89,early,12,ERD,+,_,1.44696841217931,1.61662538488291,0.895054862870484
.,0,100,Initiation Zones,0,.,64_PP,-89,early,12,LRD,-,_,0.662287485479955,0.788126146517061,0.840331828104904
.,0,100,Initiation Zones,0,.,64_PP,-89,early,12,LRD,+,_,0.627671432850756,0.958874772379436,0.654591664032622
.,0,100,Initiation Zones,0,.,64_PP,-9,early,12,ERD,-,_,1.40589418183144,1.57659641464674,0.891727374723512
.,0,100,Initiation Zones,0,.,64_PP,-9,early,12,ERD,+,_,1.2967306202499,1.57225921300273,0.824756254901108
.,0,100,Initiation Zones,0,.,64_PP,-9,early,12,LRD,-,_,0.755484177676282,0.781583261361856,0.966607417308173
.,0,100,Initiation Zones,0,.,64_PP,-9,early,12,LRD,+,_,0.962482835800702,0.961998460938546,1.00050350897826
.,0,100,Initiation Zones,0,.,64_PP,-90,early,12,ERD,-,_,1.49831245261148,1.57149069928184,0.953433865880466
.,0,100,Initiation Zones,0,.,64_PP,-90,early,12,ERD,+,_,1.28312997575713,1.3971583000696,0.91838553705275
.,0,100,Initiation Zones,0,.,64_PP,-90,early,12,LRD,-,_,0.732951073892745,0.766122712884754,0.956701924594946
.,0,100,Initiation Zones,0,.,64_PP,-90,early,12,LRD,+,_,0.587495404379463,0.81404666060346,0.721697456438121
.,0,100,Initiation Zones,0,.,64_PP,-91,early,12,ERD,-,_,1.31495732142432,1.61489154194746,0.814269743365283
.,0,100,Initiation Zones,0,.,64_PP,-91,early,12,ERD,+,_,1.31426634983519,1.74406758010896,0.753563889854021
.,0,100,Initiation Zones,0,.,64_PP,-91,early,12,LRD,-,_,0.679121469998068,0.754008370120525,0.900681606345449
.,0,100,Initiation Zones,0,.,64_PP,-91,early,12,LRD,+,_,0.633874303481282,0.868258204697031,0.730052765470226
.,0,100,Initiation Zones,0,.,64_PP,-92,early,12,ERD,-,_,1.30629616217293,1.70430019609181,0.766470698746878
.,0,100,Initiation Zones,0,.,64_PP,-92,early,12,ERD,+,_,1.50067385915618,1.52430517680799,0.984496990490253
.,0,100,Initiation Zones,0,.,64_PP,-92,early,12,LRD,-,_,0.642179089187887,0.813810087903488,0.789101903175283
.,0,100,Initiation Zones,0,.,64_PP,-92,early,12,LRD,+,_,0.606476689398281,0.90201808105859,0.672355357540652
.,0,100,Initiation Zones,0,.,64_PP,-93,early,12,ERD,-,_,1.3203710584839,1.62980164193838,0.810142182034825
.,0,100,Initiation Zones,0,.,64_PP,-93,early,12,ERD,+,_,1.48847205069499,1.50958445558145,0.986014426149923
.,0,100,Initiation Zones,0,.,64_PP,-93,early,12,LRD,-,_,0.625605813546718,0.891906838402701,0.701425066621424
.,0,100,Initiation Zones,0,.,64_PP,-93,early,12,LRD,+,_,0.645030179895768,0.891297772935051,0.72369773546239
.,0,100,Initiation Zones,0,.,64_PP,-94,early,12,ERD,-,_,1.4075056373017,1.58216830908125,0.88960550481448
.,0,100,Initiation Zones,0,.,64_PP,-94,early,12,ERD,+,_,1.41876568240011,1.75524969516643,0.808298492406564
.,0,100,Initiation Zones,0,.,64_PP,-94,early,12,LRD,-,_,0.757328839683623,0.79626110526991,0.951106156851538
.,0,100,Initiation Zones,0,.,64_PP,-94,early,12,LRD,+,_,0.686254099916827,0.893085113633217,0.768408396289389
.,0,100,Initiation Zones,0,.,64_PP,-95,early,12,ERD,-,_,1.16234265962817,1.60187124356907,0.725615535140265
.,0,100,Initiation Zones,0,.,64_PP,-95,early,12,ERD,+,_,1.32001561552764,1.6344373052912,0.807626949809775
.,0,100,Initiation Zones,0,.,64_PP,-95,early,12,LRD,-,_,0.782557002469975,0.937267345820736,0.834934670411156
.,0,100,Initiation Zones,0,.,64_PP,-95,early,12,LRD,+,_,0.664479561050758,0.808188336642617,0.822184051567912
.,0,100,Initiation Zones,0,.,64_PP,-96,early,12,ERD,-,_,1.28715197729853,1.44370266156141,0.891563070131375
.,0,100,Initiation Zones,0,.,64_PP,-96,early,12,ERD,+,_,1.43368524215551,1.45648256235588,0.984347687511274
.,0,100,Initiation Zones,0,.,64_PP,-96,early,12,LRD,-,_,0.66342165447909,0.881624773848934,0.752498879520786
.,0,100,Initiation Zones,0,.,64_PP,-96,early,12,LRD,+,_,0.691270352754289,0.888729442356142,0.777818669899849
.,0,100,Initiation Zones,0,.,64_PP,-97,early,12,ERD,-,_,1.28501949361874,1.68431521821535,0.762932899805008
.,0,100,Initiation Zones,0,.,64_PP,-97,early,12,ERD,+,_,1.32407430766979,1.54035189125658,0.85959209397902
.,0,100,Initiation Zones,0,.,64_PP,-97,early,12,LRD,-,_,0.691642656187455,0.886654950041191,0.780058416360641
.,0,100,Initiation Zones,0,.,64_PP,-97,early,12,LRD,+,_,0.716301664091851,0.843800227099932,0.848899586758489
.,0,100,Initiation Zones,0,.,64_PP,-98,early,12,ERD,-,_,1.28735856034735,1.75874243585832,0.731976743211452
.,0,100,Initiation Zones,0,.,64_PP,-98,early,12,ERD,+,_,1.37656838467982,1.70207558379815,0.808758669581543
.,0,100,Initiation Zones,0,.,64_PP,-98,early,12,LRD,-,_,0.685839110539736,0.773670719908249,0.88647417162313
.,0,100,Initiation Zones,0,.,64_PP,-98,early,12,LRD,+,_,0.696267817573868,0.892397547365867,0.780221572357606
.,0,100,Initiation Zones,0,.,64_PP,-99,early,12,ERD,-,_,1.32560221402633,1.49620049392426,0.885978997740818
.,0,100,Initiation Zones,0,.,64_PP,-99,early,12,ERD,+,_,1.48876655389862,1.68391546722152,0.884110029795677
.,0,100,Initiation Zones,0,.,64_PP,-99,early,12,LRD,-,_,0.728190828617185,0.90363863404581,0.805842956666093
.,0,100,Initiation Zones,0,.,64_PP,-99,early,12,LRD,+,_,0.683368254248548,0.887176358421103,0.770273292070958
.,0,100,Initiation Zones,0,.,64_PP,0,early,12,ERD,-,_,1.21478563465577,1.64825501197844,0.737013159873625
.,0,100,Initiation Zones,0,.,64_PP,0,early,12,ERD,+,_,1.29461144601065,1.49138094330026,0.868062215644124
.,0,100,Initiation Zones,0,.,64_PP,0,early,12,LRD,-,_,0.700625028345733,0.860139800368582,0.814547853785519
.,0,100,Initiation Zones,0,.,64_PP,0,early,12,LRD,+,_,0.675141228646682,0.788875809201243,0.855827014559212
.,0,100,Initiation Zones,0,.,64_PP,1,early,12,ERD,-,_,1.34602379813602,1.50899872792677,0.891997967410707
.,0,100,Initiation Zones,0,.,64_PP,1,early,12,ERD,+,_,1.26369825419716,1.4996426729747,0.842666241078939
.,0,100,Initiation Zones,0,.,64_PP,1,early,12,LRD,-,_,0.734598154957673,0.826991269523547,0.888278004894653
.,0,100,Initiation Zones,0,.,64_PP,1,early,12,LRD,+,_,0.793112168375997,0.732877172858541,1.08218975532082
.,0,100,Initiation Zones,0,.,64_PP,10,early,12,ERD,-,_,1.33921366702973,1.54092309527914,0.869098315894297
.,0,100,Initiation Zones,0,.,64_PP,10,early,12,ERD,+,_,1.31754656963933,1.51708893089701,0.868470227951832
.,0,100,Initiation Zones,0,.,64_PP,10,early,12,LRD,-,_,0.834202394751554,0.737023159491542,1.13185370637071
.,0,100,Initiation Zones,0,.,64_PP,10,early,12,LRD,+,_,0.817701778030004,0.755466702969231,1.08237964005054
.,0,100,Initiation Zones,0,.,64_PP,100,early,12,ERD,-,_,1.31517815254681,1.65162863334799,0.796291688090217
.,0,100,Initiation Zones,0,.,64_PP,100,early,12,ERD,+,_,1.38818225482349,1.63723035004861,0.84788451104774
.,0,100,Initiation Zones,0,.,64_PP,100,early,12,LRD,-,_,0.628277878679598,0.812354255903661,0.773403812577682
.,0,100,Initiation Zones,0,.,64_PP,100,early,12,LRD,+,_,0.743836131365309,0.870143684677296,0.854842877634825
.,0,100,Initiation Zones,0,.,64_PP,11,early,12,ERD,-,_,1.28269437582176,1.65160361132558,0.776635729678669
.,0,100,Initiation Zones,0,.,64_PP,11,early,12,ERD,+,_,1.44227613985225,1.68025410195458,0.858367873153529
.,0,100,Initiation Zones,0,.,64_PP,11,early,12,LRD,-,_,0.907395722883233,0.834786128847746,1.08697987607402
.,0,100,Initiation Zones,0,.,64_PP,11,early,12,LRD,+,_,0.813171082976737,0.794694380775321,1.02325007279325
.,0,100,Initiation Zones,0,.,64_PP,12,early,12,ERD,-,_,1.2910157061454,1.42429401762735,0.906425000854829
.,0,100,Initiation Zones,0,.,64_PP,12,early,12,ERD,+,_,1.35010148581959,1.53463938322099,0.879751621508578
.,0,100,Initiation Zones,0,.,64_PP,12,early,12,LRD,-,_,0.823957035721556,0.782437526932705,1.05306431166666
.,0,100,Initiation Zones,0,.,64_PP,12,early,12,LRD,+,_,0.819077474094277,0.835173195676236,0.98072768419139
.,0,100,Initiation Zones,0,.,64_PP,13,early,12,ERD,-,_,1.27534324356184,1.52913742287748,0.834027880347042
.,0,100,Initiation Zones,0,.,64_PP,13,early,12,ERD,+,_,1.26850232194887,1.50229896639718,0.844374089526929
.,0,100,Initiation Zones,0,.,64_PP,13,early,12,LRD,-,_,0.838755011009455,0.847147827385568,0.990092854983746
.,0,100,Initiation Zones,0,.,64_PP,13,early,12,LRD,+,_,0.892090477737408,0.861801906263014,1.03514563063075
.,0,100,Initiation Zones,0,.,64_PP,14,early,12,ERD,-,_,1.27271456387749,1.57637622198239,0.807367268123956
.,0,100,Initiation Zones,0,.,64_PP,14,early,12,ERD,+,_,1.47343341064743,1.37543212099371,1.0712512730784
.,0,100,Initiation Zones,0,.,64_PP,14,early,12,LRD,-,_,0.77367933060259,0.77703450564698,0.99568207715358
.,0,100,Initiation Zones,0,.,64_PP,14,early,12,LRD,+,_,0.724083455634095,0.891806069355316,0.811929275338451
.,0,100,Initiation Zones,0,.,64_PP,15,early,12,ERD,-,_,1.30484614294095,1.36620788073739,0.955086090000213
.,0,100,Initiation Zones,0,.,64_PP,15,early,12,ERD,+,_,1.27818042157726,1.47273132362045,0.867897899010581
.,0,100,Initiation Zones,0,.,64_PP,15,early,12,LRD,-,_,0.768294091642479,0.825563268194778,0.930630178499189
.,0,100,Initiation Zones,0,.,64_PP,15,early,12,LRD,+,_,0.844669951095491,0.854013448514105,0.989059308802607
.,0,100,Initiation Zones,0,.,64_PP,16,early,12,ERD,-,_,1.48826506056136,1.79996093035588,0.826831869215684
.,0,100,Initiation Zones,0,.,64_PP,16,early,12,ERD,+,_,1.31418085674027,1.64018192620549,0.801240908550058
.,0,100,Initiation Zones,0,.,64_PP,16,early,12,LRD,-,_,0.86187793268124,0.809111324742369,1.06521551030777
.,0,100,Initiation Zones,0,.,64_PP,16,early,12,LRD,+,_,0.822082938600991,0.813928585856963,1.01001851131134
.,0,100,Initiation Zones,0,.,64_PP,17,early,12,ERD,-,_,1.31305072937685,1.49515201409855,0.878205504855311
.,0,100,Initiation Zones,0,.,64_PP,17,early,12,ERD,+,_,1.43447210728144,1.38475846244447,1.03590058929787
.,0,100,Initiation Zones,0,.,64_PP,17,early,12,LRD,-,_,0.801759868409703,0.884229220932174,0.906733061325964
.,0,100,Initiation Zones,0,.,64_PP,17,early,12,LRD,+,_,0.725370861035924,0.833183852208883,0.870601199378586
.,0,100,Initiation Zones,0,.,64_PP,18,early,12,ERD,-,_,1.34378978418849,1.51403996100306,0.887552388840665
.,0,100,Initiation Zones,0,.,64_PP,18,early,12,ERD,+,_,1.34612275256382,1.58483047232512,0.849379650423373
.,0,100,Initiation Zones,0,.,64_PP,18,early,12,LRD,-,_,0.797305588555332,0.769434482536993,1.03622284502566
.,0,100,Initiation Zones,0,.,64_PP,18,early,12,LRD,+,_,0.720238520038028,0.829511416496668,0.868268363417903
.,0,100,Initiation Zones,0,.,64_PP,19,early,12,ERD,-,_,1.30655001712977,1.62590402947605,0.803583725388025
.,0,100,Initiation Zones,0,.,64_PP,19,early,12,ERD,+,_,1.25272940336122,1.51254244300054,0.828227603898567
.,0,100,Initiation Zones,0,.,64_PP,19,early,12,LRD,-,_,0.748841394653808,0.851924520517879,0.878999696121661
.,0,100,Initiation Zones,0,.,64_PP,19,early,12,LRD,+,_,0.773253379498401,0.820651281729975,0.942243553033077
.,0,100,Initiation Zones,0,.,64_PP,2,early,12,ERD,-,_,1.25232034795559,1.61492847561887,0.775464899444341
.,0,100,Initiation Zones,0,.,64_PP,2,early,12,ERD,+,_,1.37272885018042,1.69971461681251,0.807623136614962
.,0,100,Initiation Zones,0,.,64_PP,2,early,12,LRD,-,_,0.755939417351948,0.897078319402816,0.842668249808084
.,0,100,Initiation Zones,0,.,64_PP,2,early,12,LRD,+,_,0.762737659799895,0.861309691287686,0.885555645681378
.,0,100,Initiation Zones,0,.,64_PP,20,early,12,ERD,-,_,1.42648324140015,1.64174665350418,0.868881467402678
.,0,100,Initiation Zones,0,.,64_PP,20,early,12,ERD,+,_,1.31588172024431,1.68544527860386,0.780732389801655
.,0,100,Initiation Zones,0,.,64_PP,20,early,12,LRD,-,_,0.813412213079428,0.955810754595112,0.851018058929453
.,0,100,Initiation Zones,0,.,64_PP,20,early,12,LRD,+,_,0.861564056772553,0.856397558934583,1.00603282644149
.,0,100,Initiation Zones,0,.,64_PP,21,early,12,ERD,-,_,1.33196714380229,1.4966584555622,0.889960657925759
.,0,100,Initiation Zones,0,.,64_PP,21,early,12,ERD,+,_,1.34973591163365,1.68645515358622,0.800339047714052
.,0,100,Initiation Zones,0,.,64_PP,21,early,12,LRD,-,_,0.781378887132335,0.821585554266203,0.951062105552991
.,0,100,Initiation Zones,0,.,64_PP,21,early,12,LRD,+,_,0.679074301578588,0.928166811360696,0.731629587771041
.,0,100,Initiation Zones,0,.,64_PP,22,early,12,ERD,-,_,1.3229582297093,1.7058774055176,0.775529487306789
.,0,100,Initiation Zones,0,.,64_PP,22,early,12,ERD,+,_,1.51203284840395,1.47370485557366,1.0260079165006
.,0,100,Initiation Zones,0,.,64_PP,22,early,12,LRD,-,_,0.7468552948067,0.801846190901922,0.93141964541433
.,0,100,Initiation Zones,0,.,64_PP,22,early,12,LRD,+,_,0.719683926413714,0.79093625292315,0.909913945345024
.,0,100,Initiation Zones,0,.,64_PP,23,early,12,ERD,-,_,1.36203237825041,1.44064567386837,0.945431901095523
.,0,100,Initiation Zones,0,.,64_PP,23,early,12,ERD,+,_,1.29232514325082,1.48521333655114,0.870127618333789
.,0,100,Initiation Zones,0,.,64_PP,23,early,12,LRD,-,_,0.865858640326285,0.803277672038816,1.07790701828999
.,0,100,Initiation Zones,0,.,64_PP,23,early,12,LRD,+,_,0.779996126933838,0.790566977009693,0.986628773547006
.,0,100,Initiation Zones,0,.,64_PP,24,early,12,ERD,-,_,1.39908115100544,1.69015885470003,0.827780860429089
.,0,100,Initiation Zones,0,.,64_PP,24,early,12,ERD,+,_,1.22443791061997,1.8480223566401,0.662566611394318
.,0,100,Initiation Zones,0,.,64_PP,24,early,12,LRD,-,_,0.808180656257103,0.767481354148983,1.05302969497318
.,0,100,Initiation Zones,0,.,64_PP,24,early,12,LRD,+,_,0.707077635116915,0.83071254417267,0.8511700468194
.,0,100,Initiation Zones,0,.,64_PP,25,early,12,ERD,-,_,1.37155003712161,1.68533196374043,0.813815952364416
.,0,100,Initiation Zones,0,.,64_PP,25,early,12,ERD,+,_,1.32082270391477,1.74908811079736,0.75514932367395
.,0,100,Initiation Zones,0,.,64_PP,25,early,12,LRD,-,_,0.710109295722533,0.871794811213685,0.814537189931128
.,0,100,Initiation Zones,0,.,64_PP,25,early,12,LRD,+,_,0.69442003194529,0.82331086436479,0.843448157921561
.,0,100,Initiation Zones,0,.,64_PP,26,early,12,ERD,-,_,1.28884819556797,1.61095039507916,0.800054551341191
.,0,100,Initiation Zones,0,.,64_PP,26,early,12,ERD,+,_,1.4944557925018,1.56706918544609,0.953662931018827
.,0,100,Initiation Zones,0,.,64_PP,26,early,12,LRD,-,_,0.728075154026317,0.742640024367213,0.980387711592427
.,0,100,Initiation Zones,0,.,64_PP,26,early,12,LRD,+,_,0.773272710349617,0.811612379870872,0.952761108045992
.,0,100,Initiation Zones,0,.,64_PP,27,early,12,ERD,-,_,1.30235668675033,1.610524548609,0.808653732024866
.,0,100,Initiation Zones,0,.,64_PP,27,early,12,ERD,+,_,1.35379944950295,1.65725475603423,0.816892782822694
.,0,100,Initiation Zones,0,.,64_PP,27,early,12,LRD,-,_,0.755334239116124,0.900989505046303,0.838338554317907
.,0,100,Initiation Zones,0,.,64_PP,27,early,12,LRD,+,_,0.722789056774145,0.776345645269634,0.931014505173288
.,0,100,Initiation Zones,0,.,64_PP,28,early,12,ERD,-,_,1.35651675383718,1.46013674444753,0.929034050403578
.,0,100,Initiation Zones,0,.,64_PP,28,early,12,ERD,+,_,1.44249503800363,1.57424408075876,0.916309647045566
.,0,100,Initiation Zones,0,.,64_PP,28,early,12,LRD,-,_,0.702214561123742,0.797761065677847,0.880231677547563
.,0,100,Initiation Zones,0,.,64_PP,28,early,12,LRD,+,_,0.751311693342832,0.787872346821633,0.953595714297765
.,0,100,Initiation Zones,0,.,64_PP,29,early,12,ERD,-,_,1.2248895736954,1.61687859126849,0.757564346704865
.,0,100,Initiation Zones,0,.,64_PP,29,early,12,ERD,+,_,1.36688904605385,1.56494070619279,0.873444623585283
.,0,100,Initiation Zones,0,.,64_PP,29,early,12,LRD,-,_,0.688867964513904,0.933679891525636,0.737798865292355
.,0,100,Initiation Zones,0,.,64_PP,29,early,12,LRD,+,_,0.690369978165029,0.782614890080598,0.882132434375137
.,0,100,Initiation Zones,0,.,64_PP,3,early,12,ERD,-,_,1.39482540633501,1.46514932462625,0.952002217719911
.,0,100,Initiation Zones,0,.,64_PP,3,early,12,ERD,+,_,1.37745213614935,1.52074650881965,0.905773663237587
.,0,100,Initiation Zones,0,.,64_PP,3,early,12,LRD,-,_,0.741489186007694,0.723963378318289,1.02420814120476
.,0,100,Initiation Zones,0,.,64_PP,3,early,12,LRD,+,_,0.840614778217902,0.71622199978498,1.17367908060666
.,0,100,Initiation Zones,0,.,64_PP,30,early,12,ERD,-,_,1.32265315459579,1.51786826953428,0.871388631769487
.,0,100,Initiation Zones,0,.,64_PP,30,early,12,ERD,+,_,1.52981701013662,1.40582417063328,1.08819939370333
.,0,100,Initiation Zones,0,.,64_PP,30,early,12,LRD,-,_,0.822177430892784,0.836247028136122,0.983175309723136
.,0,100,Initiation Zones,0,.,64_PP,30,early,12,LRD,+,_,0.7728342931056,0.830306836144626,0.930781561060139
.,0,100,Initiation Zones,0,.,64_PP,31,early,12,ERD,-,_,1.3312310709394,1.67941250210386,0.792676646905817
.,0,100,Initiation Zones,0,.,64_PP,31,early,12,ERD,+,_,1.24626417878113,1.44342524627935,0.86340749685068
.,0,100,Initiation Zones,0,.,64_PP,31,early,12,LRD,-,_,0.721958598089859,0.741813690264968,0.973234395056774
.,0,100,Initiation Zones,0,.,64_PP,31,early,12,LRD,+,_,0.748761191007501,0.871876600763475,0.858792620827115
.,0,100,Initiation Zones,0,.,64_PP,32,early,12,ERD,-,_,1.41522504664704,1.46008046553754,0.969278803498011
.,0,100,Initiation Zones,0,.,64_PP,32,early,12,ERD,+,_,1.39285926867738,1.46294099764469,0.952095314110314
.,0,100,Initiation Zones,0,.,64_PP,32,early,12,LRD,-,_,0.638934547515168,0.836078599731663,0.764203924990105
.,0,100,Initiation Zones,0,.,64_PP,32,early,12,LRD,+,_,0.773308917340784,0.765418232229227,1.01030898504805
.,0,100,Initiation Zones,0,.,64_PP,33,early,12,ERD,-,_,1.42846411540458,1.43779514319232,0.993510182704457
.,0,100,Initiation Zones,0,.,64_PP,33,early,12,ERD,+,_,1.30546770649837,1.48602846223436,0.878494416274838
.,0,100,Initiation Zones,0,.,64_PP,33,early,12,LRD,-,_,0.83381990585692,0.783682929224708,1.06397609895856
.,0,100,Initiation Zones,0,.,64_PP,33,early,12,LRD,+,_,0.741075440044466,0.940270979225915,0.788150922890934
.,0,100,Initiation Zones,0,.,64_PP,34,early,12,ERD,-,_,1.30430487613884,1.4611472522294,0.892658063140966
.,0,100,Initiation Zones,0,.,64_PP,34,early,12,ERD,+,_,1.46953130945397,1.53777544609963,0.955621520151889
.,0,100,Initiation Zones,0,.,64_PP,34,early,12,LRD,-,_,0.69671529046434,0.902615839892957,0.771884626517262
.,0,100,Initiation Zones,0,.,64_PP,34,early,12,LRD,+,_,0.761297248021194,0.884773433755538,0.860443158639797
.,0,100,Initiation Zones,0,.,64_PP,35,early,12,ERD,-,_,1.26310973523031,1.66445673227967,0.758872075635354
.,0,100,Initiation Zones,0,.,64_PP,35,early,12,ERD,+,_,1.27349524141213,1.69400887487019,0.751764208738109
.,0,100,Initiation Zones,0,.,64_PP,35,early,12,LRD,-,_,0.77323315473499,0.856811453987941,0.902454269414881
.,0,100,Initiation Zones,0,.,64_PP,35,early,12,LRD,+,_,0.774128100515933,0.81979339744124,0.944296578786998
.,0,100,Initiation Zones,0,.,64_PP,36,early,12,ERD,-,_,1.23860496082549,1.49113755792182,0.830644332070694
.,0,100,Initiation Zones,0,.,64_PP,36,early,12,ERD,+,_,1.36494717905177,1.71736257151682,0.794792667366809
.,0,100,Initiation Zones,0,.,64_PP,36,early,12,LRD,-,_,0.921505065356423,0.755188586043774,1.2202317174627
.,0,100,Initiation Zones,0,.,64_PP,36,early,12,LRD,+,_,0.674738763825652,0.869519925763548,0.775989996127054
.,0,100,Initiation Zones,0,.,64_PP,37,early,12,ERD,-,_,1.40045533683173,1.40967356171518,0.993460737908546
.,0,100,Initiation Zones,0,.,64_PP,37,early,12,ERD,+,_,1.37573622434546,1.6180389366357,0.850249146170705
.,0,100,Initiation Zones,0,.,64_PP,37,early,12,LRD,-,_,0.759880344064719,0.756302601706227,1.00473056994703
.,0,100,Initiation Zones,0,.,64_PP,37,early,12,LRD,+,_,0.828223799106203,0.791634578312451,1.04621983652072
.,0,100,Initiation Zones,0,.,64_PP,38,early,12,ERD,-,_,1.49390924866911,1.78260857177837,0.838046709928451
.,0,100,Initiation Zones,0,.,64_PP,38,early,12,ERD,+,_,1.44026607679804,1.67976167651001,0.857422869528991
.,0,100,Initiation Zones,0,.,64_PP,38,early,12,LRD,-,_,0.725772820884852,0.82739785323521,0.877175131705993
.,0,100,Initiation Zones,0,.,64_PP,38,early,12,LRD,+,_,0.7251935780999,0.759568367545364,0.954744311487654
.,0,100,Initiation Zones,0,.,64_PP,39,early,12,ERD,-,_,1.41961432550495,1.50449198456004,0.943583840973465
.,0,100,Initiation Zones,0,.,64_PP,39,early,12,ERD,+,_,1.2458061524582,1.47754288573782,0.843160739687159
.,0,100,Initiation Zones,0,.,64_PP,39,early,12,LRD,-,_,0.779592534166634,0.86349317190998,0.902835783220191
.,0,100,Initiation Zones,0,.,64_PP,39,early,12,LRD,+,_,0.734882609069164,0.884927690869118,0.830443681050834
.,0,100,Initiation Zones,0,.,64_PP,4,early,12,ERD,-,_,1.48155374473522,1.63094779180658,0.908400472521638
.,0,100,Initiation Zones,0,.,64_PP,4,early,12,ERD,+,_,1.37414625102259,1.49982895560566,0.916201974822976
.,0,100,Initiation Zones,0,.,64_PP,4,early,12,LRD,-,_,0.74904462016402,0.751942959532872,0.996145532939555
.,0,100,Initiation Zones,0,.,64_PP,4,early,12,LRD,+,_,0.716281165532325,0.800976745316775,0.894259627037044
.,0,100,Initiation Zones,0,.,64_PP,40,early,12,ERD,-,_,1.36288319888471,1.42335574752351,0.957514100923811
.,0,100,Initiation Zones,0,.,64_PP,40,early,12,ERD,+,_,1.2659110666638,1.39459958095049,0.907723682091611
.,0,100,Initiation Zones,0,.,64_PP,40,early,12,LRD,-,_,0.682735079484672,0.701112952392529,0.973787571823993
.,0,100,Initiation Zones,0,.,64_PP,40,early,12,LRD,+,_,0.686121958562543,0.841421545662926,0.815431886786274
.,0,100,Initiation Zones,0,.,64_PP,41,early,12,ERD,-,_,1.4299624688182,1.55750645657442,0.918110138665658
.,0,100,Initiation Zones,0,.,64_PP,41,early,12,ERD,+,_,1.35451111312292,1.71519186873025,0.789714047633436
.,0,100,Initiation Zones,0,.,64_PP,41,early,12,LRD,-,_,0.681410179021474,0.81466865549313,0.836426164707426
.,0,100,Initiation Zones,0,.,64_PP,41,early,12,LRD,+,_,0.583913767246304,0.827739753174564,0.705431586445941
.,0,100,Initiation Zones,0,.,64_PP,42,early,12,ERD,-,_,1.38809176644236,1.67845205036583,0.82700710225223
.,0,100,Initiation Zones,0,.,64_PP,42,early,12,ERD,+,_,1.25574828208259,1.58101219486385,0.794268561723987
.,0,100,Initiation Zones,0,.,64_PP,42,early,12,LRD,-,_,0.677362087951441,0.776144666977723,0.8727265892183
.,0,100,Initiation Zones,0,.,64_PP,42,early,12,LRD,+,_,0.652896718737023,0.843945810299915,0.77362398245096
.,0,100,Initiation Zones,0,.,64_PP,43,early,12,ERD,-,_,1.34590407230943,1.63308329795066,0.824149064532345
.,0,100,Initiation Zones,0,.,64_PP,43,early,12,ERD,+,_,1.36316391835212,1.52079562730497,0.896349183202086
.,0,100,Initiation Zones,0,.,64_PP,43,early,12,LRD,-,_,0.699155235766826,0.789459918273723,0.885612074259118
.,0,100,Initiation Zones,0,.,64_PP,43,early,12,LRD,+,_,0.683777807140649,0.823243723140976,0.830589760869098
.,0,100,Initiation Zones,0,.,64_PP,44,early,12,ERD,-,_,1.34279762766242,1.66875961978296,0.804668097036687
.,0,100,Initiation Zones,0,.,64_PP,44,early,12,ERD,+,_,1.37595998566412,1.65248130688095,0.832662965647239
.,0,100,Initiation Zones,0,.,64_PP,44,early,12,LRD,-,_,0.655619601177691,0.871148498685679,0.752592241353614
.,0,100,Initiation Zones,0,.,64_PP,44,early,12,LRD,+,_,0.631877150065797,0.886497699894868,0.712779232411695
.,0,100,Initiation Zones,0,.,64_PP,45,early,12,ERD,-,_,1.29147224573878,1.49870576368804,0.861725014362194
.,0,100,Initiation Zones,0,.,64_PP,45,early,12,ERD,+,_,1.36270643063583,1.5824584086634,0.861132541099024
.,0,100,Initiation Zones,0,.,64_PP,45,early,12,LRD,-,_,0.669052541166125,0.861587847170549,0.776534329451478
.,0,100,Initiation Zones,0,.,64_PP,45,early,12,LRD,+,_,0.705129726339513,0.966363083585397,0.729673699582297
.,0,100,Initiation Zones,0,.,64_PP,46,early,12,ERD,-,_,1.41223083479835,1.62200066428764,0.870672167954124
.,0,100,Initiation Zones,0,.,64_PP,46,early,12,ERD,+,_,1.30267073466129,1.53360336161252,0.849418283285185
.,0,100,Initiation Zones,0,.,64_PP,46,early,12,LRD,-,_,0.679411250570454,0.785610082869796,0.864819921975285
.,0,100,Initiation Zones,0,.,64_PP,46,early,12,LRD,+,_,0.741763422867244,0.760224571032838,0.97571619115058
.,0,100,Initiation Zones,0,.,64_PP,47,early,12,ERD,-,_,1.43517133128155,1.63142773642191,0.879702667326965
.,0,100,Initiation Zones,0,.,64_PP,47,early,12,ERD,+,_,1.23963541420388,1.38477265563324,0.895190563708097
.,0,100,Initiation Zones,0,.,64_PP,47,early,12,LRD,-,_,0.597775923606956,0.736650991912639,0.811477796364452
.,0,100,Initiation Zones,0,.,64_PP,47,early,12,LRD,+,_,0.758815676549684,0.800451629443534,0.947984423589974
.,0,100,Initiation Zones,0,.,64_PP,48,early,12,ERD,-,_,1.53697336231989,1.53508708089596,1.00122877812432
.,0,100,Initiation Zones,0,.,64_PP,48,early,12,ERD,+,_,1.29269733433748,1.4317743760302,0.902863856190572
.,0,100,Initiation Zones,0,.,64_PP,48,early,12,LRD,-,_,0.71098692583698,0.773670719908248,0.918978717355747
.,0,100,Initiation Zones,0,.,64_PP,48,early,12,LRD,+,_,0.71236706080264,0.821281225748756,0.867385054556897
.,0,100,Initiation Zones,0,.,64_PP,49,early,12,ERD,-,_,1.35717030558853,1.66972562422516,0.81281037189468
.,0,100,Initiation Zones,0,.,64_PP,49,early,12,ERD,+,_,1.38043822119974,1.47103661595369,0.938411869717317
.,0,100,Initiation Zones,0,.,64_PP,49,early,12,LRD,-,_,0.660936260608561,0.829375011741643,0.7969088183892
.,0,100,Initiation Zones,0,.,64_PP,49,early,12,LRD,+,_,0.666140483133038,0.727521940124248,0.915629407711434
.,0,100,Initiation Zones,0,.,64_PP,5,early,12,ERD,-,_,1.44732016140658,1.57822185910897,0.917057480260543
.,0,100,Initiation Zones,0,.,64_PP,5,early,12,ERD,+,_,1.47491774940404,1.55411932432851,0.94903764872836
.,0,100,Initiation Zones,0,.,64_PP,5,early,12,LRD,-,_,0.75783066682086,0.781229571769421,0.970048618493071
.,0,100,Initiation Zones,0,.,64_PP,5,early,12,LRD,+,_,0.784805729488567,0.828994659655878,0.94669576015646
.,0,100,Initiation Zones,0,.,64_PP,50,early,12,ERD,-,_,1.39609488414269,1.83934629420706,0.759016879279137
.,0,100,Initiation Zones,0,.,64_PP,50,early,12,ERD,+,_,1.4893583191847,1.50708840474729,0.988235537141196
.,0,100,Initiation Zones,0,.,64_PP,50,early,12,LRD,-,_,0.596181854477337,0.846301032389431,0.704456017020431
.,0,100,Initiation Zones,0,.,64_PP,50,early,12,LRD,+,_,0.680759978468973,0.88125215137478,0.772491706723174
.,0,100,Initiation Zones,0,.,64_PP,51,early,12,ERD,-,_,1.42673269544144,1.55850197098388,0.915451325698837
.,0,100,Initiation Zones,0,.,64_PP,51,early,12,ERD,+,_,1.54145747120698,1.68414906711735,0.915273773149661
.,0,100,Initiation Zones,0,.,64_PP,51,early,12,LRD,-,_,0.80528495905063,0.736659382875174,1.09315781183376
.,0,100,Initiation Zones,0,.,64_PP,51,early,12,LRD,+,_,0.729287893600802,0.801637181287518,0.909748088816795
.,0,100,Initiation Zones,0,.,64_PP,52,early,12,ERD,-,_,1.26690349244365,1.61532488178863,0.784302592454851
.,0,100,Initiation Zones,0,.,64_PP,52,early,12,ERD,+,_,1.42871099530248,1.47297035922395,0.969952305119844
.,0,100,Initiation Zones,0,.,64_PP,52,early,12,LRD,-,_,0.78820315688895,0.83395058581521,0.945143717500311
.,0,100,Initiation Zones,0,.,64_PP,52,early,12,LRD,+,_,0.799857139425209,0.766016758240707,1.04417707683344
.,0,100,Initiation Zones,0,.,64_PP,53,early,12,ERD,-,_,1.35731393537116,1.48012660804166,0.917025562540897
.,0,100,Initiation Zones,0,.,64_PP,53,early,12,ERD,+,_,1.30507183691749,1.69146010182731,0.771565250346491
.,0,100,Initiation Zones,0,.,64_PP,53,early,12,LRD,-,_,0.646302043591504,0.901515088868697,0.716906518339634
.,0,100,Initiation Zones,0,.,64_PP,53,early,12,LRD,+,_,0.636040385288767,0.781929002873561,0.813424726479438
.,0,100,Initiation Zones,0,.,64_PP,54,early,12,ERD,-,_,1.44709523809592,1.69055691303028,0.855987294448452
.,0,100,Initiation Zones,0,.,64_PP,54,early,12,ERD,+,_,1.41374965491634,1.53573637901787,0.920567927042568
.,0,100,Initiation Zones,0,.,64_PP,54,early,12,LRD,-,_,0.57723030103688,0.824775574801271,0.699863476408069
.,0,100,Initiation Zones,0,.,64_PP,54,early,12,LRD,+,_,0.600535738582057,0.81903114019876,0.733226991145076
.,0,100,Initiation Zones,0,.,64_PP,55,early,12,ERD,-,_,1.41433658442598,1.80662031953959,0.782863211007398
.,0,100,Initiation Zones,0,.,64_PP,55,early,12,ERD,+,_,1.41205621943733,1.59448137670393,0.8855896594768
.,0,100,Initiation Zones,0,.,64_PP,55,early,12,LRD,-,_,0.660589312440263,0.711181930992583,0.928861214905012
.,0,100,Initiation Zones,0,.,64_PP,55,early,12,LRD,+,_,0.736847143833862,0.79175106825393,0.930655067455546
.,0,100,Initiation Zones,0,.,64_PP,56,early,12,ERD,-,_,1.42227641889467,1.76110379428004,0.80760510738444
.,0,100,Initiation Zones,0,.,64_PP,56,early,12,ERD,+,_,1.43783792933037,1.66728891506517,0.862380788559472
.,0,100,Initiation Zones,0,.,64_PP,56,early,12,LRD,-,_,0.787372770082282,0.723154572902475,1.08880286398807
.,0,100,Initiation Zones,0,.,64_PP,56,early,12,LRD,+,_,0.704557107586449,0.851503858597814,0.8274267937513
.,0,100,Initiation Zones,0,.,64_PP,57,early,12,ERD,-,_,1.44879246932921,1.69782039483865,0.853324929853311
.,0,100,Initiation Zones,0,.,64_PP,57,early,12,ERD,+,_,1.35628431890776,1.6708275693201,0.811744038590208
.,0,100,Initiation Zones,0,.,64_PP,57,early,12,LRD,-,_,0.639821538498711,0.855813537083692,0.747617922332702
.,0,100,Initiation Zones,0,.,64_PP,57,early,12,LRD,+,_,0.726195785251111,0.738252034776899,0.983669195670511
.,0,100,Initiation Zones,0,.,64_PP,58,early,12,ERD,-,_,1.48194834709994,1.66072421773409,0.892350657186134
.,0,100,Initiation Zones,0,.,64_PP,58,early,12,ERD,+,_,1.39158007550912,1.75254090740638,0.794035716728889
.,0,100,Initiation Zones,0,.,64_PP,58,early,12,LRD,-,_,0.681232728454021,0.832442145515522,0.818354443157298
.,0,100,Initiation Zones,0,.,64_PP,58,early,12,LRD,+,_,0.710282483978537,0.808474818196385,0.878546205759501
.,0,100,Initiation Zones,0,.,64_PP,59,early,12,ERD,-,_,1.53524564472067,1.57559242314489,0.974392629825115
.,0,100,Initiation Zones,0,.,64_PP,59,early,12,ERD,+,_,1.27638126739411,1.63648176189288,0.779954471302965
.,0,100,Initiation Zones,0,.,64_PP,59,early,12,LRD,-,_,0.559754164988444,0.786346680855898,0.711841454432262
.,0,100,Initiation Zones,0,.,64_PP,59,early,12,LRD,+,_,0.664154470637625,0.790566977009693,0.840098928935507
.,0,100,Initiation Zones,0,.,64_PP,6,early,12,ERD,-,_,1.34549524659068,1.50253231135326,0.895485066393583
.,0,100,Initiation Zones,0,.,64_PP,6,early,12,ERD,+,_,1.28940289551903,1.64100574224983,0.785739417188907
.,0,100,Initiation Zones,0,.,64_PP,6,early,12,LRD,-,_,0.794206350961591,0.914899960790908,0.868079992346944
.,0,100,Initiation Zones,0,.,64_PP,6,early,12,LRD,+,_,0.836795613414842,0.906926840919311,0.922671571354774
.,0,100,Initiation Zones,0,.,64_PP,60,early,12,ERD,-,_,1.40016212962882,1.6260795738426,0.861066181601484
.,0,100,Initiation Zones,0,.,64_PP,60,early,12,ERD,+,_,1.3995744547423,1.44579715782854,0.968029607171407
.,0,100,Initiation Zones,0,.,64_PP,60,early,12,LRD,-,_,0.793009273699248,0.911585935196241,0.869922673311687
.,0,100,Initiation Zones,0,.,64_PP,60,early,12,LRD,+,_,0.668277931669877,0.858932391081811,0.778033217292216
.,0,100,Initiation Zones,0,.,64_PP,61,early,12,ERD,-,_,1.28755717894635,1.67067727606712,0.770679770049511
.,0,100,Initiation Zones,0,.,64_PP,61,early,12,ERD,+,_,1.25513438645928,1.52837162889567,0.82122329591147
.,0,100,Initiation Zones,0,.,64_PP,61,early,12,LRD,-,_,0.745011640615931,0.887671869033802,0.839287203532594
.,0,100,Initiation Zones,0,.,64_PP,61,early,12,LRD,+,_,0.671293305928878,0.758197305510084,0.885380759137966
.,0,100,Initiation Zones,0,.,64_PP,62,early,12,ERD,-,_,1.32449362599222,1.66017653977289,0.797802880754726
.,0,100,Initiation Zones,0,.,64_PP,62,early,12,ERD,+,_,1.50047434633068,1.48771575312853,1.00857596162124
.,0,100,Initiation Zones,0,.,64_PP,62,early,12,LRD,-,_,0.736085233862007,0.98799841934229,0.745026732281635
.,0,100,Initiation Zones,0,.,64_PP,62,early,12,LRD,+,_,0.771206862400779,0.7894063955674,0.976945292983673
.,0,100,Initiation Zones,0,.,64_PP,63,early,12,ERD,-,_,1.40408659526777,1.71593546033126,0.818263056931468
.,0,100,Initiation Zones,0,.,64_PP,63,early,12,ERD,+,_,1.26390720224313,1.63029170256955,0.775264451294855
.,0,100,Initiation Zones,0,.,64_PP,63,early,12,LRD,-,_,0.59330706765468,0.825248767902132,0.71894329410867
.,0,100,Initiation Zones,0,.,64_PP,63,early,12,LRD,+,_,0.826297602942007,0.80479043601629,1.02672393453403
.,0,100,Initiation Zones,0,.,64_PP,64,early,12,ERD,-,_,1.45423254509876,1.48635133926899,0.978390846550435
.,0,100,Initiation Zones,0,.,64_PP,64,early,12,ERD,+,_,1.31559320336309,1.53379756390443,0.85773588009497
.,0,100,Initiation Zones,0,.,64_PP,64,early,12,LRD,-,_,0.695238751853002,0.773443836999185,0.898887183005292
.,0,100,Initiation Zones,0,.,64_PP,64,early,12,LRD,+,_,0.638260719609055,0.747395110552874,0.853980325261844
.,0,100,Initiation Zones,0,.,64_PP,65,early,12,ERD,-,_,1.35816142422564,1.62601349856379,0.835270694508538
.,0,100,Initiation Zones,0,.,64_PP,65,early,12,ERD,+,_,1.28464160538715,1.68333201481068,0.763154026706745
.,0,100,Initiation Zones,0,.,64_PP,65,early,12,LRD,-,_,0.667490281482326,0.804809169935515,0.829377082688817
.,0,100,Initiation Zones,0,.,64_PP,65,early,12,LRD,+,_,0.661234419190693,0.905194742292651,0.730488576983929
.,0,100,Initiation Zones,0,.,64_PP,66,early,12,ERD,-,_,1.34396833178418,1.54694468560116,0.868788874155447
.,0,100,Initiation Zones,0,.,64_PP,66,early,12,ERD,+,_,1.29087636284198,1.56541258071946,0.824623730983875
.,0,100,Initiation Zones,0,.,64_PP,66,early,12,LRD,-,_,0.689162821191013,0.84012705097729,0.820307857471479
.,0,100,Initiation Zones,0,.,64_PP,66,early,12,LRD,+,_,0.669347125294584,0.87286481500263,0.766839393443265
.,0,100,Initiation Zones,0,.,64_PP,67,early,12,ERD,-,_,1.23286003985691,1.54192975343372,0.799556553799848
.,0,100,Initiation Zones,0,.,64_PP,67,early,12,ERD,+,_,1.34342853241286,1.61130332606634,0.833752720968166
.,0,100,Initiation Zones,0,.,64_PP,67,early,12,LRD,-,_,0.649469076879843,0.932601044065672,0.69640612243847
.,0,100,Initiation Zones,0,.,64_PP,67,early,12,LRD,+,_,0.701664958626206,0.760846286779335,0.922216446105503
.,0,100,Initiation Zones,0,.,64_PP,68,early,12,ERD,-,_,1.44630558820318,1.66308745303112,0.869650952851078
.,0,100,Initiation Zones,0,.,64_PP,68,early,12,ERD,+,_,1.38015981349126,1.62999211672377,0.84672790704371
.,0,100,Initiation Zones,0,.,64_PP,68,early,12,LRD,-,_,0.632340427368804,0.916774519734415,0.689744766850621
.,0,100,Initiation Zones,0,.,64_PP,68,early,12,LRD,+,_,0.608016786008869,0.769360576621852,0.790288460943217
.,0,100,Initiation Zones,0,.,64_PP,69,early,12,ERD,-,_,1.37291152284271,1.67830132730097,0.818036368386017
.,0,100,Initiation Zones,0,.,64_PP,69,early,12,ERD,+,_,1.33071257043678,1.6312492062993,0.815762892204359
.,0,100,Initiation Zones,0,.,64_PP,69,early,12,LRD,-,_,0.696030221348839,0.746829082686942,0.931980606385415
.,0,100,Initiation Zones,0,.,64_PP,69,early,12,LRD,+,_,0.574967627228836,0.878138122200944,0.654757620347641
.,0,100,Initiation Zones,0,.,64_PP,7,early,12,ERD,-,_,1.37347048356346,1.46177870341986,0.939588516613489
.,0,100,Initiation Zones,0,.,64_PP,7,early,12,ERD,+,_,1.32066801035015,1.52458641864273,0.866246736951707
.,0,100,Initiation Zones,0,.,64_PP,7,early,12,LRD,-,_,0.828056125495695,0.796610956370644,1.03947368395272
.,0,100,Initiation Zones,0,.,64_PP,7,early,12,LRD,+,_,0.817479274144825,0.899209742383927,0.909108560120331
.,0,100,Initiation Zones,0,.,64_PP,70,early,12,ERD,-,_,1.31720873718557,1.71067192513046,0.769994946333803
.,0,100,Initiation Zones,0,.,64_PP,70,early,12,ERD,+,_,1.30136410320002,1.64018192620549,0.793426681764921
.,0,100,Initiation Zones,0,.,64_PP,70,early,12,LRD,-,_,0.659493201855461,0.927207231196542,0.711268397901081
.,0,100,Initiation Zones,0,.,64_PP,70,early,12,LRD,+,_,0.587319723208332,0.856609935588163,0.685632630218173
.,0,100,Initiation Zones,0,.,64_PP,71,early,12,ERD,-,_,1.36501928156954,1.52696182085306,0.893944604853937
.,0,100,Initiation Zones,0,.,64_PP,71,early,12,ERD,+,_,1.31797188064538,1.41396200801331,0.932112654495715
.,0,100,Initiation Zones,0,.,64_PP,71,early,12,LRD,-,_,0.773627046729191,0.848458889499379,0.911802629807625
.,0,100,Initiation Zones,0,.,64_PP,71,early,12,LRD,+,_,0.667298422644734,0.772492541146967,0.863825068982485
.,0,100,Initiation Zones,0,.,64_PP,72,early,12,ERD,-,_,1.44462789753651,1.54640930641902,0.934182102720137
.,0,100,Initiation Zones,0,.,64_PP,72,early,12,ERD,+,_,1.25368161297037,1.50180869919347,0.83478116330239
.,0,100,Initiation Zones,0,.,64_PP,72,early,12,LRD,-,_,0.611023035487442,0.823704514968183,0.741798817881973
.,0,100,Initiation Zones,0,.,64_PP,72,early,12,LRD,+,_,0.562223910789452,0.876901783989029,0.641148097831314
.,0,100,Initiation Zones,0,.,64_PP,73,early,12,ERD,-,_,1.39969520139528,1.48326330019116,0.943659295834325
.,0,100,Initiation Zones,0,.,64_PP,73,early,12,ERD,+,_,1.34104597262309,1.56247436343328,0.858283504681868
.,0,100,Initiation Zones,0,.,64_PP,73,early,12,LRD,-,_,0.610978522342682,0.854846632366314,0.714722968085425
.,0,100,Initiation Zones,0,.,64_PP,73,early,12,LRD,+,_,0.653364116835447,0.747043028464252,0.874600380353744
.,0,100,Initiation Zones,0,.,64_PP,74,early,12,ERD,-,_,1.29490518631756,1.61739000499738,0.800614064830739
.,0,100,Initiation Zones,0,.,64_PP,74,early,12,ERD,+,_,1.50855732408233,1.57852816651047,0.955673364649032
.,0,100,Initiation Zones,0,.,64_PP,74,early,12,LRD,-,_,0.632320850871873,0.883709697300604,0.715530057894999
.,0,100,Initiation Zones,0,.,64_PP,74,early,12,LRD,+,_,0.602481919216351,0.66295577205931,0.908781467193337
.,0,100,Initiation Zones,0,.,64_PP,75,early,12,ERD,-,_,1.37836473383789,1.58851106424349,0.867708613974509
.,0,100,Initiation Zones,0,.,64_PP,75,early,12,ERD,+,_,1.44319595881899,1.71521338847583,0.841408986494349
.,0,100,Initiation Zones,0,.,64_PP,75,early,12,LRD,-,_,0.579514890889022,0.796518890291504,0.727559506689083
.,0,100,Initiation Zones,0,.,64_PP,75,early,12,LRD,+,_,0.632306207035586,0.761817825870657,0.829996602288669
.,0,100,Initiation Zones,0,.,64_PP,76,early,12,ERD,-,_,1.41442388534945,1.57797408760982,0.896354316877218
.,0,100,Initiation Zones,0,.,64_PP,76,early,12,ERD,+,_,1.28911118252906,1.5547007466644,0.829169977112851
.,0,100,Initiation Zones,0,.,64_PP,76,early,12,LRD,-,_,0.71641204095084,1.02435021303641,0.699381941677179
.,0,100,Initiation Zones,0,.,64_PP,76,early,12,LRD,+,_,0.648560865314136,0.886204642803994,0.731840969893882
.,0,100,Initiation Zones,0,.,64_PP,77,early,12,ERD,-,_,1.38001017834045,1.58990327376518,0.867983732791707
.,0,100,Initiation Zones,0,.,64_PP,77,early,12,ERD,+,_,1.34636359241731,1.61778307058052,0.83222751980844
.,0,100,Initiation Zones,0,.,64_PP,77,early,12,LRD,-,_,0.635505161586336,0.996266084032021,0.637886977959103
.,0,100,Initiation Zones,0,.,64_PP,77,early,12,LRD,+,_,0.580788644566183,0.796791913836541,0.72890880853659
.,0,100,Initiation Zones,0,.,64_PP,78,early,12,ERD,-,_,1.40615172406341,1.74086687337572,0.807730760788582
.,0,100,Initiation Zones,0,.,64_PP,78,early,12,ERD,+,_,1.45278040196823,1.49767368989646,0.970024653413434
.,0,100,Initiation Zones,0,.,64_PP,78,early,12,LRD,-,_,0.688739425186297,0.827491291727953,0.832322263776436
.,0,100,Initiation Zones,0,.,64_PP,78,early,12,LRD,+,_,0.656203923546148,0.784041641086643,0.836950346969686
.,0,100,Initiation Zones,0,.,64_PP,79,early,12,ERD,-,_,1.40451216927962,1.5642286687282,0.897894404672665
.,0,100,Initiation Zones,0,.,64_PP,79,early,12,ERD,+,_,1.37131263519965,1.52979426884951,0.896403302798983
.,0,100,Initiation Zones,0,.,64_PP,79,early,12,LRD,-,_,0.689412195176453,0.893504260436624,0.77158243749119
.,0,100,Initiation Zones,0,.,64_PP,79,early,12,LRD,+,_,0.624090901653051,0.896448899371949,0.696181234747779
.,0,100,Initiation Zones,0,.,64_PP,8,early,12,ERD,-,_,1.28775595133444,1.66656895655598,0.772698871095997
.,0,100,Initiation Zones,0,.,64_PP,8,early,12,ERD,+,_,1.31800271472456,1.53800988508076,0.856953344389821
.,0,100,Initiation Zones,0,.,64_PP,8,early,12,LRD,-,_,0.773730091209755,0.777238077694569,0.99548659981351
.,0,100,Initiation Zones,0,.,64_PP,8,early,12,LRD,+,_,0.919570349703775,0.827214394731167,1.11164693888411
.,0,100,Initiation Zones,0,.,64_PP,80,early,12,ERD,-,_,1.20856416886517,1.53467428697165,0.78750532222053
.,0,100,Initiation Zones,0,.,64_PP,80,early,12,ERD,+,_,1.3382914767873,1.45640119730097,0.91890303253489
.,0,100,Initiation Zones,0,.,64_PP,80,early,12,LRD,-,_,0.628463759708793,0.941087990445771,0.6678055251891
.,0,100,Initiation Zones,0,.,64_PP,80,early,12,LRD,+,_,0.654783351686393,0.80249374672836,0.815935768167467
.,0,100,Initiation Zones,0,.,64_PP,81,early,12,ERD,-,_,1.39212952529756,1.70712126240624,0.815483677671091
.,0,100,Initiation Zones,0,.,64_PP,81,early,12,ERD,+,_,1.31461592924637,1.52636724638676,0.861271055414974
.,0,100,Initiation Zones,0,.,64_PP,81,early,12,LRD,-,_,0.606736922839154,0.770822852227605,0.787128872847688
.,0,100,Initiation Zones,0,.,64_PP,81,early,12,LRD,+,_,0.703080800044179,0.849108972929773,0.828021870524183
.,0,100,Initiation Zones,0,.,64_PP,82,early,12,ERD,-,_,1.38142104645527,1.62611154161026,0.849524163076358
.,0,100,Initiation Zones,0,.,64_PP,82,early,12,ERD,+,_,1.25518284749046,1.48064568810027,0.847726675988848
.,0,100,Initiation Zones,0,.,64_PP,82,early,12,LRD,-,_,0.636505327090878,0.868873191672659,0.732564122349716
.,0,100,Initiation Zones,0,.,64_PP,82,early,12,LRD,+,_,0.622368334276176,0.75177437877877,0.827865848909603
.,0,100,Initiation Zones,0,.,64_PP,83,early,12,ERD,-,_,1.5221580327229,1.5312877723784,0.994037868113242
.,0,100,Initiation Zones,0,.,64_PP,83,early,12,ERD,+,_,1.43124811235263,1.59945397535436,0.894835446600168
.,0,100,Initiation Zones,0,.,64_PP,83,early,12,LRD,-,_,0.71595662475462,0.745845720332601,0.959925900540594
.,0,100,Initiation Zones,0,.,64_PP,83,early,12,LRD,+,_,0.617761926978884,0.807132511375355,0.765378569531559
.,0,100,Initiation Zones,0,.,64_PP,84,early,12,ERD,-,_,1.26311901734183,1.76820128635441,0.714352504485543
.,0,100,Initiation Zones,0,.,64_PP,84,early,12,ERD,+,_,1.34630974002771,1.53688643008801,0.875998195878803
.,0,100,Initiation Zones,0,.,64_PP,84,early,12,LRD,-,_,0.672331438980199,0.855813537083692,0.785605052791365
.,0,100,Initiation Zones,0,.,64_PP,84,early,12,LRD,+,_,0.581191558541193,0.876509412523745,0.663075091079467
.,0,100,Initiation Zones,0,.,64_PP,85,early,12,ERD,-,_,1.55261748610519,1.49407868171226,1.03918053654701
.,0,100,Initiation Zones,0,.,64_PP,85,early,12,ERD,+,_,1.36804933173144,1.52809686663285,0.895263488594098
.,0,100,Initiation Zones,0,.,64_PP,85,early,12,LRD,-,_,0.672724739106498,0.884917490091134,0.760211823858535
.,0,100,Initiation Zones,0,.,64_PP,85,early,12,LRD,+,_,0.689792193630457,0.732877172858541,0.941211186780407
.,0,100,Initiation Zones,0,.,64_PP,86,early,12,ERD,-,_,1.56880513916913,1.58665227639562,0.9887517022526
.,0,100,Initiation Zones,0,.,64_PP,86,early,12,ERD,+,_,1.33853225348173,1.49655084293702,0.894411479435489
.,0,100,Initiation Zones,0,.,64_PP,86,early,12,LRD,-,_,0.659973091066718,0.875621721316719,0.753719414445637
.,0,100,Initiation Zones,0,.,64_PP,86,early,12,LRD,+,_,0.665667371994449,0.749865466987995,0.887715732087589
.,0,100,Initiation Zones,0,.,64_PP,87,early,12,ERD,-,_,1.43608319210678,1.61211387218091,0.890807539646074
.,0,100,Initiation Zones,0,.,64_PP,87,early,12,ERD,+,_,1.49394379671321,1.64675714301081,0.907203471412784
.,0,100,Initiation Zones,0,.,64_PP,87,early,12,LRD,-,_,0.621056878374255,0.795005929175913,0.781197794358628
.,0,100,Initiation Zones,0,.,64_PP,87,early,12,LRD,+,_,0.684492215193035,0.845909715081238,0.809178808316795
.,0,100,Initiation Zones,0,.,64_PP,88,early,12,ERD,-,_,1.50498615873229,1.70362292523796,0.883403326192073
.,0,100,Initiation Zones,0,.,64_PP,88,early,12,ERD,+,_,1.408913142939,1.47921222716786,0.952475322379224
.,0,100,Initiation Zones,0,.,64_PP,88,early,12,LRD,-,_,0.674225330357608,0.832125840967983,0.810244433189702
.,0,100,Initiation Zones,0,.,64_PP,88,early,12,LRD,+,_,0.694073908494075,0.663285882345582,1.04641743020312
.,0,100,Initiation Zones,0,.,64_PP,89,early,12,ERD,-,_,1.37351525220171,1.56844155035945,0.875719756268212
.,0,100,Initiation Zones,0,.,64_PP,89,early,12,ERD,+,_,1.47084339098027,1.71300788744902,0.858632001496865
.,0,100,Initiation Zones,0,.,64_PP,89,early,12,LRD,-,_,0.548428627068508,0.819761741519804,0.669009785760122
.,0,100,Initiation Zones,0,.,64_PP,89,early,12,LRD,+,_,0.595821817648282,0.875563376680027,0.680501073386061
.,0,100,Initiation Zones,0,.,64_PP,9,early,12,ERD,-,_,1.41872525135846,1.56897652706225,0.904236122649253
.,0,100,Initiation Zones,0,.,64_PP,9,early,12,ERD,+,_,1.40874300489493,1.56291870263344,0.901353987588264
.,0,100,Initiation Zones,0,.,64_PP,9,early,12,LRD,-,_,0.752590678296854,0.934248298330293,0.8055574515275
.,0,100,Initiation Zones,0,.,64_PP,9,early,12,LRD,+,_,0.810144936612444,0.862257186024631,0.939562986244921
.,0,100,Initiation Zones,0,.,64_PP,90,early,12,ERD,-,_,1.38067212225648,1.68471621307444,0.819528008065457
.,0,100,Initiation Zones,0,.,64_PP,90,early,12,ERD,+,_,1.3090946740432,1.65608407500763,0.790475975102394
.,0,100,Initiation Zones,0,.,64_PP,90,early,12,LRD,-,_,0.626108002175524,0.87049822105014,0.719252477529717
.,0,100,Initiation Zones,0,.,64_PP,90,early,12,LRD,+,_,0.656396118562468,0.829232438275643,0.791570720421187
.,0,100,Initiation Zones,0,.,64_PP,91,early,12,ERD,-,_,1.47188481891819,1.41471217354651,1.04041291680438
.,0,100,Initiation Zones,0,.,64_PP,91,early,12,ERD,+,_,1.52486032954961,1.72615524885581,0.883385391065124
.,0,100,Initiation Zones,0,.,64_PP,91,early,12,LRD,-,_,0.704595636397735,0.817104865587308,0.862307478601654
.,0,100,Initiation Zones,0,.,64_PP,91,early,12,LRD,+,_,0.706311919809578,0.780969500284742,0.90440397422954
.,0,100,Initiation Zones,0,.,64_PP,92,early,12,ERD,-,_,1.29939538835067,1.56239092505307,0.831671105812737
.,0,100,Initiation Zones,0,.,64_PP,92,early,12,ERD,+,_,1.44734307364318,1.49752173436786,0.966492198695294
.,0,100,Initiation Zones,0,.,64_PP,92,early,12,LRD,-,_,0.603862806385836,0.849279449353827,0.711029575536396
.,0,100,Initiation Zones,0,.,64_PP,92,early,12,LRD,+,_,0.719507921540538,0.770447091908631,0.93388362302478
.,0,100,Initiation Zones,0,.,64_PP,93,early,12,ERD,-,_,1.24649416439763,1.60504258010016,0.776611274898294
.,0,100,Initiation Zones,0,.,64_PP,93,early,12,ERD,+,_,1.29131155490317,1.41986616057773,0.909460053881242
.,0,100,Initiation Zones,0,.,64_PP,93,early,12,LRD,-,_,0.631514078618068,0.802566855230123,0.78686787836135
.,0,100,Initiation Zones,0,.,64_PP,93,early,12,LRD,+,_,0.690700761362587,0.810103967106144,0.852607553361219
.,0,100,Initiation Zones,0,.,64_PP,94,early,12,ERD,-,_,1.50028206522524,1.62470851180732,0.923416141616895
.,0,100,Initiation Zones,0,.,64_PP,94,early,12,ERD,+,_,1.36144181644455,1.59885108191118,0.85151258415959
.,0,100,Initiation Zones,0,.,64_PP,94,early,12,LRD,-,_,0.747572249818623,0.801397647442533,0.932835593171903
.,0,100,Initiation Zones,0,.,64_PP,94,early,12,LRD,+,_,0.653891182776224,0.853895098535098,0.765774606152452
.,0,100,Initiation Zones,0,.,64_PP,95,early,12,ERD,-,_,1.34357148292935,1.59555887845101,0.842069509984933
.,0,100,Initiation Zones,0,.,64_PP,95,early,12,ERD,+,_,1.4437407929119,1.42968736919833,1.00982971803231
.,0,100,Initiation Zones,0,.,64_PP,95,early,12,LRD,-,_,0.606438630671235,0.895394913173813,0.677286213880371
.,0,100,Initiation Zones,0,.,64_PP,95,early,12,LRD,+,_,0.699582431577362,0.80522834137819,0.868800060340636
.,0,100,Initiation Zones,0,.,64_PP,96,early,12,ERD,-,_,1.42798987113028,1.46718829598113,0.973283303200949
.,0,100,Initiation Zones,0,.,64_PP,96,early,12,ERD,+,_,1.52141539585541,1.5085541946093,1.00852551488841
.,0,100,Initiation Zones,0,.,64_PP,96,early,12,LRD,-,_,0.707774263328853,0.776828559581343,0.911107418231758
.,0,100,Initiation Zones,0,.,64_PP,96,early,12,LRD,+,_,0.599023054102002,0.737993676347713,0.811691310237957
.,0,100,Initiation Zones,0,.,64_PP,97,early,12,ERD,-,_,1.32967885500384,1.62161382892769,0.819972567626106
.,0,100,Initiation Zones,0,.,64_PP,97,early,12,ERD,+,_,1.32360726205862,1.59384185614259,0.830450811012082
.,0,100,Initiation Zones,0,.,64_PP,97,early,12,LRD,-,_,0.68680138835964,0.954276810793583,0.719708768557932
.,0,100,Initiation Zones,0,.,64_PP,97,early,12,LRD,+,_,0.679602985084514,0.778221724143003,0.873276810452586
.,0,100,Initiation Zones,0,.,64_PP,98,early,12,ERD,-,_,1.4699283459442,1.64867176419386,0.891583381160738
.,0,100,Initiation Zones,0,.,64_PP,98,early,12,ERD,+,_,1.23604585966676,1.67422343788145,0.738280107481261
.,0,100,Initiation Zones,0,.,64_PP,98,early,12,LRD,-,_,0.731366738773148,0.794908739670436,0.920063778738133
.,0,100,Initiation Zones,0,.,64_PP,98,early,12,LRD,+,_,0.556776749217229,0.844165645103327,0.659558645210062
.,0,100,Initiation Zones,0,.,64_PP,99,early,12,ERD,-,_,1.27780132034529,1.64798513805098,0.77537187128793
.,0,100,Initiation Zones,0,.,64_PP,99,early,12,ERD,+,_,1.2071363388533,1.54420493689795,0.781720295026537
.,0,100,Initiation Zones,0,.,64_PP,99,early,12,LRD,-,_,0.685528468202549,0.851756371515087,0.804841021597695
.,0,100,Initiation Zones,0,.,64_PP,99,early,12,LRD,+,_,0.605471903927102,0.941790955524675,0.642894158597851
